,tour_name,result_code,series_id,end_date,event_sub_status,start_date,event_status,winning_margin,venue_id,sport,venue_name,game_id,event_stage,event_name,league_code,series_name,tour_id,venue_gmt_offset,team1_name,team1_score,team1_highlight,team2_name,team2_score,team2_highlight,winner,team1_player1_name,team1_player1_id,team1_player1_value,team1_player1_type,team1_player2_name,team1_player2_id,team1_player2_value,team1_player2_type,team1_player3_name,team1_player3_id,team1_player3_value,team1_player3_type,team1_player4_name,team1_player4_id,team1_player4_value,team1_player4_type,team1_player5_name,team1_player5_id,team1_player5_value,team1_player5_type,team2_player1_name,team2_player1_id,team2_player1_value,team2_player1_type,team2_player2_name,team2_player2_id,team2_player2_value,team2_player2_type,team2_player3_name,team2_player3_id,team2_player3_value,team2_player3_type,team2_player4_name,team2_player4_id,team2_player4_value,team2_player4_type,team2_player5_name,team2_player5_id,team2_player5_value,team2_player5_type,win_by_coin_toss,extra_time,golden_raid
0,"Pro Kabaddi League Season 8, 2021",W,20,2021-12-22 19:30+05:30,U Mumba won by 16 Pts,2021-12-22 19:30+05:30,Match Completed,16,1029,kabaddi,"Sheraton Grand, Whitefield, Bengaluru",2700,League,Match 1,pkl,"Pro Kabaddi League Season 8, 2021",20,+05:30,Bengaluru Bulls,30,false,U Mumba,46,true,U Mumba,Pawan Kumar,318,12,Raider,Chandran Ranjit,36,13,Raider,Mahender Singh,769,0,Defender - Left Cover,Saurabh Nandal,3228,0,Defender - Right Corner,Aman ,4972,0,Defender - Left Corner,Fazel Atrachali,259,2,Defender,Ashish Kumar,202,3,All-Rounder,Mohsen Maghsoudlou,567,2,All-Rounder,Abhishek Singh,2028,19,Raider,V Ajith Kumar,3053,6,Raider,,False,False
1,"Pro Kabaddi League Season 8, 2021",T,20,2021-12-22 20:30+05:30,Match Tied,2021-12-22 20:30+05:30,Match Completed,,1029,kabaddi,"Sheraton Grand, Whitefield, Bengaluru",2701,League,Match 2,pkl,"Pro Kabaddi League Season 8, 2021",20,+05:30,Telugu Titans,40,false,Tamil Thalaivas,40,false,Tie,Surinder Singh,3086,1,Defender,Ruturaj Koravi,2023,3,Defender,Ankit Beniwal,2322,1,Raider,Adarsh T,3095,2,Defender - Left Corner,Rakesh Gowda,3046,3,Raider,K.Prapanjan ,219,6,Raider,Surjeet Singh,322,4,Defender - Right Cover,Ajinkya Ashok Pawar,3097,0,Raider,Sagar ,3236,2,Defender - Right Corner,Mohit ,4964,4,Defender - Left Cover,,False,False
2,"Pro Kabaddi League Season 8, 2021",W,20,2021-12-22 21:30+05:30,Bengal Warriors won by 5 Pts,2021-12-22 21:30+05:30,Match Completed,5,1029,kabaddi,"Sheraton Grand, Whitefield, Bengaluru",2702,League,Match 3,pkl,"Pro Kabaddi League Season 8, 2021",20,+05:30,Bengal Warriors,38,true,U.P. Yoddhas,33,false,Bengal Warriors,Abozar Mighani,489,0,Defender - Right Corner,Rinku Narwal,3084,1,Defender - Left Corner,Parveen Satpal,3100,1,Defender - Left Corner,Mohammad Nabibakhsh,3176,11,All-Rounder,,,,,Pardeep Narwal,197,8,Raider,Nitesh Kumar,3088,3,Defender,Sumit ,3240,1,Defender - Left Corner,Ashu Singh,3239,3,Defender - Right Cover,Surender Gill,3241,5,Raider,,False,False
3,"Pro Kabaddi League Season 8, 2021",W,20,2021-12-23 19:30+05:30,Gujarat Giants won by 7 Pts,2021-12-23 19:30+05:30,Match Completed,7,1029,kabaddi,"Sheraton Grand, Whitefield, Bengaluru",2703,League,Match 4,pkl,"Pro Kabaddi League Season 8, 2021",20,+05:30,Gujarat Giants,34,true,Jaipur Pink Panthers,27,false,Gujarat Giants,Girish Maruti Ernak,161,7,Defender - Left Corner,Sunil Kumar,368,0,Defender,Rakesh Narwal,204,7,Raider,Ravinder Pahal,157,1,Defender - Right Corner,Parvesh Bhainswal,357,4,Defender - Left Cover,Deepak Hooda,41,4,All-Rounder,Sandeep Dhull,290,3,Defender - Left Corner,Amit Hooda,212,2,Defender - Right Corner,Vishal ,3159,1,Defender - Left Cover,Amit ,3001,1,Defender,,False,False
4,"Pro Kabaddi League Season 8, 2021",W,20,2021-12-23 20:30+05:30,Dabang Delhi K.C. won by 11 Pts,2021-12-23 20:30+05:30,Match Completed,11,1029,kabaddi,"Sheraton Grand, Whitefield, Bengaluru",2704,League,Match 5,pkl,"Pro Kabaddi League Season 8, 2021",20,+05:30,Dabang Delhi K.C.,41,true,Puneri Paltan,30,false,Dabang Delhi K.C.,Sandeep Narwal,142,3,All Rounder,Jeeva Kumar,54,1,Defender,Manjeet Chhillar,69,1,All Rounder,Joginder Narwal,194,2,Defender - Left Corner,Vijay Malik,3081,9,All-Rounder,Nitin Tomar,320,7,Raider,Sombir ,3000,2,Defender,Sanket Sawant,3234,0,Defender - Left Cover,Pankaj Mohite,3233,4,Raider,,,,,,False,False
5,"Pro Kabaddi League Season 8, 2021",W,20,2021-12-23 21:30+05:30,Patna Pirates won by 3 Pts,2021-12-23 21:30+05:30,Match Completed,3,1029,kabaddi,"Sheraton Grand, Whitefield, Bengaluru",2705,League,Match 6,pkl,"Pro Kabaddi League Season 8, 2021",20,+05:30,Haryana Steelers,39,false,Patna Pirates,42,true,Patna Pirates,Rohit Gulia,3023,10,All-Rounder,,,,,,,,,,,,,,,,,Monu Goyat,388,15,Raider,Sachin ,757,7,Raider,Neeraj Kumar,3107,0,Defender - Right Cover,Sunil ,3106,3,Defender - Right Corner,Guman Singh,3032,0,Raider,,False,False
6,"Pro Kabaddi League Season 8, 2021",W,20,2021-12-24 19:30+05:30,Dabang Delhi K.C. won by 9 Pts,2021-12-24 19:30+05:30,Match Completed,9,1029,kabaddi,"Sheraton Grand, Whitefield, Bengaluru",2706,League,Match 7,pkl,"Pro Kabaddi League Season 8, 2021",20,+05:30,U Mumba,22,false,Dabang Delhi K.C.,31,true,Dabang Delhi K.C.,Fazel Atrachali,259,0,Defender,Ashish Kumar,202,2,All-Rounder,Mohsen Maghsoudlou,567,3,All-Rounder,V Ajith Kumar,3053,7,Raider,Harendra Kumar,3138,0,Defender - Left Cover,Sandeep Narwal,142,1,All Rounder,Jeeva Kumar,54,2,Defender,Joginder Narwal,194,4,Defender - Left Corner,Vijay Malik,3081,2,All-Rounder,Naveen Kumar,2296,17,Raider,,False,False
7,"Pro Kabaddi League Season 8, 2021",W,20,2021-12-24 20:30+05:30,Bengaluru Bulls won by 8 Pts,2021-12-24 20:30+05:30,Match Completed,8,1029,kabaddi,"Sheraton Grand, Whitefield, Bengaluru",2707,League,Match 8,pkl,"Pro Kabaddi League Season 8, 2021",20,+05:30,Tamil Thalaivas,30,false,Bengaluru Bulls,38,true,Bengaluru Bulls,Mohit ,4964,2,Defender - Left Cover,Sahil Singh,4965,1,Defender - Left Corner,,,,,,,,,,,,,Pawan Kumar,318,9,Raider,Chandran Ranjit,36,7,Raider,Mahender Singh,769,1,Defender - Left Cover,Saurabh Nandal,3228,5,Defender - Right Corner,Mayur Kadam,4848,3,Defender - Right Cover,,False,False
8,"Pro Kabaddi League Season 8, 2021",W,20,2021-12-24 21:30+05:30,Bengal Warriors won by 3 Pts,2021-12-24 21:30+05:30,Match Completed,3,1029,kabaddi,"Sheraton Grand, Whitefield, Bengaluru",2708,League,Match 9,pkl,"Pro Kabaddi League Season 8, 2021",20,+05:30,Bengal Warriors,31,true,Gujarat Giants,28,false,Bengal Warriors,Vijin Thangadurai,185,1,Defender - Right Cover,Abozar Mighani,489,0,Defender - Right Corner,Darshan J.,724,1,Defender,Mohammad Nabibakhsh,3176,4,All-Rounder,Akash Pikalmunde,4675,4,Raider,Sunil Kumar,368,0,Defender,Rakesh Narwal,204,12,Raider,Ravinder Pahal,157,3,Defender - Right Corner,Parvesh Bhainswal,357,2,Defender - Left Cover,Rakesh ,3966,4,Raider,,False,False
9,"Pro Kabaddi League Season 8, 2021",W,20,2021-12-25 19:30+05:30,U.P. Yoddhas won by 1 Pts,2021-12-25 19:30+05:30,Match Completed,1,1029,kabaddi,"Sheraton Grand, Whitefield, Bengaluru",2709,League,Match 10,pkl,"Pro Kabaddi League Season 8, 2021",20,+05:30,Patna Pirates,35,false,U.P. Yoddhas,36,true,U.P. Yoddhas,Prashanth Rai,155,8,Raider,Monu Goyat,388,5,Raider,Sachin ,757,10,Raider,Neeraj Kumar,3107,1,Defender - Right Cover,Sunil ,3106,0,Defender - Right Corner,Sumit ,3240,6,Defender - Left Corner,Ashu Singh,3239,3,Defender - Right Cover,Rohit Tomar,4222,2,Raider,,,,,,,,,,False,False
10,"Pro Kabaddi League Season 8, 2021",W,20,2021-12-25 20:30+05:30,Puneri Paltan won by 1 Pts,2021-12-25 20:30+05:30,Match Completed,1,1029,kabaddi,"Sheraton Grand, Whitefield, Bengaluru",2710,League,Match 11,pkl,"Pro Kabaddi League Season 8, 2021",20,+05:30,Puneri Paltan,34,true,Telugu Titans,33,false,Puneri Paltan,Sombir ,3000,2,Defender,Vishal Bhardwaj,3083,3,Defender,Sanket Sawant,3234,0,Defender - Left Cover,Pankaj Mohite,3233,3,Raider,Mohit Goyat,4022,9,Raider,Surinder Singh,3086,2,Defender,Ruturaj Koravi,2023,2,Defender,Rakesh Gowda,3046,0,Raider,Sandeep Kandola,248,1,Defender - Left Corner,,,,,,False,False
11,"Pro Kabaddi League Season 8, 2021",W,20,2021-12-25 21:30+05:30,Jaipur Pink Panthers won by 2 Pts,2021-12-25 21:30+05:30,Match Completed,2,1029,kabaddi,"Sheraton Grand, Whitefield, Bengaluru",2711,League,Match 12,pkl,"Pro Kabaddi League Season 8, 2021",20,+05:30,Jaipur Pink Panthers,40,true,Haryana Steelers,38,false,Jaipur Pink Panthers,Deepak Hooda,41,10,All-Rounder,Amit ,3001,1,Defender,Arjun Deshwal,2024,18,Raider,,,,,,,,,Rajesh Narwal,86,0,All Rounder,Surender Nada,146,5,Defender - Left Corner,Ravi Kumar,240,0,Defender - Right Cover,Vikash Khandola,366,14,Raider,Rohit Gulia,3023,7,All-Rounder,,False,False
12,"Pro Kabaddi League Season 8, 2021",T,20,2021-12-26 19:30+05:30,Match Tied,2021-12-26 19:30+05:30,Match Completed,,1029,kabaddi,"Sheraton Grand, Whitefield, Bengaluru",2712,League,Match 13,pkl,"Pro Kabaddi League Season 8, 2021",20,+05:30,Gujarat Giants,24,false,Dabang Delhi K.C.,24,false,Tie,Sunil Kumar,368,4,Defender,Hadi Oshtorak,249,0,All Rounder,Rakesh Narwal,204,9,Raider,Parvesh Bhainswal,357,0,Defender - Left Cover,Sumit ,3226,0,Defender-Left Corner,Sandeep Narwal,142,2,All Rounder,Naveen Kumar,2296,11,Raider,Ashu Malik,4947,0,Raider,Krishan ,4949,1,Defender,,,,,,False,False
13,"Pro Kabaddi League Season 8, 2021",W,20,2021-12-26 20:30+05:30,Bengaluru Bulls won by 1 Pts,2021-12-26 20:30+05:30,Match Completed,1,1029,kabaddi,"Sheraton Grand, Whitefield, Bengaluru",2713,League,Match 14,pkl,"Pro Kabaddi League Season 8, 2021",20,+05:30,Bengaluru Bulls,36,true,Bengal Warriors,35,false,Bengaluru Bulls,Pawan Kumar,318,15,Raider,Chandran Ranjit,36,6,Raider,Dong Geon Lee,522,2,Raider,Ankit ,3099,0,Defender,Saurabh Nandal,3228,0,Defender - Right Corner,Abozar Mighani,489,1,Defender - Right Corner,Darshan J.,724,3,Defender,Sachin Vittala,232,1,Defender - Left Corner,Mohammad Nabibakhsh,3176,8,All-Rounder,Akash Pikalmunde,4675,0,Raider,,False,False
14,"Pro Kabaddi League Season 8, 2021",T,20,2021-12-27 19:30+05:30,Match Tied,2021-12-27 19:30+05:30,Match Completed,,1029,kabaddi,"Sheraton Grand, Whitefield, Bengaluru",2714,League,Match 15,pkl,"Pro Kabaddi League Season 8, 2021",20,+05:30,Tamil Thalaivas,28,false,U Mumba,29,false,Tie,Surjeet Singh,322,3,Defender - Right Cover,Manjeet ,763,8,Raider,Bhavani Rajput,660,2,Raider,Ajinkya Ashok Pawar,3097,1,Raider,Sagar ,3236,0,Defender - Right Corner,Fazel Atrachali,259,0,Defender,Ashish Kumar,202,0,All-Rounder,Abhishek Singh,2028,2,Raider,Prince ,4969,1,Defender - Left Cover,Rinku ,3964,2,Defender - Right Corner,,False,False
15,"Pro Kabaddi League Season 8, 2021",W,20,2021-12-27 20:30+05:30,Jaipur Pink Panthers won by 3 Pts,2021-12-27 20:30+05:30,Match Completed,3,1029,kabaddi,"Sheraton Grand, Whitefield, Bengaluru",2715,League,Match 16,pkl,"Pro Kabaddi League Season 8, 2021",20,+05:30,U.P. Yoddhas,29,false,Jaipur Pink Panthers,32,true,Jaipur Pink Panthers,Pardeep Narwal,197,3,Raider,Nitesh Kumar,3088,2,Defender,Ashu Singh,3239,0,Defender - Right Cover,Surender Gill,3241,10,Raider,Rohit Tomar,4222,7,Raider,Deepak Hooda,41,9,All-Rounder,Vishal ,3159,2,Defender - Left Cover,Amit ,3001,0,Defender,Arjun Deshwal,2024,11,Raider,,,,,,False,False
16,"Pro Kabaddi League Season 8, 2021",W,20,2021-12-28 19:30+05:30,Patna Pirates won by 12 Pts,2021-12-28 19:30+05:30,Match Completed,12,1029,kabaddi,"Sheraton Grand, Whitefield, Bengaluru",2716,League,Match 17,pkl,"Pro Kabaddi League Season 8, 2021",20,+05:30,Puneri Paltan,26,false,Patna Pirates,38,true,Patna Pirates,Sombir ,3000,5,Defender,Sanket Sawant,3234,0,Defender - Left Cover,Abinesh Nadarajan,4192,2,Defender - Right Cover,Aslam Inamdar,4960,6,All-rounder,,,,,Monu Goyat,388,3,Raider,Sachin ,757,10,Raider,Neeraj Kumar,3107,1,Defender - Right Cover,Shubham Shinde,3103,0,Defender - Right Corner,Sunil ,3106,4,Defender - Right Corner,,False,False
17,"Pro Kabaddi League Season 8, 2021",W,20,2021-12-28 20:30+05:30,Haryana Steelers won by 2 Pts,2021-12-28 20:30+05:30,Match Completed,2,1029,kabaddi,"Sheraton Grand, Whitefield, Bengaluru",2717,League,Match 18,pkl,"Pro Kabaddi League Season 8, 2021",20,+05:30,Telugu Titans,37,false,Haryana Steelers,39,true,Haryana Steelers,C.Arun ,191,2,Defender,Surinder Singh,3086,0,Defender,Ankit Beniwal,2322,9,Raider,Adarsh T,3095,3,Defender - Left Corner,Rakesh Gowda,3046,7,Raider,Surender Nada,146,3,Defender - Left Corner,Mohammad Esmaeil,3175,0,Raider,Mohit ,4954,3,Defender - Right Cover,,,,,,,,,,False,False
18,"Pro Kabaddi League Season 8, 2021",W,20,2021-12-29 19:30+05:30,Dabang Delhi K.C. won by 17 Pts,2021-12-29 19:30+05:30,Match Completed,17,1029,kabaddi,"Sheraton Grand, Whitefield, Bengaluru",2718,League,Match 19,pkl,"Pro Kabaddi League Season 8, 2021",20,+05:30,Dabang Delhi K.C.,52,true,Bengal Warriors,35,false,Dabang Delhi K.C.,Sandeep Narwal,142,1,All Rounder,Jeeva Kumar,54,3,Defender,Joginder Narwal,194,1,Defender - Left Corner,Vijay Malik,3081,10,All-Rounder,Naveen Kumar,2296,24,Raider,Maninder Singh,143,16,Raider,Sukesh Hegde,111,9,Raider,Darshan J.,724,1,Defender,Sachin Vittala,232,0,Defender - Left Corner,,,,,,False,False
19,"Pro Kabaddi League Season 8, 2021",T,20,2021-12-29 20:30+05:30,Match Tied,2021-12-29 20:30+05:30,Match Completed,,1029,kabaddi,"Sheraton Grand, Whitefield, Bengaluru",2719,League,Match 20,pkl,"Pro Kabaddi League Season 8, 2021",20,+05:30,U.P. Yoddhas,32,false,Gujarat Giants,32,false,Tie,Pardeep Narwal,197,11,Raider,Nitesh Kumar,3088,1,Defender,Gurdeep ,2041,0,All-Rounder,Sumit ,3240,3,Defender - Left Corner,Ashu Singh,3239,3,Defender - Right Cover,Girish Maruti Ernak,161,4,Defender - Left Corner,Sunil Kumar,368,0,Defender,Rakesh Narwal,204,13,Raider,Ravinder Pahal,157,0,Defender - Right Corner,,,,,,False,False
20,"Pro Kabaddi League Season 8, 2021",W,20,2021-12-30 19:30+05:30,U Mumba won by 9 Pts,2021-12-30 19:30+05:30,Match Completed,9,1029,kabaddi,"Sheraton Grand, Whitefield, Bengaluru",2720,League,Match 21,pkl,"Pro Kabaddi League Season 8, 2021",20,+05:30,Jaipur Pink Panthers,28,false,U Mumba,37,true,U Mumba,Vishal ,3159,3,Defender - Left Cover,Arjun Deshwal,2024,14,Raider,Sahul Kumar,4769,3,Defender - Right Corner,Deepak Singh,4956,2,Defender - Right Cover,,,,,Mohsen Maghsoudlou,567,2,All-Rounder,Abhishek Singh,2028,10,Raider,V Ajith Kumar,3053,11,Raider,Harendra Kumar,3138,2,Defender - Left Cover,Rinku ,3964,2,Defender - Right Corner,,False,False
21,"Pro Kabaddi League Season 8, 2021",W,20,2021-12-30 20:30+05:30,Bengaluru Bulls won by 14 Pts,2021-12-30 20:30+05:30,Match Completed,14,1029,kabaddi,"Sheraton Grand, Whitefield, Bengaluru",2721,League,Match 22,pkl,"Pro Kabaddi League Season 8, 2021",20,+05:30,Haryana Steelers,28,false,Bengaluru Bulls,42,true,Bengaluru Bulls,Surender Nada,146,2,Defender - Left Corner,Ravi Kumar,240,2,Defender - Right Cover,Jaideep ,4184,4,Defender - Left Cover,Mohit ,4954,1,Defender - Right Cover,,,,,Pawan Kumar,318,22,Raider,Mahender Singh,769,4,Defender - Left Cover,More G B,772,5,Raider,Rohit Kumar,4945,0,Defender,Aman ,4972,3,Defender - Left Corner,,False,False
22,"Pro Kabaddi League Season 8, 2021",W,20,2021-12-31 19:30+05:30,Tamil Thalaivas won by 10 Pts,2021-12-31 19:30+05:30,Match Completed,10,1029,kabaddi,"Sheraton Grand, Whitefield, Bengaluru",2722,League,Match 23,pkl,"Pro Kabaddi League Season 8, 2021",20,+05:30,Tamil Thalaivas,36,true,Puneri Paltan,26,false,Tamil Thalaivas,Surjeet Singh,322,3,Defender - Right Cover,Athul M S,376,0,Raider,Manjeet ,763,8,Raider,Ajinkya Ashok Pawar,3097,11,Raider,Sagar ,3236,2,Defender - Right Corner,Sombir ,3000,1,Defender,Vishal Bhardwaj,3083,4,Defender,Aslam Inamdar,4960,4,All-rounder,,,,,,,,,,False,False
23,"Pro Kabaddi League Season 8, 2021",W,20,2021-12-31 20:30+05:30,Patna Pirates won by 14 Pts,2021-12-31 20:30+05:30,Match Completed,14,1029,kabaddi,"Sheraton Grand, Whitefield, Bengaluru",2723,League,Match 24,pkl,"Pro Kabaddi League Season 8, 2021",20,+05:30,Patna Pirates,44,true,Bengal Warriors,30,false,Patna Pirates,Monu Goyat,388,15,Raider,Sachin ,757,9,Raider,Neeraj Kumar,3107,3,Defender - Right Cover,Sunil ,3106,4,Defender - Right Corner,Sajin Chandrasekar,3343,2,All-Rounder,Maninder Singh,143,12,Raider,Sukesh Hegde,111,3,Raider,Amit Nirwal,3126,5,Defender,Abozar Mighani,489,3,Defender - Right Corner,Darshan J.,724,1,Defender,,False,False
24,"Pro Kabaddi League Season 8, 2021",T,20,2022-01-01 19:30+05:30,Match Tied,2022-01-01 19:30+05:30,Match Completed,,1029,kabaddi,"Sheraton Grand, Whitefield, Bengaluru",2724,League,Match 25,pkl,"Pro Kabaddi League Season 8, 2021",20,+05:30,U Mumba,27,false,U.P. Yoddhas,25,false,Tie,Sunil Siddhgavali,613,0,Defender,Mohsen Maghsoudlou,567,3,All-Rounder,Abhishek Singh,2028,4,Raider,Harendra Kumar,3138,2,Defender - Left Cover,Rinku ,3964,4,Defender - Right Corner,Shrikant Jadhav,106,0,Raider,Nitesh Kumar,3088,1,Defender,Sumit ,3240,6,Defender - Left Corner,Shubham Kumar,4228,0,Defender - Left Cover,Ankit ,4801,2,Raider,,False,False
25,"Pro Kabaddi League Season 8, 2021",T,20,2022-01-01 20:30+05:30,Match Tied,2022-01-01 20:30+05:30,Match Completed,,1029,kabaddi,"Sheraton Grand, Whitefield, Bengaluru",2725,League,Match 26,pkl,"Pro Kabaddi League Season 8, 2021",20,+05:30,Bengaluru Bulls,34,false,Telugu Titans,34,false,Tie,Pawan Kumar,318,8,Raider,Chandran Ranjit,36,9,Raider,Mahender Singh,769,4,Defender - Left Cover,Dong Geon Lee,522,1,Raider,Saurabh Nandal,3228,4,Defender - Right Corner,Ruturaj Koravi,2023,1,Defender,Adarsh T,3095,5,Defender - Left Corner,Sandeep Kandola,248,4,Defender - Left Corner,Prince D,3969,1,Defender - Right Cover,,,,,,False,False
26,"Pro Kabaddi League Season 8, 2021",T,20,2022-01-01 21:30+05:30,Match Tied,2022-01-01 21:30+05:30,Match Completed,,1029,kabaddi,"Sheraton Grand, Whitefield, Bengaluru",2726,League,Match 27,pkl,"Pro Kabaddi League Season 8, 2021",20,+05:30,Dabang Delhi K.C.,30,false,Tamil Thalaivas,30,false,Tie,Sandeep Narwal,142,3,All Rounder,Jeeva Kumar,54,3,Defender,Vijay Malik,3081,1,All-Rounder,,,,,,,,,Surjeet Singh,322,2,Defender - Right Cover,Athul M S,376,3,Raider,Manjeet ,763,10,Raider,Ajinkya Ashok Pawar,3097,3,Raider,Sagar ,3236,6,Defender - Right Corner,,False,False
27,"Pro Kabaddi League Season 8, 2021",W,20,2022-01-02 19:30+05:30,Haryana Steelers won by 2 Pts,2022-01-02 19:30+05:30,Match Completed,2,1029,kabaddi,"Sheraton Grand, Whitefield, Bengaluru",2727,League,Match 28,pkl,"Pro Kabaddi League Season 8, 2021",20,+05:30,Gujarat Giants,36,false,Haryana Steelers,38,true,Haryana Steelers,Sunil Kumar,368,1,Defender,Parvesh Bhainswal,357,1,Defender - Left Cover,,,,,,,,,,,,,Surender Nada,146,3,Defender - Left Corner,Ravi Kumar,240,0,Defender - Right Cover,Vikash Khandola,366,11,Raider,Mohammad Esmaeil,3175,4,Raider,Meetu ,4183,10,Raider,,False,False
28,"Pro Kabaddi League Season 8, 2021",W,20,2022-01-02 20:30+05:30,Bengaluru Bulls won by 11 Pts,2022-01-02 20:30+05:30,Match Completed,11,1029,kabaddi,"Sheraton Grand, Whitefield, Bengaluru",2728,League,Match 29,pkl,"Pro Kabaddi League Season 8, 2021",20,+05:30,Puneri Paltan,29,false,Bengaluru Bulls,40,true,Bengaluru Bulls,Pawan Kadian,156,5,Raider,Vishal Bhardwaj,3083,4,Defender,Baldev Singh,621,2,Defender - Right Corner,Mohit Goyat,4022,6,Raider,Abinesh Nadarajan,4192,2,Defender - Right Cover,Chandran Ranjit,36,6,Raider,Mohit Sehrawat,3019,3,Defender,Saurabh Nandal,3228,4,Defender - Right Corner,Mayur Kadam,4848,0,Defender - Right Cover,Aman ,4972,4,Defender - Left Corner,,False,False
29,"Pro Kabaddi League Season 8, 2021",W,20,2022-01-03 19:30+05:30,Bengal Warriors won by 3 Pts,2022-01-03 19:30+05:30,Match Completed,3,1029,kabaddi,"Sheraton Grand, Whitefield, Bengaluru",2729,League,Match 30,pkl,"Pro Kabaddi League Season 8, 2021",20,+05:30,Bengal Warriors,31,true,Jaipur Pink Panthers,28,false,Bengal Warriors,Maninder Singh,143,13,Raider,Amit Nirwal,3126,1,Defender,Mohammad Nabibakhsh,3176,10,All-Rounder,,,,,,,,,Deepak Hooda,41,5,All-Rounder,Vishal ,3159,1,Defender - Left Cover,Nitin Rawal,3065,0,All-Rounder,Naveen ,2357,3,Raider,Sahul Kumar,4769,2,Defender - Right Corner,,False,False
30,"Pro Kabaddi League Season 8, 2021",W,20,2022-01-03 20:30+05:30,Patna Pirates won by 1 Pts,2022-01-03 20:30+05:30,Match Completed,1,1029,kabaddi,"Sheraton Grand, Whitefield, Bengaluru",2730,League,Match 31,pkl,"Pro Kabaddi League Season 8, 2021",20,+05:30,Telugu Titans,30,false,Patna Pirates,31,true,Patna Pirates,Surinder Singh,3086,2,Defender,Ruturaj Koravi,2023,4,Defender,Ankit Beniwal,2322,10,Raider,Adarsh T,3095,0,Defender - Left Corner,Rakesh Gowda,3046,7,Raider,Sachin ,757,6,Raider,Sajin Chandrasekar,3343,1,All-Rounder,,,,,,,,,,,,,,False,False
31,"Pro Kabaddi League Season 8, 2021",T,20,2022-01-04 19:30+05:30,Match Tied,2022-01-04 19:30+05:30,Match Completed,,1029,kabaddi,"Sheraton Grand, Whitefield, Bengaluru",2731,League,Match 32,pkl,"Pro Kabaddi League Season 8, 2021",20,+05:30,Haryana Steelers,24,false,U Mumba,24,false,Tie,Surender Nada,146,3,Defender - Left Corner,Ravi Kumar,240,1,Defender - Right Cover,Vikash Khandola,366,5,Raider,Rohit Gulia,3023,8,All-Rounder,Vinay ,3054,1,Raider,Abhishek Singh,2028,4,Raider,,,,,,,,,,,,,,,,,,False,False
32,"Pro Kabaddi League Season 8, 2021",W,20,2022-01-04 20:30+05:30,Tamil Thalaivas won by 6 Pts,2022-01-04 20:30+05:30,Match Completed,6,1029,kabaddi,"Sheraton Grand, Whitefield, Bengaluru",2732,League,Match 33,pkl,"Pro Kabaddi League Season 8, 2021",20,+05:30,U.P. Yoddhas,33,false,Tamil Thalaivas,39,true,Tamil Thalaivas,Pardeep Narwal,197,6,Raider,Nitesh Kumar,3088,0,Defender,Sumit ,3240,0,Defender - Left Corner,Ashu Singh,3239,2,Defender - Right Cover,Surender Gill,3241,14,Raider,Bhavani Rajput,660,4,Raider,Sagar ,3236,5,Defender - Right Corner,Mohit ,4964,1,Defender - Left Cover,,,,,,,,,,False,False
33,"Pro Kabaddi League Season 8, 2021",W,20,2022-01-05 19:30+05:30,Puneri Paltan won by 7 Pts,2022-01-05 19:30+05:30,Match Completed,7,1029,kabaddi,"Sheraton Grand, Whitefield, Bengaluru",2733,League,Match 34,pkl,"Pro Kabaddi League Season 8, 2021",20,+05:30,Puneri Paltan,33,true,Gujarat Giants,26,false,Puneri Paltan,Vishal Bhardwaj,3083,1,Defender,Baldev Singh,621,1,Defender - Right Corner,Mohit Goyat,4022,10,Raider,Abinesh Nadarajan,4192,1,Defender - Right Cover,Vishwas S,4757,3,Raider,Sunil Kumar,368,2,Defender,Parvesh Bhainswal,357,4,Defender - Left Cover,,,,,,,,,,,,,,False,False
34,"Pro Kabaddi League Season 8, 2021",W,20,2022-01-05 20:30+05:30,Dabang Delhi K.C. won by 1 Pts,2022-01-05 20:30+05:30,Match Completed,1,1029,kabaddi,"Sheraton Grand, Whitefield, Bengaluru",2734,League,Match 35,pkl,"Pro Kabaddi League Season 8, 2021",20,+05:30,Dabang Delhi K.C.,36,true,Telugu Titans,35,false,Dabang Delhi K.C.,Sandeep Narwal,142,0,All Rounder,Jeeva Kumar,54,1,Defender,Manjeet Chhillar,69,2,All Rounder,Joginder Narwal,194,1,Defender - Left Corner,Ashu Malik,4947,1,Raider,Surinder Singh,3086,4,Defender,Ruturaj Koravi,2023,0,Defender,Ankit Beniwal,2322,3,Raider,Adarsh T,3095,0,Defender - Left Corner,Sandeep Kandola,248,1,Defender - Left Corner,,False,False
35,"Pro Kabaddi League Season 8, 2021",T,20,2022-01-06 19:30+05:30,Match Tied,2022-01-06 19:30+05:30,Match Completed,,1029,kabaddi,"Sheraton Grand, Whitefield, Bengaluru",2735,League,Match 36,pkl,"Pro Kabaddi League Season 8, 2021",20,+05:30,Patna Pirates,30,false,Tamil Thalaivas,30,false,Tie,Monu Goyat,388,9,Raider,Sachin ,757,2,Raider,Monu ,3082,0,Raider,Shubham Shinde,3103,0,Defender - Right Corner,Sajin Chandrasekar,3343,0,All-Rounder,Surjeet Singh,322,4,Defender - Right Cover,Sagar B Krishna,347,3,All Rounder,Athul M S,376,6,Raider,Bhavani Rajput,660,2,Raider,Sagar ,3236,1,Defender - Right Corner,,False,False
36,"Pro Kabaddi League Season 8, 2021",W,20,2022-01-06 20:30+05:30,Bengaluru Bulls won by 7 Pts,2022-01-06 20:30+05:30,Match Completed,7,1029,kabaddi,"Sheraton Grand, Whitefield, Bengaluru",2736,League,Match 37,pkl,"Pro Kabaddi League Season 8, 2021",20,+05:30,Bengaluru Bulls,38,true,Jaipur Pink Panthers,31,false,Bengaluru Bulls,Deepak Narwal,211,4,Raider,Mahender Singh,769,1,Defender - Left Cover,Amit Sheoran,3115,2,Defender,More G B,772,3,Raider,Saurabh Nandal,3228,3,Defender - Right Corner,Dharmaraj Cheralathan,42,1,Defender,Deepak Hooda,41,5,All-Rounder,Arjun Deshwal,2024,13,Raider,Naveen ,2357,3,Raider,Sachin Narwal,3154,3,All-Rounder,,False,False
37,"Pro Kabaddi League Season 8, 2021",W,20,2022-01-07 19:30+05:30,Haryana Steelers won by 4 Pts,2022-01-07 19:30+05:30,Match Completed,4,1029,kabaddi,"Sheraton Grand, Whitefield, Bengaluru",2737,League,Match 38,pkl,"Pro Kabaddi League Season 8, 2021",20,+05:30,Bengal Warriors,37,false,Haryana Steelers,41,true,Haryana Steelers,Vijin Thangadurai,185,0,Defender - Right Cover,Amit Nirwal,3126,1,Defender,,,,,,,,,,,,,Surender Nada,146,3,Defender - Left Corner,Ravi Kumar,240,1,Defender - Right Cover,Vikash Khandola,366,9,Raider,Rohit Gulia,3023,4,All-Rounder,Meetu ,4183,10,Raider,,False,False
38,"Pro Kabaddi League Season 8, 2021",W,20,2022-01-07 20:30+05:30,Jaipur Pink Panthers won by 5 Pts,2022-01-07 20:30+05:30,Match Completed,5,1029,kabaddi,"Sheraton Grand, Whitefield, Bengaluru",2738,League,Match 39,pkl,"Pro Kabaddi League Season 8, 2021",20,+05:30,Jaipur Pink Panthers,31,true,Puneri Paltan,26,false,Jaipur Pink Panthers,Deepak Hooda,41,3,All-Rounder,Sandeep Dhull,290,4,Defender - Left Corner,Vishal ,3159,2,Defender - Left Cover,Amit ,3001,1,Defender,Naveen ,2357,1,Raider,Nitin Tomar,320,4,Raider,Vishal Bhardwaj,3083,2,Defender,Baldev Singh,621,1,Defender - Right Corner,Sanket Sawant,3234,2,Defender - Left Cover,Mohit Goyat,4022,3,Raider,,False,False
39,"Pro Kabaddi League Season 8, 2021",W,20,2022-01-08 19:30+05:30,Dabang Delhi K.C. won by 4 Pts,2022-01-08 19:30+05:30,Match Completed,4,1029,kabaddi,"Sheraton Grand, Whitefield, Bengaluru",2739,League,Match 40,pkl,"Pro Kabaddi League Season 8, 2021",20,+05:30,U.P. Yoddhas,33,false,Dabang Delhi K.C.,37,true,Dabang Delhi K.C.,Nitesh Kumar,3088,2,Defender,Sumit ,3240,1,Defender - Left Corner,Shubham Kumar,4228,3,Defender - Left Cover,Ankit ,4801,3,Raider,,,,,Sandeep Narwal,142,2,All Rounder,Manjeet Chhillar,69,4,All Rounder,Joginder Narwal,194,1,Defender - Left Corner,Vijay Malik,3081,7,All-Rounder,Naveen Kumar,2296,18,Raider,,False,False
40,"Pro Kabaddi League Season 8, 2021",W,20,2022-01-08 20:30+05:30,U Mumba won by 10 Pts,2022-01-08 20:30+05:30,Match Completed,10,1029,kabaddi,"Sheraton Grand, Whitefield, Bengaluru",2740,League,Match 41,pkl,"Pro Kabaddi League Season 8, 2021",20,+05:30,U Mumba,48,true,Telugu Titans,38,false,U Mumba,Fazel Atrachali,259,4,Defender,Ashish Kumar,202,2,All-Rounder,Mohsen Maghsoudlou,567,2,All-Rounder,Abhishek Singh,2028,13,Raider,Harendra Kumar,3138,4,Defender - Left Cover,Ruturaj Koravi,2023,4,Defender,Ankit Beniwal,2322,6,Raider,Adarsh T,3095,1,Defender - Left Corner,Muhammed Shihas,4966,5,Defender - Left Corner,,,,,,False,False
41,"Pro Kabaddi League Season 8, 2021",W,20,2022-01-08 21:30+05:30,Patna Pirates won by 1 Pts,2022-01-08 21:30+05:30,Match Completed,1,1029,kabaddi,"Sheraton Grand, Whitefield, Bengaluru",2741,League,Match 42,pkl,"Pro Kabaddi League Season 8, 2021",20,+05:30,Gujarat Giants,26,false,Patna Pirates,27,true,Patna Pirates,Sunil Kumar,368,0,Defender,Mahendra Rajput,163,7,Raider,Hadi Oshtorak,249,4,All Rounder,Rakesh Narwal,204,6,Raider,Parvesh Bhainswal,357,0,Defender - Left Cover,Monu Goyat,388,1,Raider,Mohammadreza Chiyaneh,4925,2,All-Rounder,,,,,,,,,,,,,,False,False
42,"Pro Kabaddi League Season 8, 2021",W,20,2022-01-09 19:30+05:30,Puneri Paltan won by 12 Pts,2022-01-09 19:30+05:30,Match Completed,12,1029,kabaddi,"Sheraton Grand, Whitefield, Bengaluru",2742,League,Match 43,pkl,"Pro Kabaddi League Season 8, 2021",20,+05:30,Puneri Paltan,39,true,Bengal Warriors,27,false,Puneri Paltan,Nitin Tomar,320,3,Raider,Vishal Bhardwaj,3083,2,Defender,Baldev Singh,621,0,Defender - Right Corner,Aslam Inamdar,4960,17,All-rounder,,,,,Maninder Singh,143,13,Raider,Vijin Thangadurai,185,0,Defender - Right Cover,Abozar Mighani,489,2,Defender - Right Corner,Parveen Satpal,3100,0,Defender - Left Corner,Mohammad Nabibakhsh,3176,4,All-Rounder,,False,False
43,"Pro Kabaddi League Season 8, 2021",W,20,2022-01-09 20:30+05:30,U.P. Yoddhas won by 15 Pts,2022-01-09 20:30+05:30,Match Completed,15,1029,kabaddi,"Sheraton Grand, Whitefield, Bengaluru",2743,League,Match 44,pkl,"Pro Kabaddi League Season 8, 2021",20,+05:30,Bengaluru Bulls,27,false,U.P. Yoddhas,42,true,U.P. Yoddhas,Pawan Kumar,318,5,Raider,More G B,772,2,Raider,Saurabh Nandal,3228,1,Defender - Right Corner,Aman ,4972,2,Defender - Left Corner,,,,,Shrikant Jadhav,106,15,Raider,Nitesh Kumar,3088,3,Defender,Mohammad Taghi Paein Mahali ,3177,5,Raider,Ashu Singh,3239,2,Defender - Right Cover,Surender Gill,3241,5,Raider,,False,False
44,"Pro Kabaddi League Season 8, 2021",W,20,2022-01-10 19:30+05:30,Tamil Thalaivas won by 19 Pts,2022-01-10 19:30+05:30,Match Completed,19,1029,kabaddi,"Sheraton Grand, Whitefield, Bengaluru",2744,League,Match 45,pkl,"Pro Kabaddi League Season 8, 2021",20,+05:30,Tamil Thalaivas,45,true,Haryana Steelers,26,false,Tamil Thalaivas,K.Prapanjan ,219,5,Raider,Surjeet Singh,322,8,Defender - Right Cover,Sagar ,3236,7,Defender - Right Corner,Anwar Baba,4921,0,All Rounder,Mohit ,4964,1,Defender - Left Cover,Rajesh Narwal,86,0,All Rounder,Surender Nada,146,0,Defender - Left Corner,Ravi Kumar,240,0,Defender - Right Cover,Vikash Khandola,366,9,Raider,Jaideep ,4184,4,Defender - Left Cover,,False,False
45,"Pro Kabaddi League Season 8, 2021",W,20,2022-01-10 20:30+05:30,Jaipur Pink Panthers won by 2 Pts,2022-01-10 20:30+05:30,Match Completed,2,1029,kabaddi,"Sheraton Grand, Whitefield, Bengaluru",2745,League,Match 46,pkl,"Pro Kabaddi League Season 8, 2021",20,+05:30,Jaipur Pink Panthers,30,true,Dabang Delhi K.C.,28,false,Jaipur Pink Panthers,Sandeep Dhull,290,3,Defender - Left Corner,Vishal ,3159,0,Defender - Left Cover,Amit ,3001,1,Defender,Arjun Deshwal,2024,7,Raider,Sahul Kumar,4769,8,Defender - Right Corner,Sandeep Narwal,142,3,All Rounder,Jeeva Kumar,54,0,Defender,Manjeet Chhillar,69,4,All Rounder,Joginder Narwal,194,0,Defender - Left Corner,Naveen Kumar,2296,7,Raider,,False,False
46,"Pro Kabaddi League Season 8, 2021",W,20,2022-01-11 19:30+05:30,Patna Pirates won by 17 Pts,2022-01-11 19:30+05:30,Match Completed,17,1029,kabaddi,"Sheraton Grand, Whitefield, Bengaluru",2746,League,Match 47,pkl,"Pro Kabaddi League Season 8, 2021",20,+05:30,Patna Pirates,40,true,U Mumba,23,false,Patna Pirates,Monu Goyat,388,3,Raider,Sachin ,757,7,Raider,Neeraj Kumar,3107,8,Defender - Right Cover,Monu ,3082,6,Raider,Sunil ,3106,1,Defender - Right Corner,Ashish Kumar,202,4,All-Rounder,Harendra Kumar,3138,1,Defender - Left Cover,,,,,,,,,,,,,,False,False
47,"Pro Kabaddi League Season 8, 2021",W,20,2022-01-11 20:30+05:30,Gujarat Giants won by 18 Pts,2022-01-11 20:30+05:30,Match Completed,18,1029,kabaddi,"Sheraton Grand, Whitefield, Bengaluru",2747,League,Match 48,pkl,"Pro Kabaddi League Season 8, 2021",20,+05:30,Telugu Titans,22,false,Gujarat Giants,40,true,Gujarat Giants,C.Arun ,191,0,Defender,Ankit Beniwal,2322,0,Raider,Rajnish ,2290,12,Raider,Adarsh T,3095,4,Defender - Left Corner,Akash Choudhary,3004,3,Defender - Right Corner,Mahendra Rajput,163,6,Raider,Hadi Oshtorak,249,0,All Rounder,Parvesh Bhainswal,357,5,Defender - Left Cover,Ankit ,3227,1,Defender - Right Corner,Sumit ,3226,2,Defender-Left Corner,,False,False
48,"Pro Kabaddi League Season 8, 2021",T,20,2022-01-12 19:30+05:30,Match Tied,2022-01-12 19:30+05:30,Match Completed,,1029,kabaddi,"Sheraton Grand, Whitefield, Bengaluru",2748,League,Match 49,pkl,"Pro Kabaddi League Season 8, 2021",20,+05:30,Haryana Steelers,36,false,U.P. Yoddhas,36,false,Tie,Ravi Kumar,240,1,Defender - Right Cover,Vikash Khandola,366,17,Raider,Meetu ,4183,6,Raider,Jaideep ,4184,3,Defender - Left Cover,Ankit ,4977,1,Defender - Right Corner,Shrikant Jadhav,106,5,Raider,Nitesh Kumar,3088,3,Defender,Gurdeep ,2041,0,All-Rounder,Ashu Singh,3239,2,Defender - Right Cover,Surender Gill,3241,14,Raider,,False,False
49,"Pro Kabaddi League Season 8, 2021",W,20,2022-01-12 20:30+05:30,Bengaluru Bulls won by 39 Pts,2022-01-12 20:30+05:30,Match Completed,39,1029,kabaddi,"Sheraton Grand, Whitefield, Bengaluru",2749,League,Match 50,pkl,"Pro Kabaddi League Season 8, 2021",20,+05:30,Dabang Delhi K.C.,22,false,Bengaluru Bulls,61,true,Bengaluru Bulls,Ajay Thakur,26,3,Raider,Sandeep Narwal,142,1,All Rounder,Manjeet Chhillar,69,2,All Rounder,Vijay Malik,3081,4,All-Rounder,Mohammad Malak,4941,1,Defender,Mahender Singh,769,3,Defender - Left Cover,Saurabh Nandal,3228,4,Defender - Right Corner,Mayur Kadam,4848,1,Defender - Right Cover,Aman ,4972,3,Defender - Left Corner,,,,,,False,False
50,"Pro Kabaddi League Season 8, 2021",W,20,2022-01-13 19:30+05:30,Bengal Warriors won by 9 Pts,2022-01-13 19:30+05:30,Match Completed,9,1029,kabaddi,"Sheraton Grand, Whitefield, Bengaluru",2750,League,Match 51,pkl,"Pro Kabaddi League Season 8, 2021",20,+05:30,Bengal Warriors,37,true,Tamil Thalaivas,28,false,Bengal Warriors,Maninder Singh,143,12,Raider,Ran Singh,160,4,All- Rounder,Amit Nirwal,3126,5,Defender,Abozar Mighani,489,1,Defender - Right Corner,Darshan J.,724,2,Defender,K.Prapanjan ,219,0,Raider,Surjeet Singh,322,5,Defender - Right Cover,Manjeet ,763,8,Raider,Sagar ,3236,3,Defender - Right Corner,Mohit ,4964,2,Defender - Left Cover,,False,False
51,"Pro Kabaddi League Season 8, 2021",W,20,2022-01-13 20:30+05:30,Puneri Paltan won by 19 Pts,2022-01-13 20:30+05:30,Match Completed,19,1029,kabaddi,"Sheraton Grand, Whitefield, Bengaluru",2751,League,Match 52,pkl,"Pro Kabaddi League Season 8, 2021",20,+05:30,U Mumba,21,false,Puneri Paltan,40,true,Puneri Paltan,Fazel Atrachali,259,1,Defender,Ashish Kumar,202,3,All-Rounder,Mohsen Maghsoudlou,567,3,All-Rounder,Rahul Sethpal,4186,5,Defender - Right Corner,,,,,Nitin Tomar,320,9,Raider,Sanket Sawant,3234,1,Defender - Left Cover,Mohit Goyat,4022,5,Raider,Abinesh Nadarajan,4192,4,Defender - Right Cover,Aslam Inamdar,4960,7,All-rounder,,False,False
52,"Pro Kabaddi League Season 8, 2021",W,20,2022-01-14 19:30+05:30,Jaipur Pink Panthers won by 10 Pts,2022-01-14 19:30+05:30,Match Completed,10,1029,kabaddi,"Sheraton Grand, Whitefield, Bengaluru",2752,League,Match 53,pkl,"Pro Kabaddi League Season 8, 2021",20,+05:30,Jaipur Pink Panthers,38,true,Patna Pirates,28,false,Jaipur Pink Panthers,Sandeep Dhull,290,0,Defender - Left Corner,Amit ,3001,1,Defender,Arjun Deshwal,2024,9,Raider,Pavan TR,3021,1,Defender,,,,,Prashanth Rai,155,6,Raider,Monu Goyat,388,7,Raider,Neeraj Kumar,3107,2,Defender - Right Cover,Monu ,3082,2,Raider,Shubham Shinde,3103,0,Defender - Right Corner,,False,False
53,"Pro Kabaddi League Season 8, 2021",W,20,2022-01-14 20:30+05:30,Bengaluru Bulls won by 9 Pts,2022-01-14 20:30+05:30,Match Completed,9,1029,kabaddi,"Sheraton Grand, Whitefield, Bengaluru",2753,League,Match 54,pkl,"Pro Kabaddi League Season 8, 2021",20,+05:30,Gujarat Giants,37,false,Bengaluru Bulls,46,true,Bengaluru Bulls,Sunil Kumar,368,4,Defender,Mahendra Rajput,163,1,Raider,Hadi Oshtorak,249,3,All Rounder,Parvesh Bhainswal,357,4,Defender - Left Cover,Ankit ,3227,2,Defender - Right Corner,Pawan Kumar,318,19,Raider,Mahender Singh,769,1,Defender - Left Cover,More G B,772,0,Raider,Saurabh Nandal,3228,3,Defender - Right Corner,Mayur Kadam,4848,1,Defender - Right Cover,,False,False
54,"Pro Kabaddi League Season 8, 2021",W,20,2022-01-15 19:30+05:30,Dabang Delhi K.C. won by 3 Pts,2022-01-15 19:30+05:30,Match Completed,3,1029,kabaddi,"Sheraton Grand, Whitefield, Bengaluru",2754,League,Match 55,pkl,"Pro Kabaddi League Season 8, 2021",20,+05:30,Haryana Steelers,25,false,Dabang Delhi K.C.,28,true,Dabang Delhi K.C.,Meetu ,4183,5,Raider,Jaideep ,4184,2,Defender - Left Cover,Mohit ,4954,1,Defender - Right Cover,,,,,,,,,Sandeep Narwal,142,1,All Rounder,Jeeva Kumar,54,1,Defender,Vijay Malik,3081,11,All-Rounder,Vikash D,4021,1,Defender,Ashu Malik,4947,3,Raider,,False,False
55,"Pro Kabaddi League Season 8, 2021",W,20,2022-01-15 20:30+05:30,U.P. Yoddhas won by 6 Pts,2022-01-15 20:30+05:30,Match Completed,6,1029,kabaddi,"Sheraton Grand, Whitefield, Bengaluru",2755,League,Match 56,pkl,"Pro Kabaddi League Season 8, 2021",20,+05:30,U.P. Yoddhas,39,true,Telugu Titans,33,false,U.P. Yoddhas,Pardeep Narwal,197,10,Raider,,,,,,,,,,,,,,,,,Rohit Kumar,326,1,Raider,Surinder Singh,3086,0,Defender,Ankit Beniwal,2322,9,Raider,Adarsh T,3095,3,Defender - Left Corner,Akash Choudhary,3004,1,Defender - Right Corner,,False,False
56,"Pro Kabaddi League Season 8, 2021",T,20,2022-01-15 21:30+05:30,Match Tied,2022-01-15 21:30+05:30,Match Completed,,1029,kabaddi,"Sheraton Grand, Whitefield, Bengaluru",2756,League,Match 57,pkl,"Pro Kabaddi League Season 8, 2021",20,+05:30,U Mumba,31,false,Bengal Warriors,32,false,Tie,Fazel Atrachali,259,3,Defender,Mohsen Maghsoudlou,567,0,All-Rounder,Abhishek Singh,2028,13,Raider,V Ajith Kumar,3053,5,Raider,Rinku ,3964,1,Defender - Right Corner,Ravindra Kumavat,3094,0,Raider,Abozar Mighani,489,3,Defender - Right Corner,,,,,,,,,,,,,,False,False
57,"Pro Kabaddi League Season 8, 2021",T,20,2022-01-16 19:30+05:30,Match Tied,2022-01-16 19:30+05:30,Match Completed,,1029,kabaddi,"Sheraton Grand, Whitefield, Bengaluru",2757,League,Match 58,pkl,"Pro Kabaddi League Season 8, 2021",20,+05:30,Tamil Thalaivas,31,false,Jaipur Pink Panthers,31,false,Tie,Surjeet Singh,322,5,Defender - Right Cover,Bhavani Rajput,660,2,Raider,Sagar ,3236,4,Defender - Right Corner,Mohit ,4964,0,Defender - Left Cover,Sahil Singh,4965,3,Defender - Left Corner,Deepak Hooda,41,3,All-Rounder,Sandeep Dhull,290,5,Defender - Left Corner,Naveen ,2357,6,Raider,Sahul Kumar,4769,1,Defender - Right Corner,,,,,,False,False
58,"Pro Kabaddi League Season 8, 2021",W,20,2022-01-16 20:30+05:30,Patna Pirates won by 7 Pts,2022-01-16 20:30+05:30,Match Completed,7,1029,kabaddi,"Sheraton Grand, Whitefield, Bengaluru",2758,League,Match 59,pkl,"Pro Kabaddi League Season 8, 2021",20,+05:30,Patna Pirates,38,true,Bengaluru Bulls,31,false,Patna Pirates,Prashanth Rai,155,2,Raider,Sachin ,757,8,Raider,Neeraj Kumar,3107,3,Defender - Right Cover,Sunil ,3106,9,Defender - Right Corner,Guman Singh,3032,7,Raider,Mahender Singh,769,6,Defender - Left Cover,Amit Sheoran,3115,0,Defender,Saurabh Nandal,3228,6,Defender - Right Corner,,,,,,,,,,False,False
59,"Pro Kabaddi League Season 8, 2021",W,20,2022-01-17 19:30+05:30,U.P. Yoddhas won by 10 Pts,2022-01-17 19:30+05:30,Match Completed,10,1029,kabaddi,"Sheraton Grand, Whitefield, Bengaluru",2759,League,Match 60,pkl,"Pro Kabaddi League Season 8, 2021",20,+05:30,Puneri Paltan,40,false,U.P. Yoddhas,50,true,U.P. Yoddhas,Nitin Tomar,320,0,Raider,Sombir ,3000,0,Defender,Vishal Bhardwaj,3083,2,Defender,Sanket Sawant,3234,2,Defender - Left Cover,Mohit Goyat,4022,13,Raider,Shrikant Jadhav,106,3,Raider,Surender Gill,3241,21,Raider,,,,,,,,,,,,,,False,False
60,"Pro Kabaddi League Season 8, 2021",W,20,2022-01-17 20:30+05:30,Bengal Warriors won by 1 Pts,2022-01-17 20:30+05:30,Match Completed,1,1029,kabaddi,"Sheraton Grand, Whitefield, Bengaluru",2760,League,Match 61,pkl,"Pro Kabaddi League Season 8, 2021",20,+05:30,Telugu Titans,27,false,Bengal Warriors,28,true,Bengal Warriors,Surinder Singh,3086,0,Defender,Ankit Beniwal,2322,4,Raider,Rajnish ,2290,11,Raider,Adarsh T,3095,1,Defender - Left Corner,Akash Choudhary,3004,3,Defender - Right Corner,Maninder Singh,143,10,Raider,Ran Singh,160,4,All- Rounder,Sukesh Hegde,111,5,Raider,Vijin Thangadurai,185,1,Defender - Right Cover,Amit Nirwal,3126,2,Defender,,False,False
61,"Pro Kabaddi League Season 8, 2021",W,20,2022-01-18 19:30+05:30,Dabang Delhi K.C. won by 3 Pts,2022-01-18 19:30+05:30,Match Completed,3,1029,kabaddi,"Sheraton Grand, Whitefield, Bengaluru",2761,League,Match 62,pkl,"Pro Kabaddi League Season 8, 2021",20,+05:30,Dabang Delhi K.C.,32,true,Patna Pirates,29,false,Dabang Delhi K.C.,Sandeep Narwal,142,8,All Rounder,Jeeva Kumar,54,2,Defender,Manjeet Chhillar,69,2,All Rounder,Mohammad Malak,4941,2,Defender,Krishan ,4949,2,Defender,Prashanth Rai,155,6,Raider,Neeraj Kumar,3107,4,Defender - Right Cover,Monu ,3082,1,Raider,Shubham Shinde,3103,1,Defender - Right Corner,Mohammadreza Chiyaneh,4925,3,All-Rounder,,False,False
62,"Pro Kabaddi League Season 8, 2021",T,20,2022-01-18 20:30+05:30,Match Tied,2022-01-18 20:30+05:30,Match Completed,,1029,kabaddi,"Sheraton Grand, Whitefield, Bengaluru",2762,League,Match 63,pkl,"Pro Kabaddi League Season 8, 2021",20,+05:30,Gujarat Giants,24,false,U Mumba,24,false,Tie,Girish Maruti Ernak,161,3,Defender - Left Corner,Hadi Oshtorak,249,1,All Rounder,Parvesh Bhainswal,357,2,Defender - Left Cover,Pardeep Kumar,4939,0,Raider,,,,,Fazel Atrachali,259,0,Defender,Mohsen Maghsoudlou,567,1,All-Rounder,Abhishek Singh,2028,4,Raider,Harendra Kumar,3138,2,Defender - Left Cover,Rinku ,3964,5,Defender - Right Corner,,False,False
63,"Pro Kabaddi League Season 8, 2021",W,20,2022-01-19 19:30+05:30,Haryana Steelers won by 7 Pts,2022-01-19 19:30+05:30,Match Completed,7,1029,kabaddi,"Sheraton Grand, Whitefield, Bengaluru",2763,League,Match 64,pkl,"Pro Kabaddi League Season 8, 2021",20,+05:30,Haryana Steelers,37,true,Puneri Paltan,30,false,Haryana Steelers,Vinay ,3054,1,Raider,Ashish ,3028,2,All-Rounder,Mohit ,4954,7,Defender - Right Cover,,,,,,,,,Nitin Tomar,320,5,Raider,Sombir ,3000,2,Defender,Karamvir ,3162,1,Defender,Sanket Sawant,3234,3,Defender - Left Cover,Vishwas S,4757,7,Raider,,False,False
64,"Pro Kabaddi League Season 8, 2021",W,20,2022-01-19 20:30+05:30,Telugu Titans won by 1 Pts,2022-01-19 20:30+05:30,Match Completed,1,1029,kabaddi,"Sheraton Grand, Whitefield, Bengaluru",2764,League,Match 65,pkl,"Pro Kabaddi League Season 8, 2021",20,+05:30,Jaipur Pink Panthers,34,false,Telugu Titans,35,true,Telugu Titans,Deepak Hooda,41,8,All-Rounder,Sandeep Dhull,290,2,Defender - Left Corner,Vishal ,3159,4,Defender - Left Cover,Amit ,3001,2,Defender,Arjun Deshwal,2024,13,Raider,Ankit Beniwal,2322,2,Raider,Rajnish ,2290,7,Raider,Adarsh T,3095,9,Defender - Left Corner,Akash Choudhary,3004,0,Defender - Right Corner,Sandeep Kandola,248,1,Defender - Left Corner,,False,False
65,"Pro Kabaddi League Season 8, 2021",W,20,2022-01-20 19:30+05:30,Gujarat Giants won by 2 Pts,2022-01-20 19:30+05:30,Match Completed,2,1029,kabaddi,"Sheraton Grand, Whitefield, Bengaluru",2765,League,Match 66,pkl,"Pro Kabaddi League Season 8, 2021",20,+05:30,Tamil Thalaivas,35,false,Gujarat Giants,37,true,Gujarat Giants,Surjeet Singh,322,1,Defender - Right Cover,Athul M S,376,1,Raider,Ajinkya Ashok Pawar,3097,10,Raider,Mohit ,4964,1,Defender - Left Cover,Sahil Singh,4965,0,Defender - Left Corner,Sunil Kumar,368,5,Defender,Mahendra Rajput,163,9,Raider,Rakesh Narwal,204,6,Raider,Parvesh Bhainswal,357,1,Defender - Left Cover,Pardeep Kumar,4939,4,Raider,,False,False
66,"Pro Kabaddi League Season 8, 2021",W,20,2022-01-20 20:30+05:30,Bengal Warriors won by 1 Pts,2022-01-20 20:30+05:30,Match Completed,1,1029,kabaddi,"Sheraton Grand, Whitefield, Bengaluru",2821,League,Match 67,pkl,"Pro Kabaddi League Season 8, 2021",20,+05:30,Bengaluru Bulls,39,false,Bengal Warriors,40,true,Bengal Warriors,Pawan Kumar,318,13,Raider,Chandran Ranjit,36,8,Raider,Amit Sheoran,3115,1,Defender,Ankit ,3099,2,Defender,Saurabh Nandal,3228,4,Defender - Right Corner,Maninder Singh,143,9,Raider,Vijin Thangadurai,185,1,Defender - Right Cover,Amit Nirwal,3126,2,Defender,Abozar Mighani,489,3,Defender - Right Corner,,,,,,False,False
67,"Pro Kabaddi League Season 8, 2021",W,20,2022-01-21 19:30+05:30,Haryana Steelers won by 3 Pts,2022-01-21 19:30+05:30,Match Completed,3,1029,kabaddi,"Sheraton Grand, Whitefield, Bengaluru",2789,League,Match 68,pkl,"Pro Kabaddi League Season 8, 2021",20,+05:30,Dabang Delhi K.C.,33,false,Haryana Steelers,36,true,Haryana Steelers,Jeeva Kumar,54,0,Defender,Neeraj Narwal,3038,6,Raider,Ashu Malik,4947,3,Raider,Krishan ,4949,2,Defender,,,,,Surender Nada,146,3,Defender - Left Corner,Ravi Kumar,240,1,Defender - Right Cover,Vinay ,3054,7,Raider,Ashish ,3028,4,All-Rounder,Jaideep ,4184,2,Defender - Left Cover,,False,False
68,"Pro Kabaddi League Season 8, 2021",W,20,2022-01-21 20:30+05:30,U.P. Yoddhas won by 4 Pts,2022-01-21 20:30+05:30,Match Completed,4,1029,kabaddi,"Sheraton Grand, Whitefield, Bengaluru",2790,League,Match 69,pkl,"Pro Kabaddi League Season 8, 2021",20,+05:30,Bengal Warriors,36,false,U.P. Yoddhas,40,true,U.P. Yoddhas,Maninder Singh,143,19,Raider,Ran Singh,160,2,All- Rounder,Sukesh Hegde,111,6,Raider,Ravindra Kumavat,3094,4,Raider,Amit Nirwal,3126,0,Defender,Sumit ,3240,4,Defender - Left Corner,Surender Gill,3241,9,Raider,,,,,,,,,,,,,,False,False
69,"Pro Kabaddi League Season 8, 2021",W,20,2022-01-22 19:30+05:30,Puneri Paltan won by 2 Pts,2022-01-22 19:30+05:30,Match Completed,2,1029,kabaddi,"Sheraton Grand, Whitefield, Bengaluru",2822,League,Match 70,pkl,"Pro Kabaddi League Season 8, 2021",20,+05:30,Bengaluru Bulls,35,false,Puneri Paltan,37,true,Puneri Paltan,Pawan Kumar,318,10,Raider,Chandran Ranjit,36,3,Raider,Deepak Narwal,211,4,Raider,Dong Geon Lee,522,1,Raider,Saurabh Nandal,3228,3,Defender - Right Corner,Mohit Goyat,4022,13,Raider,Abinesh Nadarajan,4192,0,Defender - Right Cover,Aslam Inamdar,4960,6,All-rounder,,,,,,,,,,False,False
70,"Pro Kabaddi League Season 8, 2021",W,20,2022-01-22 20:30+05:30,U Mumba won by 7 Pts,2022-01-22 20:30+05:30,Match Completed,7,1029,kabaddi,"Sheraton Grand, Whitefield, Bengaluru",2792,League,Match 71,pkl,"Pro Kabaddi League Season 8, 2021",20,+05:30,U Mumba,42,true,Telugu Titans,35,false,U Mumba,Abhishek Singh,2028,15,Raider,V Ajith Kumar,3053,5,Raider,Harendra Kumar,3138,0,Defender - Left Cover,Ajinkya Kapre,2025,2,All-Rounder,Rahul Sethpal,4186,6,Defender - Right Corner,Ankit Beniwal,2322,3,Raider,Adarsh T,3095,12,Defender - Left Corner,Akash Choudhary,3004,1,Defender - Right Corner,Sandeep Kandola,248,4,Defender - Left Corner,,,,,,False,False
71,"Pro Kabaddi League Season 8, 2021",T,20,2022-01-22 21:30+05:30,Match Tied,2022-01-22 21:30+05:30,Match Completed,,1029,kabaddi,"Sheraton Grand, Whitefield, Bengaluru",2793,League,Match 72,pkl,"Pro Kabaddi League Season 8, 2021",20,+05:30,Jaipur Pink Panthers,34,false,Tamil Thalaivas,34,false,Tie,Sandeep Dhull,290,3,Defender - Left Corner,Vishal ,3159,0,Defender - Left Cover,Amit ,3001,0,Defender,Nitin Rawal,3065,3,All-Rounder,Arjun Deshwal,2024,15,Raider,Surjeet Singh,322,0,Defender - Right Cover,Sagar B Krishna,347,1,All Rounder,Manjeet ,763,12,Raider,Sagar ,3236,1,Defender - Right Corner,Mohit ,4964,1,Defender - Left Cover,,False,False
72,"Pro Kabaddi League Season 8, 2021",W,20,2022-01-23 19:30+05:30,Haryana Steelers won by 1 Pts,2022-01-23 19:30+05:30,Match Completed,1,1029,kabaddi,"Sheraton Grand, Whitefield, Bengaluru",2794,League,Match 73,pkl,"Pro Kabaddi League Season 8, 2021",20,+05:30,U.P. Yoddhas,35,false,Haryana Steelers,36,true,Haryana Steelers,Pardeep Narwal,197,6,Raider,Shrikant Jadhav,106,10,Raider,Nitesh Kumar,3088,3,Defender,Mohammad Taghi Paein Mahali ,3177,5,Raider,Sumit ,3240,2,Defender - Left Corner,Vikash Khandola,366,5,Raider,Rohit Gulia,3023,7,All-Rounder,Vinay ,3054,5,Raider,Jaideep ,4184,5,Defender - Left Cover,Mohit ,4954,5,Defender - Right Cover,,False,False
73,"Pro Kabaddi League Season 8, 2021",W,20,2022-01-23 20:30+05:30,Bengaluru Bulls won by 5 Pts,2022-01-23 20:30+05:30,Match Completed,5,1029,kabaddi,"Sheraton Grand, Whitefield, Bengaluru",2823,League,Match 74,pkl,"Pro Kabaddi League Season 8, 2021",20,+05:30,Telugu Titans,31,false,Bengaluru Bulls,36,true,Bengaluru Bulls,Surinder Singh,3086,3,Defender,Adarsh T,3095,4,Defender - Left Corner,Rakesh Gowda,3046,5,Raider,Akash Choudhary,3004,5,Defender - Right Corner,Sandeep Kandola,248,2,Defender - Left Corner,Pawan Kumar,318,12,Raider,Deepak Narwal,211,3,Raider,Mahender Singh,769,1,Defender - Left Cover,Saurabh Nandal,3228,4,Defender - Right Corner,Bharat ,4944,7,Raider,,False,False
74,"Pro Kabaddi League Season 8, 2021",W,20,2022-01-24 19:30+05:30,Bengal Warriors won by 19 Pts,2022-01-24 19:30+05:30,Match Completed,19,1029,kabaddi,"Sheraton Grand, Whitefield, Bengaluru",2796,League,Match 75,pkl,"Pro Kabaddi League Season 8, 2021",20,+05:30,Bengal Warriors,41,true,Jaipur Pink Panthers,22,false,Bengal Warriors,Maninder Singh,143,13,Raider,Vishal Mane,123,2,Defender,Amit Nirwal,3126,1,Defender,Abozar Mighani,489,2,Defender - Right Corner,Anand V,2021,2,Raider,Sandeep Dhull,290,2,Defender - Left Corner,Nitin Rawal,3065,1,All-Rounder,Arjun Deshwal,2024,10,Raider,Sachin Narwal,3154,1,All-Rounder,Sahul Kumar,4769,0,Defender - Right Corner,,False,False
75,"Pro Kabaddi League Season 8, 2021",W,20,2022-01-24 20:30+05:30,Puneri Paltan won by 17 Pts,2022-01-24 20:30+05:30,Match Completed,17,1029,kabaddi,"Sheraton Grand, Whitefield, Bengaluru",2797,League,Match 76,pkl,"Pro Kabaddi League Season 8, 2021",20,+05:30,Puneri Paltan,42,true,Dabang Delhi K.C.,25,false,Puneri Paltan,Nitin Tomar,320,6,Raider,Sombir ,3000,6,Defender,Karamvir ,3162,0,Defender,Sanket Sawant,3234,1,Defender - Left Cover,Abinesh Nadarajan,4192,3,Defender - Right Cover,Sandeep Narwal,142,5,All Rounder,Manjeet Chhillar,69,0,All Rounder,Vijay Malik,3081,8,All-Rounder,Ashu Malik,4947,2,Raider,Krishan ,4949,1,Defender,,False,False
76,"Pro Kabaddi League Season 8, 2021",T,20,2022-01-25 19:30+05:30,Match Tied,2022-01-25 19:30+05:30,Match Completed,,1029,kabaddi,"Sheraton Grand, Whitefield, Bengaluru",2824,League,Match 77,pkl,"Pro Kabaddi League Season 8, 2021",20,+05:30,Haryana Steelers,39,false,Telugu Titans,39,false,Tie,Rohit Gulia,3023,8,All-Rounder,Vinay ,3054,8,Raider,Akshay Kumar,4873,0,Defender-Left Corner,Jaideep ,4184,4,Defender - Left Cover,,,,,C.Arun ,191,0,Defender,Rohit Kumar,326,8,Raider,Surinder Singh,3086,0,Defender,Ankit Beniwal,2322,10,Raider,Adarsh T,3095,6,Defender - Left Corner,,False,False
77,"Pro Kabaddi League Season 8, 2021",W,20,2022-01-26 19:30+05:30,U Mumba won by 11 Pts,2022-01-26 19:30+05:30,Match Completed,11,1029,kabaddi,"Sheraton Grand, Whitefield, Bengaluru",2825,League,Match 78,pkl,"Pro Kabaddi League Season 8, 2021",20,+05:30,U Mumba,45,true,Bengaluru Bulls,34,false,U Mumba,V Ajith Kumar,3053,8,Raider,Harendra Kumar,3138,3,Defender - Left Cover,Ajinkya Kapre,2025,1,All-Rounder,Rinku ,3964,4,Defender - Right Corner,Rahul Sethpal,4186,8,Defender - Right Corner,Deepak Narwal,211,1,Raider,Mahender Singh,769,0,Defender - Left Cover,Dong Geon Lee,522,1,Raider,Saurabh Nandal,3228,4,Defender - Right Corner,Bharat ,4944,7,Raider,,False,False
78,"Pro Kabaddi League Season 8, 2021",W,20,2022-01-27 19:30+05:30,Puneri Paltan won by 6 Pts,2022-01-27 19:30+05:30,Match Completed,6,1029,kabaddi,"Sheraton Grand, Whitefield, Bengaluru",2826,League,Match 79,pkl,"Pro Kabaddi League Season 8, 2021",20,+05:30,U.P. Yoddhas,38,false,Puneri Paltan,44,true,Puneri Paltan,Pardeep Narwal,197,6,Raider,Shrikant Jadhav,106,5,Raider,Nitesh Kumar,3088,2,Defender,Mohammad Taghi Paein Mahali ,3177,1,Raider,Surender Gill,3241,16,Raider,Nitin Tomar,320,2,Raider,Karamvir ,3162,1,Defender,Mohit Goyat,4022,14,Raider,Aslam Inamdar,4960,12,All-rounder,,,,,,False,False
79,"Pro Kabaddi League Season 8, 2021",W,20,2022-01-28 19:30+05:30,Patna Pirates won by 28 Pts,2022-01-28 19:30+05:30,Match Completed,28,1029,kabaddi,"Sheraton Grand, Whitefield, Bengaluru",2804,League,Match 80,pkl,"Pro Kabaddi League Season 8, 2021",20,+05:30,Patna Pirates,52,true,Tamil Thalaivas,24,false,Patna Pirates,Prashanth Rai,155,8,Raider,Sachin ,757,6,Raider,Neeraj Kumar,3107,6,Defender - Right Cover,Sajin Chandrasekar,3343,2,All-Rounder,Mohammadreza Chiyaneh,4925,6,All-Rounder,Surjeet Singh,322,1,Defender - Right Cover,Sagar B Krishna,347,1,All Rounder,Athul M S,376,1,Raider,Ajinkya Ashok Pawar,3097,5,Raider,Sagar ,3236,8,Defender - Right Corner,,False,False
80,"Pro Kabaddi League Season 8, 2021",W,20,2022-01-29 19:30+05:30,Dabang Delhi K.C. won by 19 Pts,2022-01-29 19:30+05:30,Match Completed,19,1029,kabaddi,"Sheraton Grand, Whitefield, Bengaluru",2827,League,Match 81,pkl,"Pro Kabaddi League Season 8, 2021",20,+05:30,Gujarat Giants,22,false,Dabang Delhi K.C.,41,true,Dabang Delhi K.C.,Hadi Oshtorak,249,1,All Rounder,,,,,,,,,,,,,,,,,Jeeva Kumar,54,2,Defender,Manjeet Chhillar,69,5,All Rounder,Vijay Malik,3081,8,All-Rounder,Neeraj Narwal,3038,4,Raider,Ashu Malik,4947,6,Raider,,False,False
81,"Pro Kabaddi League Season 8, 2021",W,20,2022-01-30 19:30+05:30,Jaipur Pink Panthers won by 21 Pts,2022-01-30 19:30+05:30,Match Completed,21,1029,kabaddi,"Sheraton Grand, Whitefield, Bengaluru",2829,League,Match 82,pkl,"Pro Kabaddi League Season 8, 2021",20,+05:30,Patna Pirates,30,false,Jaipur Pink Panthers,51,true,Jaipur Pink Panthers,Monu Goyat,388,7,Raider,Sachin ,757,7,Raider,Guman Singh,3032,11,Raider,Sajin Chandrasekar,3343,0,All-Rounder,Mohammadreza Chiyaneh,4925,0,All-Rounder,Vishal ,3159,5,Defender - Left Cover,Arjun Deshwal,2024,17,Raider,Naveen ,2357,1,Raider,Deepak Singh,4956,2,Defender - Right Cover,,,,,,False,False
82,"Pro Kabaddi League Season 8, 2021",W,20,2022-01-30 20:30+05:30,Tamil Thalaivas won by 18 Pts,2022-01-30 20:30+05:30,Match Completed,18,1029,kabaddi,"Sheraton Grand, Whitefield, Bengaluru",2830,League,Match 83,pkl,"Pro Kabaddi League Season 8, 2021",20,+05:30,Tamil Thalaivas,42,true,Bengaluru Bulls,24,false,Tamil Thalaivas,Surjeet Singh,322,1,Defender - Right Cover,Manjeet ,763,8,Raider,Himanshu ,3161,1,Defender - Left Corner,Sagar ,3236,5,Defender - Right Corner,Sahil Singh,4965,3,Defender - Left Corner,Pawan Kumar,318,9,Raider,Deepak Narwal,211,1,Raider,Saurabh Nandal,3228,0,Defender - Right Corner,Bharat ,4944,5,Raider,,,,,,False,False
83,"Pro Kabaddi League Season 8, 2021",W,20,2022-01-31 19:30+05:30,Gujarat Giants won by 6 Pts,2022-01-31 19:30+05:30,Match Completed,6,1029,kabaddi,"Sheraton Grand, Whitefield, Bengaluru",2831,League,Match 84,pkl,"Pro Kabaddi League Season 8, 2021",20,+05:30,Haryana Steelers,26,false,Gujarat Giants,32,true,Gujarat Giants,Ravi Kumar,240,0,Defender - Right Cover,Vikash Khandola,366,7,Raider,Rohit Gulia,3023,4,All-Rounder,Akshay Kumar,4873,0,Defender-Left Corner,Jaideep ,4184,2,Defender - Left Cover,Girish Maruti Ernak,161,3,Defender - Left Corner,Sunil Kumar,368,0,Defender,Ravinder Pahal,157,1,Defender - Right Corner,Parvesh Bhainswal,357,3,Defender - Left Cover,Pardeep Kumar,4939,10,Raider,,False,False
84,"Pro Kabaddi League Season 8, 2021",W,20,2022-01-31 20:30+05:30,Dabang Delhi K.C. won by 11 Pts,2022-01-31 20:30+05:30,Match Completed,11,1029,kabaddi,"Sheraton Grand, Whitefield, Bengaluru",2832,League,Match 85,pkl,"Pro Kabaddi League Season 8, 2021",20,+05:30,Dabang Delhi K.C.,35,true,U Mumba,24,false,Dabang Delhi K.C.,Sandeep Narwal,142,2,All Rounder,Jeeva Kumar,54,0,Defender,Manjeet Chhillar,69,4,All Rounder,Joginder Narwal,194,1,Defender - Left Corner,Vijay Malik,3081,12,All-Rounder,Fazel Atrachali,259,3,Defender,V Ajith Kumar,3053,3,Raider,Harendra Kumar,3138,3,Defender - Left Cover,Rinku ,3964,1,Defender - Right Corner,,,,,,False,False
85,"Pro Kabaddi League Season 8, 2021",W,20,2022-02-01 19:30+05:30,Gujarat Giants won by 9 Pts,2022-02-01 19:30+05:30,Match Completed,9,1029,kabaddi,"Sheraton Grand, Whitefield, Bengaluru",2833,League,Match 86,pkl,"Pro Kabaddi League Season 8, 2021",20,+05:30,Bengal Warriors,25,false,Gujarat Giants,34,true,Gujarat Giants,Ran Singh,160,6,All- Rounder,Vishal Mane,123,0,Defender,Amit Nirwal,3126,1,Defender,Abozar Mighani,489,0,Defender - Right Corner,Mohammad Nabibakhsh,3176,5,All-Rounder,Girish Maruti Ernak,161,1,Defender - Left Corner,Hadi Oshtorak,249,4,All Rounder,Parvesh Bhainswal,357,3,Defender - Left Cover,Pardeep Kumar,4939,7,Raider,Rakesh ,3966,4,Raider,,False,False
86,"Pro Kabaddi League Season 8, 2021",W,20,2022-02-01 20:30+05:30,Bengaluru Bulls won by 5 Pts,2022-02-01 20:30+05:30,Match Completed,5,1029,kabaddi,"Sheraton Grand, Whitefield, Bengaluru",2834,League,Match 87,pkl,"Pro Kabaddi League Season 8, 2021",20,+05:30,Bengaluru Bulls,31,true,U.P. Yoddhas,26,false,Bengaluru Bulls,Pawan Kumar,318,9,Raider,Jaideep ,579,0,Defender - Left Corner,More G B,772,1,Raider,Mohit Sehrawat,3019,1,Defender,Saurabh Nandal,3228,3,Defender - Right Corner,Shrikant Jadhav,106,6,Raider,Nitesh Kumar,3088,6,Defender,Sumit ,3240,4,Defender - Left Corner,Ashu Singh,3239,3,Defender - Right Cover,Surender Gill,3241,2,Raider,,False,False
87,"Pro Kabaddi League Season 8, 2021",W,20,2022-02-02 19:30+05:30,Patna Pirates won by 2 Pts,2022-02-02 19:30+05:30,Match Completed,2,1029,kabaddi,"Sheraton Grand, Whitefield, Bengaluru",2835,League,Match 88,pkl,"Pro Kabaddi League Season 8, 2021",20,+05:30,U.P. Yoddhas,35,false,Patna Pirates,37,true,Patna Pirates,Pardeep Narwal,197,3,Raider,Shrikant Jadhav,106,9,Raider,Gurdeep ,2041,0,All-Rounder,Sumit ,3240,2,Defender - Left Corner,Ashu Singh,3239,0,Defender - Right Cover,Sachin ,757,12,Raider,Neeraj Kumar,3107,2,Defender - Right Cover,Guman Singh,3032,3,Raider,Sajin Chandrasekar,3343,2,All-Rounder,Mohammadreza Chiyaneh,4925,5,All-Rounder,,False,False
88,"Pro Kabaddi League Season 8, 2021",W,20,2022-02-02 20:30+05:30,Puneri Paltan won by 1 Pts,2022-02-02 20:30+05:30,Match Completed,1,1029,kabaddi,"Sheraton Grand, Whitefield, Bengaluru",2836,League,Match 89,pkl,"Pro Kabaddi League Season 8, 2021",20,+05:30,Puneri Paltan,35,true,U Mumba,34,false,Puneri Paltan,Nitin Tomar,320,2,Raider,Sombir ,3000,3,Defender,Sanket Sawant,3234,0,Defender - Left Cover,Abinesh Nadarajan,4192,6,Defender - Right Cover,,,,,Fazel Atrachali,259,1,Defender,V Ajith Kumar,3053,10,Raider,Harendra Kumar,3138,1,Defender - Left Cover,Ajinkya Kapre,2025,3,All-Rounder,Rinku ,3964,4,Defender - Right Corner,,False,False
89,"Pro Kabaddi League Season 8, 2021",W,20,2022-02-03 19:30+05:30,Jaipur Pink Panthers won by 6 Pts,2022-02-03 19:30+05:30,Match Completed,6,1029,kabaddi,"Sheraton Grand, Whitefield, Bengaluru",2837,League,Match 90,pkl,"Pro Kabaddi League Season 8, 2021",20,+05:30,Jaipur Pink Panthers,36,true,Dabang Delhi K.C.,30,false,Jaipur Pink Panthers,Nitin Rawal,3065,3,All-Rounder,Sachin Narwal,3154,4,All-Rounder,,,,,,,,,,,,,Sandeep Narwal,142,0,All Rounder,Jeeva Kumar,54,1,Defender,Manjeet Chhillar,69,2,All Rounder,Joginder Narwal,194,2,Defender - Left Corner,Vijay Malik,3081,16,All-Rounder,,False,False
90,"Pro Kabaddi League Season 8, 2021",W,20,2022-02-03 20:30+05:30,Tamil Thalaivas won by 18 Pts,2022-02-03 20:30+05:30,Match Completed,18,1029,kabaddi,"Sheraton Grand, Whitefield, Bengaluru",2838,League,Match 91,pkl,"Pro Kabaddi League Season 8, 2021",20,+05:30,Telugu Titans,25,false,Tamil Thalaivas,43,true,Tamil Thalaivas,C.Arun ,191,0,Defender,Adarsh T,3095,4,Defender - Left Corner,Akash Choudhary,3004,2,Defender - Right Corner,Sandeep Kandola,248,4,Defender - Left Corner,Prince D,3969,0,Defender - Right Cover,Athul M S,376,1,Raider,M. Abishek ,3014,2,Defender - Right Cover,Sahil Singh,4965,4,Defender - Left Corner,,,,,,,,,,False,False
91,"Pro Kabaddi League Season 8, 2021",W,20,2022-02-04 19:30+05:30,Haryana Steelers won by 17 Pts,2022-02-04 19:30+05:30,Match Completed,17,1029,kabaddi,"Sheraton Grand, Whitefield, Bengaluru",2839,League,Match 92,pkl,"Pro Kabaddi League Season 8, 2021",20,+05:30,Haryana Steelers,46,true,Bengal Warriors,29,false,Haryana Steelers,Surender Nada,146,0,Defender - Left Corner,Ravi Kumar,240,3,Defender - Right Cover,Vikash Khandola,366,10,Raider,Vinay ,3054,8,Raider,Ashish ,3028,6,All-Rounder,Vishal Mane,123,1,Defender,Parveen Satpal,3100,0,Defender - Left Corner,Mohammad Nabibakhsh,3176,4,All-Rounder,,,,,,,,,,False,False
92,"Pro Kabaddi League Season 8, 2021",T,20,2022-02-04 20:30+05:30,Match Tied,2022-02-04 20:30+05:30,Match Completed,,1029,kabaddi,"Sheraton Grand, Whitefield, Bengaluru",2840,League,Match 93,pkl,"Pro Kabaddi League Season 8, 2021",20,+05:30,Dabang Delhi K.C.,36,false,Bengaluru Bulls,36,false,Tie,Sandeep Narwal,142,4,All Rounder,Manjeet Chhillar,69,3,All Rounder,Joginder Narwal,194,4,Defender - Left Corner,Vijay Malik,3081,4,All-Rounder,Naveen Kumar,2296,13,Raider,More G B,772,2,Raider,Mohit Sehrawat,3019,1,Defender,Saurabh Nandal,3228,2,Defender - Right Corner,Bharat ,4944,4,Raider,Aman ,4972,1,Defender - Left Corner,,False,False
93,"Pro Kabaddi League Season 8, 2021",W,20,2022-02-04 21:30+05:30,Patna Pirates won by 20 Pts,2022-02-04 21:30+05:30,Match Completed,20,1029,kabaddi,"Sheraton Grand, Whitefield, Bengaluru",2841,League,Match 94,pkl,"Pro Kabaddi League Season 8, 2021",20,+05:30,Gujarat Giants,23,false,Patna Pirates,43,true,Patna Pirates,Girish Maruti Ernak,161,0,Defender - Left Corner,Sunil Kumar,368,2,Defender,Mahendra Rajput,163,6,Raider,Rakesh Narwal,204,1,Raider,,,,,Neeraj Kumar,3107,2,Defender - Right Cover,Monu ,3082,0,Raider,Sunil ,3106,3,Defender - Right Corner,Guman Singh,3032,11,Raider,Sajin Chandrasekar,3343,1,All-Rounder,,False,False
94,"Pro Kabaddi League Season 8, 2021",W,20,2022-02-05 19:30+05:30,U Mumba won by 4 Pts,2022-02-05 19:30+05:30,Match Completed,4,1029,kabaddi,"Sheraton Grand, Whitefield, Bengaluru",2842,League,Match 95,pkl,"Pro Kabaddi League Season 8, 2021",20,+05:30,U Mumba,34,true,Tamil Thalaivas,30,false,U Mumba,Fazel Atrachali,259,3,Defender,Abhishek Singh,2028,10,Raider,V Ajith Kumar,3053,7,Raider,Harendra Kumar,3138,1,Defender - Left Cover,Rinku ,3964,3,Defender - Right Corner,Surjeet Singh,322,2,Defender - Right Cover,Athul M S,376,0,Raider,Manjeet ,763,7,Raider,Ajinkya Ashok Pawar,3097,7,Raider,Sagar ,3236,4,Defender - Right Corner,,False,False
95,"Pro Kabaddi League Season 8, 2021",W,20,2022-02-05 20:30+05:30,U.P. Yoddhas won by 4 Pts,2022-02-05 20:30+05:30,Match Completed,4,1029,kabaddi,"Sheraton Grand, Whitefield, Bengaluru",2843,League,Match 96,pkl,"Pro Kabaddi League Season 8, 2021",20,+05:30,U.P. Yoddhas,39,true,Telugu Titans,35,false,U.P. Yoddhas,Shrikant Jadhav,106,9,Raider,Nitesh Kumar,3088,1,Defender,Gurdeep ,2041,2,All-Rounder,Sumit ,3240,3,Defender - Left Corner,Shubham Kumar,4228,2,Defender - Left Cover,Surinder Singh,3086,0,Defender,Ankit Beniwal,2322,6,Raider,Rajnish ,2290,13,Raider,Adarsh T,3095,6,Defender - Left Corner,Akash Choudhary,3004,0,Defender - Right Corner,,False,False
96,"Pro Kabaddi League Season 8, 2021",W,20,2022-02-05 21:30+05:30,Haryana Steelers won by 7 Pts,2022-02-05 21:30+05:30,Match Completed,7,1029,kabaddi,"Sheraton Grand, Whitefield, Bengaluru",2848,League,Match 97,pkl,"Pro Kabaddi League Season 8, 2021",20,+05:30,Jaipur Pink Panthers,28,false,Haryana Steelers,35,true,Haryana Steelers,Brijendra Chaudhary,3070,1,All Rounder,,,,,,,,,,,,,,,,,Ravi Kumar,240,3,Defender - Right Cover,Vikash Khandola,366,10,Raider,Ashish ,3028,4,All-Rounder,Mohammad Esmaeil,3175,0,Raider,Meetu ,4183,3,Raider,,False,False
97,"Pro Kabaddi League Season 8, 2021",W,20,2022-02-06 19:30+05:30,Patna Pirates won by 9 Pts,2022-02-06 19:30+05:30,Match Completed,9,1029,kabaddi,"Sheraton Grand, Whitefield, Bengaluru",2845,League,Match 98,pkl,"Pro Kabaddi League Season 8, 2021",20,+05:30,Patna Pirates,38,true,Bengal Warriors,29,false,Patna Pirates,Sunil ,3106,1,Defender - Right Corner,Guman Singh,3032,7,Raider,Sajin Chandrasekar,3343,1,All-Rounder,Mohammadreza Chiyaneh,4925,5,All-Rounder,,,,,Ran Singh,160,1,All- Rounder,Amit Nirwal,3126,0,Defender,Mohammad Nabibakhsh,3176,8,All-Rounder,Rohit Banne,3301,0,Defender,Akash Pikalmunde,4675,1,Raider,,False,False
98,"Pro Kabaddi League Season 8, 2021",W,20,2022-02-06 20:30+05:30,Gujarat Giants won by 4 Pts,2022-02-06 20:30+05:30,Match Completed,4,1029,kabaddi,"Sheraton Grand, Whitefield, Bengaluru",2846,League,Match 99,pkl,"Pro Kabaddi League Season 8, 2021",20,+05:30,Bengaluru Bulls,36,false,Gujarat Giants,40,true,Gujarat Giants,Mohit Sehrawat,3019,1,Defender,Saurabh Nandal,3228,1,Defender - Right Corner,,,,,,,,,,,,,Girish Maruti Ernak,161,1,Defender - Left Corner,Sunil Kumar,368,5,Defender,Parvesh Bhainswal,357,4,Defender - Left Cover,Ajay Kumar,389,8,Raider,Ankit ,3227,1,Defender - Right Corner,,False,False
99,"Pro Kabaddi League Season 8, 2021",W,20,2022-02-07 19:30+05:30,Jaipur Pink Panthers won by 5 Pts,2022-02-07 19:30+05:30,Match Completed,5,1029,kabaddi,"Sheraton Grand, Whitefield, Bengaluru",2850,League,Match 100,pkl,"Pro Kabaddi League Season 8, 2021",20,+05:30,Gujarat Giants,31,false,Jaipur Pink Panthers,36,true,Jaipur Pink Panthers,Ajay Kumar,389,6,Raider,,,,,,,,,,,,,,,,,Deepak Hooda,41,11,All-Rounder,Sandeep Dhull,290,4,Defender - Left Corner,Amit Nagar,371,3,Raider,Vishal ,3159,3,Defender - Left Cover,Brijendra Chaudhary,3070,2,All Rounder,,False,False
100,"Pro Kabaddi League Season 8, 2021",T,20,2022-02-07 20:30+05:30,Match Tied,2022-02-07 20:30+05:30,Match Completed,,1029,kabaddi,"Sheraton Grand, Whitefield, Bengaluru",2851,League,Match 101,pkl,"Pro Kabaddi League Season 8, 2021",20,+05:30,Bengal Warriors,32,false,Telugu Titans,32,false,Tie,Vishal Mane,123,0,Defender,Abozar Mighani,489,2,Defender - Right Corner,Mohammad Nabibakhsh,3176,2,All-Rounder,Rohit ,4723,6,All-Rounder,Manoj Gowda,3151,6,All-Rounder,C.Arun ,191,0,Defender,Surinder Singh,3086,2,Defender,Ankit Beniwal,2322,9,Raider,Adarsh T,3095,3,Defender - Left Corner,Akash Choudhary,3004,3,Defender - Right Corner,,False,False
101,"Pro Kabaddi League Season 8, 2021",W,20,2022-02-08 19:30+05:30,Haryana Steelers won by 8 Pts,2022-02-08 19:30+05:30,Match Completed,8,1029,kabaddi,"Sheraton Grand, Whitefield, Bengaluru",2852,League,Match 102,pkl,"Pro Kabaddi League Season 8, 2021",20,+05:30,Tamil Thalaivas,29,false,Haryana Steelers,37,true,Haryana Steelers,Sagar B Krishna,347,0,All Rounder,Athul M S,376,3,Raider,Manjeet ,763,10,Raider,Mohit ,4964,0,Defender - Left Cover,,,,,Surender Nada,146,0,Defender - Left Corner,Ravi Kumar,240,1,Defender - Right Cover,Vikash Khandola,366,8,Raider,Vinay ,3054,3,Raider,Ashish ,3028,16,All-Rounder,,False,False
102,"Pro Kabaddi League Season 8, 2021",W,20,2022-02-08 20:30+05:30,Patna Pirates won by 11 Pts,2022-02-08 20:30+05:30,Match Completed,11,1029,kabaddi,"Sheraton Grand, Whitefield, Bengaluru",2853,League,Match 103,pkl,"Pro Kabaddi League Season 8, 2021",20,+05:30,U Mumba,34,false,Patna Pirates,45,true,Patna Pirates,V Ajith Kumar,3053,11,Raider,Harendra Kumar,3138,0,Defender - Left Cover,Rinku ,3964,4,Defender - Right Corner,,,,,,,,,Sachin ,757,16,Raider,Neeraj Kumar,3107,3,Defender - Right Cover,Guman Singh,3032,11,Raider,Sajin Chandrasekar,3343,1,All-Rounder,Mohammadreza Chiyaneh,4925,2,All-Rounder,,False,False
103,"Pro Kabaddi League Season 8, 2021",W,20,2022-02-09 19:30+05:30,U.P. Yoddhas won by 2 Pts,2022-02-09 19:30+05:30,Match Completed,2,1029,kabaddi,"Sheraton Grand, Whitefield, Bengaluru",2854,League,Match 104,pkl,"Pro Kabaddi League Season 8, 2021",20,+05:30,Tamil Thalaivas,39,false,U.P. Yoddhas,41,true,U.P. Yoddhas,Sagar B Krishna,347,0,All Rounder,Manjeet ,763,12,Raider,Bhavani Rajput,660,3,Raider,M. Abishek ,3014,3,Defender - Right Cover,Himanshu ,3161,8,Defender - Left Corner,Nitesh Kumar,3088,1,Defender,Mohammad Taghi Paein Mahali ,3177,1,Raider,Sumit ,3240,5,Defender - Left Corner,Ashu Singh,3239,1,Defender - Right Cover,,,,,,False,False
104,"Pro Kabaddi League Season 8, 2021",W,20,2022-02-09 20:30+05:30,Gujarat Giants won by 2 Pts,2022-02-09 20:30+05:30,Match Completed,2,1029,kabaddi,"Sheraton Grand, Whitefield, Bengaluru",2855,League,Match 105,pkl,"Pro Kabaddi League Season 8, 2021",20,+05:30,Telugu Titans,32,false,Gujarat Giants,34,true,Gujarat Giants,Adarsh T,3095,6,Defender - Left Corner,Sandeep Kandola,248,0,Defender - Left Corner,,,,,,,,,,,,,Girish Maruti Ernak,161,5,Defender - Left Corner,Sunil Kumar,368,0,Defender,Mahendra Rajput,163,5,Raider,Hadi Oshtorak,249,1,All Rounder,Parvesh Bhainswal,357,0,Defender - Left Cover,,False,False
105,"Pro Kabaddi League Season 8, 2021",T,20,2022-02-10 19:30+05:30,Match Tied,2022-02-10 19:30+05:30,Match Completed,,1029,kabaddi,"Sheraton Grand, Whitefield, Bengaluru",2856,League,Match 106,pkl,"Pro Kabaddi League Season 8, 2021",20,+05:30,Bengal Warriors,39,false,Dabang Delhi K.C.,39,false,Tie,Rohit ,4723,4,All-Rounder,,,,,,,,,,,,,,,,,Sandeep Narwal,142,1,All Rounder,Jeeva Kumar,54,1,Defender,Manjeet Chhillar,69,2,All Rounder,Joginder Narwal,194,3,Defender - Left Corner,Naveen Kumar,2296,16,Raider,,False,False
106,"Pro Kabaddi League Season 8, 2021",W,20,2022-02-10 20:30+05:30,Patna Pirates won by 17 Pts,2022-02-10 20:30+05:30,Match Completed,17,1029,kabaddi,"Sheraton Grand, Whitefield, Bengaluru",2857,League,Match 107,pkl,"Pro Kabaddi League Season 8, 2021",20,+05:30,Puneri Paltan,26,false,Patna Pirates,43,true,Patna Pirates,Nitin Tomar,320,4,Raider,Sombir ,3000,2,Defender,Vishal Bhardwaj,3083,2,Defender,Sanket Sawant,3234,1,Defender - Left Cover,Mohit Goyat,4022,6,Raider,Sachin ,757,6,Raider,Neeraj Kumar,3107,2,Defender - Right Cover,Monu ,3082,1,Raider,Shubham Shinde,3103,4,Defender - Right Corner,Guman Singh,3032,13,Raider,,False,False
107,"Pro Kabaddi League Season 8, 2021",W,20,2022-02-11 19:30+05:30,Puneri Paltan won by 18 Pts,2022-02-11 19:30+05:30,Match Completed,18,1029,kabaddi,"Sheraton Grand, Whitefield, Bengaluru",2858,League,Match 108,pkl,"Pro Kabaddi League Season 8, 2021",20,+05:30,Haryana Steelers,27,false,Puneri Paltan,45,true,Puneri Paltan,Surender Nada,146,0,Defender - Left Corner,Vikash Khandola,366,5,Raider,Vijay Kumar,768,2,Defender - Right Corner,Vinay ,3054,6,Raider,Ashish ,3028,8,All-Rounder,Rahul Chaudhari,81,3,Raider,Sombir ,3000,7,Defender,Vishal Bhardwaj,3083,0,Defender,Sanket Sawant,3234,1,Defender - Left Cover,Mohit Goyat,4022,12,Raider,,False,False
108,"Pro Kabaddi League Season 8, 2021",W,20,2022-02-11 20:30+05:30,U.P. Yoddhas won by 7 Pts,2022-02-11 20:30+05:30,Match Completed,7,1029,kabaddi,"Sheraton Grand, Whitefield, Bengaluru",2867,League,Match 109,pkl,"Pro Kabaddi League Season 8, 2021",20,+05:30,Jaipur Pink Panthers,34,false,U.P. Yoddhas,41,true,U.P. Yoddhas,,,,,,,,,,,,,,,,,,,,,Pardeep Narwal,197,14,Raider,Nitesh Kumar,3088,1,Defender,Gurdeep ,2041,3,All-Rounder,Sumit ,3240,1,Defender - Left Corner,Ashu Singh,3239,6,Defender - Right Cover,,False,False
109,"Pro Kabaddi League Season 8, 2021",W,20,2022-02-12 19:30+05:30,Dabang Delhi K.C. won by 1 Pts,2022-02-12 19:30+05:30,Match Completed,1,1029,kabaddi,"Sheraton Grand, Whitefield, Bengaluru",2861,League,Match 110,pkl,"Pro Kabaddi League Season 8, 2021",20,+05:30,Tamil Thalaivas,31,false,Dabang Delhi K.C.,32,true,Dabang Delhi K.C.,Surjeet Singh,322,3,Defender - Right Cover,Manjeet ,763,10,Raider,Sahil Surender,3025,0,Defender,Himanshu ,3161,5,Defender - Left Corner,Sagar ,3236,2,Defender - Right Corner,Sandeep Narwal,142,1,All Rounder,Jeeva Kumar,54,2,Defender,Joginder Narwal,194,3,Defender - Left Corner,Naveen Kumar,2296,13,Raider,Neeraj Narwal,3038,4,Raider,,False,False
110,"Pro Kabaddi League Season 8, 2021",W,20,2022-02-12 20:30+05:30,U Mumba won by 11 Pts,2022-02-12 20:30+05:30,Match Completed,11,1029,kabaddi,"Sheraton Grand, Whitefield, Bengaluru",2862,League,Match 111,pkl,"Pro Kabaddi League Season 8, 2021",20,+05:30,U Mumba,36,true,Bengal Warriors,25,false,U Mumba,Fazel Atrachali,259,8,Defender,Abhishek Singh,2028,8,Raider,V Ajith Kumar,3053,9,Raider,Harendra Kumar,3138,1,Defender - Left Cover,Rinku ,3964,5,Defender - Right Corner,Ran Singh,160,2,All- Rounder,Amit Nirwal,3126,2,Defender,Mohammad Nabibakhsh,3176,6,All-Rounder,,,,,,,,,,False,False
111,"Pro Kabaddi League Season 8, 2021",W,20,2022-02-12 21:30+05:30,Puneri Paltan won by 20 Pts,2022-02-12 21:30+05:30,Match Completed,20,1029,kabaddi,"Sheraton Grand, Whitefield, Bengaluru",2863,League,Match 112,pkl,"Pro Kabaddi League Season 8, 2021",20,+05:30,Telugu Titans,31,false,Puneri Paltan,51,true,Puneri Paltan,Adarsh T,3095,3,Defender - Left Corner,Akash Choudhary,3004,4,Defender - Right Corner,Galla Raju,3031,4,Raider,Muhammed Shihas,4966,0,Defender - Left Corner,,,,,Nitin Tomar,320,3,Raider,Sombir ,3000,6,Defender,Vishal Bhardwaj,3083,6,Defender,Sanket Sawant,3234,1,Defender - Left Cover,Mohit Goyat,4022,14,Raider,,False,False
112,"Pro Kabaddi League Season 8, 2021",W,20,2022-02-13 19:30+05:30,Haryana Steelers won by 10 Pts,2022-02-13 19:30+05:30,Match Completed,10,1029,kabaddi,"Sheraton Grand, Whitefield, Bengaluru",2864,League,Match 113,pkl,"Pro Kabaddi League Season 8, 2021",20,+05:30,Haryana Steelers,34,true,U Mumba,24,false,Haryana Steelers,Surender Nada,146,3,Defender - Left Corner,Ravi Kumar,240,0,Defender - Right Cover,Vikash Khandola,366,14,Raider,Ashish ,3028,13,All-Rounder,Jaideep ,4184,1,Defender - Left Cover,Pankaj ,3089,0,All Rounder,V Ajith Kumar,3053,7,Raider,Harendra Kumar,3138,0,Defender - Left Cover,Rinku ,3964,2,Defender - Right Corner,Rahul Sethpal,4186,0,Defender - Right Corner,,False,False
113,"Pro Kabaddi League Season 8, 2021",W,20,2022-02-13 20:30+05:30,Bengaluru Bulls won by 8 Pts,2022-02-13 20:30+05:30,Match Completed,8,1029,kabaddi,"Sheraton Grand, Whitefield, Bengaluru",2868,League,Match 114,pkl,"Pro Kabaddi League Season 8, 2021",20,+05:30,Bengaluru Bulls,45,true,Jaipur Pink Panthers,37,false,Bengaluru Bulls,Pawan Kumar,318,10,Raider,Jaideep ,579,4,Defender - Left Corner,More G B,772,2,Raider,Dong Geon Lee,522,1,Raider,Bharat ,4944,15,Raider,Deepak Hooda,41,6,All-Rounder,Sandeep Dhull,290,1,Defender - Left Corner,Vishal ,3159,1,Defender - Left Cover,Brijendra Chaudhary,3070,1,All Rounder,Arjun Deshwal,2024,16,Raider,,False,False
114,"Pro Kabaddi League Season 8, 2021",W,20,2022-02-13 21:30+05:30,Gujarat Giants won by 7 Pts,2022-02-13 21:30+05:30,Match Completed,7,1029,kabaddi,"Sheraton Grand, Whitefield, Bengaluru",2869,League,Match 115,pkl,"Pro Kabaddi League Season 8, 2021",20,+05:30,U.P. Yoddhas,31,false,Gujarat Giants,38,true,Gujarat Giants,Shrikant Jadhav,106,2,Raider,Sumit ,3240,4,Defender - Left Corner,Ashu Singh,3239,5,Defender - Right Cover,Surender Gill,3241,5,Raider,Shubham Kumar,4228,0,Defender - Left Cover,Girish Maruti Ernak,161,6,Defender - Left Corner,Hadi Oshtorak,249,2,All Rounder,Pardeep Kumar,4939,5,Raider,Soleiman Pahlevani,4929,2,Defender,,,,,,False,False
115,"Pro Kabaddi League Season 8, 2021",W,20,2022-02-14 19:30+05:30,Patna Pirates won by 8 Pts,2022-02-14 19:30+05:30,Match Completed,8,1029,kabaddi,"Sheraton Grand, Whitefield, Bengaluru",2870,League,Match 116,pkl,"Pro Kabaddi League Season 8, 2021",20,+05:30,Patna Pirates,38,true,Telugu Titans,30,false,Patna Pirates,Sachin ,757,14,Raider,Neeraj Kumar,3107,1,Defender - Right Cover,Monu ,3082,0,Raider,Shubham Shinde,3103,3,Defender - Right Corner,Guman Singh,3032,4,Raider,C.Arun ,191,1,Defender,Surinder Singh,3086,0,Defender,Adarsh T,3095,3,Defender - Left Corner,Akash Choudhary,3004,2,Defender - Right Corner,Galla Raju,3031,2,Raider,,False,False
116,"Pro Kabaddi League Season 8, 2021",W,20,2022-02-14 20:30+05:30,U.P. Yoddhas won by 16 Pts,2022-02-14 20:30+05:30,Match Completed,16,1029,kabaddi,"Sheraton Grand, Whitefield, Bengaluru",2871,League,Match 117,pkl,"Pro Kabaddi League Season 8, 2021",20,+05:30,Dabang Delhi K.C.,28,false,U.P. Yoddhas,44,true,U.P. Yoddhas,Sandeep Narwal,142,3,All Rounder,Manjeet Chhillar,69,0,All Rounder,Vijay Malik,3081,8,All-Rounder,Neeraj Narwal,3038,3,Raider,Manjeet ,3965,7,Raider,Pardeep Narwal,197,14,Raider,Nitesh Kumar,3088,3,Defender,Ankush ,3027,0,Raider,Sumit ,3240,2,Defender - Left Corner,Surender Gill,3241,6,Raider,,False,False
117,"Pro Kabaddi League Season 8, 2021",T,20,2022-02-14 21:30+05:30,Match Tied,2022-02-14 21:30+05:30,Match Completed,,1029,kabaddi,"Sheraton Grand, Whitefield, Bengaluru",2872,League,Match 118,pkl,"Pro Kabaddi League Season 8, 2021",20,+05:30,Gujarat Giants,31,false,Puneri Paltan,31,false,Tie,Girish Maruti Ernak,161,1,Defender - Left Corner,Sunil Kumar,368,1,Defender,Mahendra Rajput,163,3,Raider,Hadi Oshtorak,249,3,All Rounder,Parvesh Bhainswal,357,1,Defender - Left Cover,Nitin Tomar,320,1,Raider,Sombir ,3000,5,Defender,Vishal Bhardwaj,3083,2,Defender,Sanket Sawant,3234,3,Defender - Left Cover,Mohit Goyat,4022,10,Raider,,False,False
118,"Pro Kabaddi League Season 8, 2021",W,20,2022-02-15 19:30+05:30,Jaipur Pink Panthers won by 17 Pts,2022-02-15 19:30+05:30,Match Completed,17,1029,kabaddi,"Sheraton Grand, Whitefield, Bengaluru",2873,League,Match 119,pkl,"Pro Kabaddi League Season 8, 2021",20,+05:30,U Mumba,24,false,Jaipur Pink Panthers,41,true,Jaipur Pink Panthers,Abhishek Singh,2028,5,Raider,,,,,,,,,,,,,,,,,Sandeep Dhull,290,3,Defender - Left Corner,Vishal ,3159,3,Defender - Left Cover,Nitin Rawal,3065,4,All-Rounder,Brijendra Chaudhary,3070,8,All Rounder,Arjun Deshwal,2024,17,Raider,,False,False
119,"Pro Kabaddi League Season 8, 2021",W,20,2022-02-15 20:30+05:30,Patna Pirates won by 2 Pts,2022-02-15 20:30+05:30,Match Completed,2,1029,kabaddi,"Sheraton Grand, Whitefield, Bengaluru",2874,League,Match 120,pkl,"Pro Kabaddi League Season 8, 2021",20,+05:30,Patna Pirates,36,true,Bengaluru Bulls,34,false,Patna Pirates,Prashanth Rai,155,2,Raider,Monu Goyat,388,9,Raider,Sachin ,757,5,Raider,Neeraj Kumar,3107,2,Defender - Right Cover,Shubham Shinde,3103,0,Defender - Right Corner,Chandran Ranjit,36,8,Raider,Mahender Singh,769,2,Defender - Left Cover,Saurabh Nandal,3228,4,Defender - Right Corner,Mayur Kadam,4848,2,Defender - Right Cover,Bharat ,4944,4,Raider,,False,False
120,"Pro Kabaddi League Season 8, 2021",W,20,2022-02-15 21:30+05:30,Puneri Paltan won by 12 Pts,2022-02-15 21:30+05:30,Match Completed,12,1029,kabaddi,"Sheraton Grand, Whitefield, Bengaluru",2875,League,Match 121,pkl,"Pro Kabaddi League Season 8, 2021",20,+05:30,Puneri Paltan,43,true,Tamil Thalaivas,31,false,Puneri Paltan,Nitin Tomar,320,4,Raider,Sombir ,3000,3,Defender,Vishal Bhardwaj,3083,4,Defender,Sanket Sawant,3234,0,Defender - Left Cover,Mohit Goyat,4022,10,Raider,Surjeet Singh,322,3,Defender - Right Cover,Ajinkya Ashok Pawar,3097,3,Raider,Sagar ,3236,1,Defender - Right Corner,Sahil Singh,4965,2,Defender - Left Corner,,,,,,False,False
121,"Pro Kabaddi League Season 8, 2021",W,20,2022-02-16 19:30+05:30,Bengal Warriors won by 31 Pts,2022-02-16 19:30+05:30,Match Completed,31,1029,kabaddi,"Sheraton Grand, Whitefield, Bengaluru",2876,League,Match 122,pkl,"Pro Kabaddi League Season 8, 2021",20,+05:30,Bengal Warriors,52,true,Tamil Thalaivas,21,false,Bengal Warriors,Ran Singh,160,4,All- Rounder,Sukesh Hegde,111,2,Raider,Amit Nirwal,3126,2,Defender,Tapas Pal,661,1,All Rounder,Abozar Mighani,489,6,Defender - Right Corner,Santhapanaselvam ,3076,0,All-Rounder,Sahil Surender,3025,0,Defender,Mohit ,4964,2,Defender - Left Cover,Sahil Singh,4965,0,Defender - Left Corner,Asiri Alawathge,3201,0,Raider,,False,False
122,"Pro Kabaddi League Season 8, 2021",W,20,2022-02-16 20:30+05:30,Jaipur Pink Panthers won by 19 Pts,2022-02-16 20:30+05:30,Match Completed,19,1029,kabaddi,"Sheraton Grand, Whitefield, Bengaluru",2877,League,Match 123,pkl,"Pro Kabaddi League Season 8, 2021",20,+05:30,Telugu Titans,35,false,Jaipur Pink Panthers,54,true,Jaipur Pink Panthers,Adarsh T,3095,6,Defender - Left Corner,Rakesh Gowda,3046,1,Raider,Akash Choudhary,3004,1,Defender - Right Corner,,,,,,,,,Sandeep Dhull,290,5,Defender - Left Corner,Vishal ,3159,2,Defender - Left Cover,Nitin Rawal,3065,2,All-Rounder,Amirhossein Mohammad Maleki,3180,5,Raider,Brijendra Chaudhary,3070,8,All Rounder,,False,False
123,"Pro Kabaddi League Season 8, 2021",W,20,2022-02-17 19:30+05:30,U.P. Yoddhas won by 6 Pts,2022-02-17 19:30+05:30,Match Completed,6,1029,kabaddi,"Sheraton Grand, Whitefield, Bengaluru",2878,League,Match 124,pkl,"Pro Kabaddi League Season 8, 2021",20,+05:30,U.P. Yoddhas,34,true,U Mumba,28,false,U.P. Yoddhas,Pardeep Narwal,197,6,Raider,Shrikant Jadhav,106,3,Raider,Nitesh Kumar,3088,2,Defender,Sumit ,3240,3,Defender - Left Corner,Ashu Singh,3239,3,Defender - Right Cover,Fazel Atrachali,259,2,Defender,Abhishek Singh,2028,4,Raider,V Ajith Kumar,3053,5,Raider,Harendra Kumar,3138,4,Defender - Left Cover,Prathap S,3473,1,Raider,,False,False
124,"Pro Kabaddi League Season 8, 2021",W,20,2022-02-17 20:30+05:30,Bengaluru Bulls won by 22 Pts,2022-02-17 20:30+05:30,Match Completed,22,1029,kabaddi,"Sheraton Grand, Whitefield, Bengaluru",2879,League,Match 125,pkl,"Pro Kabaddi League Season 8, 2021",20,+05:30,Bengaluru Bulls,46,true,Haryana Steelers,24,false,Bengaluru Bulls,Pawan Kumar,318,20,Raider,Chandran Ranjit,36,3,Raider,Mahender Singh,769,0,Defender - Left Cover,More G B,772,0,Raider,Saurabh Nandal,3228,3,Defender - Right Corner,Surender Nada,146,4,Defender - Left Corner,Ravi Kumar,240,1,Defender - Right Cover,Vikash Khandola,366,4,Raider,Vinay ,3054,2,Raider,Ashish ,3028,4,All-Rounder,,False,False
125,"Pro Kabaddi League Season 8, 2021",W,20,2022-02-17 21:30+05:30,Dabang Delhi K.C. won by 3 Pts,2022-02-17 21:30+05:30,Match Completed,3,1029,kabaddi,"Sheraton Grand, Whitefield, Bengaluru",2880,League,Match 126,pkl,"Pro Kabaddi League Season 8, 2021",20,+05:30,Dabang Delhi K.C.,26,true,Patna Pirates,23,false,Dabang Delhi K.C.,Manjeet Chhillar,69,5,All Rounder,Vijay Malik,3081,7,All-Rounder,Neeraj Narwal,3038,1,Raider,Manjeet ,3965,0,Raider,Krishan ,4949,4,Defender,Sandeep ,299,0,Defender,Monu ,3082,2,Raider,Sourav Gulia,3593,4,Defender,Manuj ,4693,1,Defender - Right Corner,Manish ,4957,0,Defender,,False,False
126,"Pro Kabaddi League Season 8, 2021",W,20,2022-02-18 19:30+05:30,Bengal Warriors won by 7 Pts,2022-02-18 19:30+05:30,Match Completed,7,1029,kabaddi,"Sheraton Grand, Whitefield, Bengaluru",2881,League,Match 127,pkl,"Pro Kabaddi League Season 8, 2021",20,+05:30,Puneri Paltan,36,false,Bengal Warriors,43,true,Bengal Warriors,Nitin Tomar,320,2,Raider,Sombir ,3000,4,Defender,Vishal Bhardwaj,3083,3,Defender,Sanket Sawant,3234,3,Defender - Left Cover,Mohit Goyat,4022,15,Raider,Maninder Singh,143,11,Raider,Sukesh Hegde,111,7,Raider,Amit Nirwal,3126,3,Defender,Abozar Mighani,489,4,Defender - Right Corner,Mohammad Nabibakhsh,3176,3,All-Rounder,,False,False
127,"Pro Kabaddi League Season 8, 2021",W,20,2022-02-18 20:30+05:30,Dabang Delhi K.C. won by 8 Pts,2022-02-18 20:30+05:30,Match Completed,8,1029,kabaddi,"Sheraton Grand, Whitefield, Bengaluru",2882,League,Match 128,pkl,"Pro Kabaddi League Season 8, 2021",20,+05:30,Telugu Titans,32,false,Dabang Delhi K.C.,40,true,Dabang Delhi K.C.,C.Arun ,191,1,Defender,Ankit Beniwal,2322,10,Raider,Adarsh T,3095,5,Defender - Left Corner,Akash Choudhary,3004,1,Defender - Right Corner,Aakash Arsul,3237,0,Defender,Joginder Narwal,194,2,Defender - Left Corner,Balram ,3222,1,All Rounder,Mohammad Malak,4941,1,Defender,Krishan ,4949,2,Defender,,,,,,False,False
128,"Pro Kabaddi League Season 8, 2021",W,20,2022-02-18 21:30+05:30,Gujarat Giants won by 10 Pts,2022-02-18 21:30+05:30,Match Completed,10,1029,kabaddi,"Sheraton Grand, Whitefield, Bengaluru",2883,League,Match 129,pkl,"Pro Kabaddi League Season 8, 2021",20,+05:30,Tamil Thalaivas,33,false,Gujarat Giants,43,true,Gujarat Giants,Sagar B Krishna,347,1,All Rounder,Manjeet ,763,5,Raider,Bhavani Rajput,660,5,Raider,M. Abishek ,3014,3,Defender - Right Cover,Aashish ,4962,2,Defender - Left Cover,Girish Maruti Ernak,161,4,Defender - Left Corner,Sunil Kumar,368,4,Defender,Parvesh Bhainswal,357,5,Defender - Left Cover,Ajay Kumar,389,1,Raider,Pardeep Kumar,4939,5,Raider,,False,False
129,"Pro Kabaddi League Season 8, 2021",W,20,2022-02-19 19:30+05:30,Puneri Paltan won by 7 Pts,2022-02-19 19:30+05:30,Match Completed,7,1029,kabaddi,"Sheraton Grand, Whitefield, Bengaluru",2884,League,Match 130,pkl,"Pro Kabaddi League Season 8, 2021",20,+05:30,Jaipur Pink Panthers,30,false,Puneri Paltan,37,true,Puneri Paltan,Vishal ,3159,1,Defender - Left Cover,Nitin Rawal,3065,2,All-Rounder,Brijendra Chaudhary,3070,3,All Rounder,Deepak Singh,4956,0,Defender - Right Cover,,,,,Nitin Tomar,320,1,Raider,Sombir ,3000,1,Defender,Vishal Bhardwaj,3083,3,Defender,Sanket Sawant,3234,1,Defender - Left Cover,Mohit Goyat,4022,14,Raider,,False,False
130,"Pro Kabaddi League Season 8, 2021",W,20,2022-02-19 20:30+05:30,Gujarat Giants won by 6 Pts,2022-02-19 20:30+05:30,Match Completed,6,1029,kabaddi,"Sheraton Grand, Whitefield, Bengaluru",2885,League,Match 131,pkl,"Pro Kabaddi League Season 8, 2021",20,+05:30,Gujarat Giants,30,true,U Mumba,24,false,Gujarat Giants,Sunil Kumar,368,1,Defender,Hadi Oshtorak,249,2,All Rounder,Pardeep Kumar,4939,0,Raider,Rakesh ,3966,13,Raider,,,,,Fazel Atrachali,259,3,Defender,Sunil Siddhgavali,613,0,Defender,V Ajith Kumar,3053,11,Raider,Harendra Kumar,3138,1,Defender - Left Cover,Ajinkya Kapre,2025,3,All-Rounder,,False,False
131,"Pro Kabaddi League Season 8, 2021",W,20,2022-02-19 21:30+05:30,Patna Pirates won by 3 Pts,2022-02-19 21:30+05:30,Match Completed,3,1029,kabaddi,"Sheraton Grand, Whitefield, Bengaluru",2886,League,Match 132,pkl,"Pro Kabaddi League Season 8, 2021",20,+05:30,Patna Pirates,30,true,Haryana Steelers,27,false,Patna Pirates,Monu Goyat,388,3,Raider,Sachin ,757,8,Raider,Shubham Shinde,3103,2,Defender - Right Corner,Sajin Chandrasekar,3343,1,All-Rounder,Mohammadreza Chiyaneh,4925,5,All-Rounder,Surender Nada,146,2,Defender - Left Corner,Ravi Kumar,240,1,Defender - Right Cover,Rohit Gulia,3023,1,All-Rounder,Jaideep ,4184,5,Defender - Left Cover,Mohit ,4954,0,Defender - Right Cover,,False,False
132,"Pro Kabaddi League Season 8, 2021",W,20,2022-02-21 19:30+05:30,U.P. Yoddhas won by 11 Pts,2022-02-21 19:30+05:30,Match Completed,11,1029,kabaddi,"Sheraton Grand, Whitefield, Bengaluru",2887,Playoffs,Eliminator 1,pkl,"Pro Kabaddi League Season 8, 2021",20,+05:30,U.P. Yoddhas,42,true,Puneri Paltan,31,false,U.P. Yoddhas,Pardeep Narwal,197,18,Raider,Nitesh Kumar,3088,3,Defender,Sumit ,3240,5,Defender - Left Corner,Ashu Singh,3239,1,Defender - Right Cover,Surender Gill,3241,5,Raider,Vishal Bhardwaj,3083,1,Defender,Sanket Sawant,3234,0,Defender - Left Cover,Mohit Goyat,4022,4,Raider,Abinesh Nadarajan,4192,1,Defender - Right Cover,Aslam Inamdar,4960,10,All-rounder,,False,False
133,"Pro Kabaddi League Season 8, 2021",W,20,2022-02-21 20:30+05:30,Bengaluru Bulls won by 20 Pts,2022-02-21 20:30+05:30,Match Completed,20,1029,kabaddi,"Sheraton Grand, Whitefield, Bengaluru",2888,Playoffs,Eliminator 2,pkl,"Pro Kabaddi League Season 8, 2021",20,+05:30,Gujarat Giants,29,false,Bengaluru Bulls,49,true,Bengaluru Bulls,Girish Maruti Ernak,161,0,Defender - Left Corner,Sunil Kumar,368,2,Defender,Hadi Oshtorak,249,1,All Rounder,Parvesh Bhainswal,357,3,Defender - Left Cover,Ajay Kumar,389,2,Raider,Pawan Kumar,318,13,Raider,Chandran Ranjit,36,7,Raider,Mahender Singh,769,5,Defender - Left Cover,Saurabh Nandal,3228,4,Defender - Right Corner,Mayur Kadam,4848,1,Defender - Right Cover,,False,False
134,"Pro Kabaddi League Season 8, 2021",W,20,2022-02-23 19:30+05:30,Patna Pirates won by 11 Pts,2022-02-23 19:30+05:30,Match Completed,11,1029,kabaddi,"Sheraton Grand, Whitefield, Bengaluru",2889,Semi Final,Semi Final 1,pkl,"Pro Kabaddi League Season 8, 2021",20,+05:30,Patna Pirates,38,true,U.P. Yoddhas,27,false,Patna Pirates,Sachin ,757,7,Raider,Neeraj Kumar,3107,2,Defender - Right Cover,Monu ,3082,1,Raider,Shubham Shinde,3103,0,Defender - Right Corner,Guman Singh,3032,8,Raider,Nitesh Kumar,3088,2,Defender,Surender Gill,3241,1,Raider,Shubham Kumar,4228,1,Defender - Left Cover,,,,,,,,,,False,False
135,"Pro Kabaddi League Season 8, 2021",W,20,2022-02-23 20:30+05:30,Dabang Delhi K.C. won by 5 Pts,2022-02-23 20:30+05:30,Match Completed,5,1029,kabaddi,"Sheraton Grand, Whitefield, Bengaluru",2890,Semi Final,Semi Final 2,pkl,"Pro Kabaddi League Season 8, 2021",20,+05:30,Dabang Delhi K.C.,40,true,Bengaluru Bulls,35,false,Dabang Delhi K.C.,Sandeep Narwal,142,3,All Rounder,Joginder Narwal,194,1,Defender - Left Corner,Naveen Kumar,2296,14,Raider,Neeraj Narwal,3038,5,Raider,,,,,Pawan Kumar,318,18,Raider,Mahender Singh,769,3,Defender - Left Cover,More G B,772,0,Raider,Saurabh Nandal,3228,4,Defender - Right Corner,Mayur Kadam,4848,0,Defender - Right Cover,,False,False
136,"Pro Kabaddi League Season 8, 2021",W,20,2022-02-25 20:30+05:30,Dabang Delhi K.C. won by 1 Pts,2022-02-25 20:30+05:30,Match Completed,1,1029,kabaddi,"Sheraton Grand, Whitefield, Bengaluru",2891,Final,Final,pkl,"Pro Kabaddi League Season 8, 2021",20,+05:30,Patna Pirates,36,false,Dabang Delhi K.C.,37,true,Dabang Delhi K.C.,Neeraj Kumar,3107,1,Defender - Right Cover,Monu ,3082,5,Raider,Shubham Shinde,3103,0,Defender - Right Corner,Sajin Chandrasekar,3343,1,All-Rounder,Sourav Gulia,3593,0,Defender,Jeeva Kumar,54,0,Defender,Manjeet Chhillar,69,2,All Rounder,Joginder Narwal,194,0,Defender - Left Corner,Vijay Malik,3081,14,All-Rounder,Naveen Kumar,2296,13,Raider,,False,False
