,tour_name,result_code,series_id,end_date,event_sub_status,start_date,event_status,winning_margin,venue_id,sport,venue_name,game_id,event_stage,event_name,league_code,series_name,tour_id,venue_gmt_offset,team1_name,team1_score,team1_highlight,team2_name,team2_score,team2_highlight,winner,team1_player1_name,team1_player1_id,team1_player1_value,team1_player1_type,team1_player2_name,team1_player2_id,team1_player2_value,team1_player2_type,team1_player3_name,team1_player3_id,team1_player3_value,team1_player3_type,team1_player4_name,team1_player4_id,team1_player4_value,team1_player4_type,team1_player5_name,team1_player5_id,team1_player5_value,team1_player5_type,team2_player1_name,team2_player1_id,team2_player1_value,team2_player1_type,team2_player2_name,team2_player2_id,team2_player2_value,team2_player2_type,team2_player3_name,team2_player3_id,team2_player3_value,team2_player3_type,win_by_coin_toss,extra_time,golden_raid,team2_player4_name,team2_player4_id,team2_player4_value,team2_player4_type,team2_player5_name,team2_player5_id,team2_player5_value,team2_player5_type
0,"Pro Kabaddi League Season 7, 2019",W,11,2019-07-20 19:30+05:30,U Mumba Won by 6 Pts,2019-07-20 19:30+05:30,Match Completed,6,13,kabaddi,"Gachibowli Indoor Stadium, Hyderabad",1685,League,Match 1,pkl,"Pro Kabaddi League Season 7, 2019",11,+05:30,Telugu Titans,25,false,U Mumba,31,true,U Mumba,Rakesh Gowda,3046,4,Raider,Rajnish ,2290,8,Raider,Farhad Milaghardan,482,3,Defender,Vishal Bharadwaj,3083,2,defender,Siddharth Desai,2026,5,Raider,Fazel Atrachali,259,4,defender,Abhishek Singh,2028,10,Raider,Rohit Baliyan,261,4,Raider,,False,False,,,,,,,,
1,"Pro Kabaddi League Season 7, 2019",W,11,2019-07-20 20:30+05:30,Bengaluru Bulls Won by 2 Pts,2019-07-20 20:30+05:30,Match Completed,2,13,kabaddi,"Gachibowli Indoor Stadium, Hyderabad",1686,League,Match 2,pkl,"Pro Kabaddi League Season 7, 2019",11,+05:30,Bengaluru Bulls,34,true,Patna Pirates,32,false,Bengaluru Bulls,Sumit Singh,3104,4,raider,Rohit Kumar,326,4,raider,Vijay Kumar,768,0,Defender,Amit Sheoran,3115,5,Defender,Pawan Kumar,318,9,raider,Vikash Jaglan,121,4,all-rounder,Jang Lee,12,1,Raider,Neeraj Kumar,3107,2,Defender,,False,False,Hadi Oshtorak,249,3,All Rounder,Mohammad Mahalli,3175,9,Raider
2,"Pro Kabaddi League Season 7, 2019",W,11,2019-07-21 19:30+05:30,Gujarat Giants Won by 18 Pts,2019-07-21 19:30+05:30,Match Completed,18,13,kabaddi,"Gachibowli Indoor Stadium, Hyderabad",1687,League,Match 3,pkl,"Pro Kabaddi League Season 7, 2019",11,+05:30,Bengaluru Bulls,24,false,Gujarat Giants,42,true,Gujarat Giants,Mahender Singh,769,4,Defender,Rohit Kumar,326,4,raider,Pawan Kumar,318,8,raider,,,,,,,,,Ankit ,3227,0,Defender,Abolfazel Maghsodlo,300,0,Raider,Sunil Kumar,368,6,Defender,,False,False,Sonu GFG,3128,5,Raider,More G B,772,6,Raider
3,"Pro Kabaddi League Season 7, 2019",W,11,2019-07-21 20:30+05:30,Tamil Thalaivas Won by 13 Pts,2019-07-21 20:30+05:30,Match Completed,13,13,kabaddi,"Gachibowli Indoor Stadium, Hyderabad",1688,League,Match 4,pkl,"Pro Kabaddi League Season 7, 2019",11,+05:30,Telugu Titans,26,false,Tamil Thalaivas,39,true,Tamil Thalaivas,Kamal Singh ,2307,2, ,Farhad Milaghardan,482,3,Defender,Vishal Bharadwaj,3083,2,defender,Siddharth Desai,2026,6,Raider,Abozar Mighani,489,2,Defender,Rahul Chaudhari,81,12,Raider,Mohit Chhillar,71,4,Defender,V Ajith Kumar,3053,3,Raider,,False,False,Ajay Thakur,26,4,Raider,Ajeet ,3111,2,Defender
4,"Pro Kabaddi League Season 7, 2019",W,11,2019-07-22 19:30+05:30,Jaipur Pink Panthers Won by 19 Pts,2019-07-22 19:30+05:30,Match Completed,19,13,kabaddi,"Gachibowli Indoor Stadium, Hyderabad",1689,League,Match 5,pkl,"Pro Kabaddi League Season 7, 2019",11,+05:30,U Mumba,23,false,Jaipur Pink Panthers,42,true,Jaipur Pink Panthers,Athul M S,376,2,Raider,Abhishek Singh,2028,7,Raider,Sandeep Narwal,142,1,all-rounder,Harendra Kumar,3138,0,Defender,Dong Geon Lee,522,6,Raider,Vishal ,3159,3,defender,Sandeep Dhull,290,1,Defender,Deepak Hooda,41,11,all-rounder,,False,False,Deepak Narwal,211,6,Raider,Sachin Narwal,3154,2,All Rounder
5,"Pro Kabaddi League Season 7, 2019",W,11,2019-07-22 20:30:20.000 +05:30,Haryana Steelers Won by 10 Pts,2019-07-22 20:30:20.000 +05:30,Match Completed,10,13,kabaddi,"Gachibowli Indoor Stadium, Hyderabad",1690,League,Match 6,pkl,"Pro Kabaddi League Season 7, 2019",11,+05:30,Puneri Paltan,24,false,Haryana Steelers,34,true,Haryana Steelers,Hadi Tajik,301,0,defender,Jadhav Shahaji,3011,3,Defender,Girish Maruti Ernak,161,1,Defender,Shubham Shinde,3103,3,Defender - Right corner,Pawan Kumar,156,10,Raider,Parveen ,3100,4,Defender - Left Cover,Selvamani K ,264,3,raider,Kuldeep Singh (732),732,3,All Rounder,,False,False,Naveen ,2357,14,Raider,,,,
6,"Pro Kabaddi League Season 7, 2019",W,11,2019-07-24 19:30+05:30,Bengal Warriors Won by 31 Pts,2019-07-24 19:30+05:30,Match Completed,31,13,kabaddi,"Gachibowli Indoor Stadium, Hyderabad",1691,League,Match 7,pkl,"Pro Kabaddi League Season 7, 2019",11,+05:30,U.P. Yoddha,17,false,Bengal Warriors,48,true,Bengal Warriors,Nitesh Kumar,3088,3,Defender,Sumit ,3240,0,Defender,Amit ,3126,2,defender,Monu Goyat,388,6,Raider,,,,,Baldev Singh,621,7,Defender - Right Corner,Mohammad Nabibakhsh,3176,10,All Rounder,Naveen Narwal,3220,0,Defender,,False,False,Jeeva Kumar,54,3,Defender,Maninder Singh,143,9,raider
7,"Pro Kabaddi League Season 7, 2019",W,11,2019-07-24 20:30+05:30,Dabang Delhi K.C. Won by 1 Pts,2019-07-24 20:30+05:30,Match Completed,1,13,kabaddi,"Gachibowli Indoor Stadium, Hyderabad",1692,League,Match 8,pkl,"Pro Kabaddi League Season 7, 2019",11,+05:30,Telugu Titans,33,false,Dabang Delhi K.C.,34,true,Dabang Delhi K.C.,Farhad Milaghardan,482,1,Defender,Vishal Bharadwaj,3083,4,defender,Suraj Desai,3058,18,All Rounder,Abozar Mighani,489,0,Defender,C.Arun ,191,0,Defender,Vijay ,3081,1,all-rounder,Anil Kumar,311,0, ,Joginder Narwal,194,4,Defender,,False,False,Naveen Kumar,2296,14,Raider,Vishal Mane,123,0,Defender
8,"Pro Kabaddi League Season 7, 2019",W,11,2019-07-25 19:30+05:30,Dabang Delhi K.C. Won by 1 Pts,2019-07-25 19:30+05:30,Match Completed,1,13,kabaddi,"Gachibowli Indoor Stadium, Hyderabad",1693,League,Match 9,pkl,"Pro Kabaddi League Season 7, 2019",11,+05:30,Dabang Delhi K.C.,30,true,Tamil Thalaivas,29,false,Dabang Delhi K.C.,Sombir ,3000,0,Defender,Joginder Narwal,194,4,Defender,Naveen Kumar,2296,8,Raider,Vishal Mane,123,2,Defender,Chandran Ranjit,36,1,Raider,Rahul Chaudhari,81,7,Raider,Mohit Chhillar,71,2,Defender,Shabeer Bappu,105,0,Defender,,False,False,Ran Singh,160,1,All Rounder,,,,
9,"Pro Kabaddi League Season 7, 2019",W,11,2019-07-26 19:30+05:30,Gujarat Giants Won by 25 Pts,2019-07-26 19:30+05:30,Match Completed,25,13,kabaddi,"Gachibowli Indoor Stadium, Hyderabad",1694,League,Match 10,pkl,"Pro Kabaddi League Season 7, 2019",11,+05:30,U.P. Yoddha,19,false,Gujarat Giants,44,true,Gujarat Giants,Mohsen Maghsoudlou,567,0,all-rounder,Shrikant Jadhav,106,5,raider,,,,,,,,,,,,,Vinod Kumar,764,0,Raider,Parvesh Bhainswal,357,6,defender,Abolfazel Maghsodlo,300,0,Raider,,False,False,Sunil Kumar,368,2,Defender,Ruturaj Koravi,2023,0,Defender
10,"Pro Kabaddi League Season 7, 2019",W,11,2019-07-26 20:30+05:30,Patna Pirates Won by 12 Pts,2019-07-26 20:30+05:30,Match Completed,12,13,kabaddi,"Gachibowli Indoor Stadium, Hyderabad",1695,League,Match 11,pkl,"Pro Kabaddi League Season 7, 2019",11,+05:30,Telugu Titans,22,false,Patna Pirates,34,true,Patna Pirates,Farhad Milaghardan,482,1,Defender,Suraj Desai,3058,1,All Rounder,Siddharth Desai,2026,6,Raider,Abozar Mighani,489,2,Defender,Krushna Madane,274,2,Defender,Jang Lee,12,4,Raider,Hadi Oshtorak,249,2,All Rounder,Monu ,3082,4,Raider,,False,False,,,,,,,,
11,"Pro Kabaddi League Season 7, 2019",W,11,2019-07-27 19:30+05:30,U Mumba Won by 10 Pts,2019-07-27 19:30+05:30,Match Completed,10,3,kabaddi,"DOME,NSCI,SVP STADIUM,MUMBAI, Mumbai",1696,League,Match 12,pkl,"Pro Kabaddi League Season 7, 2019",11,+05:30,U Mumba,33,true,Puneri Paltan,23,false,U Mumba,Fazel Atrachali,259,4,defender,Surinder Singh,3086,4,Defender,Sandeep Narwal,142,4,all-rounder,Young Chang Ko,519,0,Defender,Rohit Baliyan,261,4,Raider,Surjeet Singh,322,6,Defender,Shubham Shinde,3103,3,Defender - Right corner,Sushant Sail,3235,3,Raider,,False,False,Sanket Sawant,3234,3,Defender,,,,
12,"Pro Kabaddi League Season 7, 2019",W,11,2019-07-27 20:30+05:30,Jaipur Pink Panthers Won by 2 Pts,2019-07-27 20:30+05:30,Match Completed,2,3,kabaddi,"DOME,NSCI,SVP STADIUM,MUMBAI, Mumbai",1697,League,Match 13,pkl,"Pro Kabaddi League Season 7, 2019",11,+05:30,Jaipur Pink Panthers,27,true,Bengal Warriors,25,false,Jaipur Pink Panthers,Vishal ,3159,0,defender,Sandeep Dhull,290,8,Defender,Deepak Hooda,41,6,all-rounder,Deepak Narwal,211,4,Raider,Sachin Narwal,3154,2,All Rounder,Mohammad Nabibakhsh,3176,2,All Rounder,Mohammad Taghi Paein Mahali ,3177,1,raider,Jeeva Kumar,54,0,Defender,,False,False,Maninder Singh,143,6,raider,K.Prapanjan ,219,7,raider
13,"Pro Kabaddi League Season 7, 2019",W,11,2019-07-28 19:30+05:30,Dabang Delhi K.C. Won by 20 Pts,2019-07-28 19:30+05:30,Match Completed,20,3,kabaddi,"DOME,NSCI,SVP STADIUM,MUMBAI, Mumbai",1698,League,Match 14,pkl,"Pro Kabaddi League Season 7, 2019",11,+05:30,Dabang Delhi K.C.,41,true,Haryana Steelers,21,false,Dabang Delhi K.C.,Ravinder Pahal,157,0,Defender,Joginder Narwal,194,3,Defender,Naveen Kumar,2296,10,Raider,Aman Kadian,3098,1, ,Chandran Ranjit,36,11,Raider,Parveen ,3100,0,Defender - Left Cover,Vikas kale,179,0,Defender,Vinay ,3054,5,Raider,,False,False,Vikram Kandola,2351,0, ,,,,
14,"Pro Kabaddi League Season 7, 2019",W,11,2019-07-28 20:30+05:30,Bengaluru Bulls Won by 4 Pts,2019-07-28 20:30+05:30,Match Completed,4,3,kabaddi,"DOME,NSCI,SVP STADIUM,MUMBAI, Mumbai",1699,League,Match 15,pkl,"Pro Kabaddi League Season 7, 2019",11,+05:30,U Mumba,26,false,Bengaluru Bulls,30,true,Bengaluru Bulls,Fazel Atrachali,259,3,defender,Arjun Deshwal,2024,6,Raider,Surinder Singh,3086,2,Defender,Rajaguru Subramanian,84,0,Defender,Young Chang Ko,519,0,Defender,Mahender Singh,769,4,Defender,Rohit Kumar,326,1,raider,Vijay Kumar,768,0,Defender,,False,False,Amit Sheoran,3115,1,Defender,Pawan Kumar,318,11,raider
15,"Pro Kabaddi League Season 7, 2019",W,11,2019-07-29 19:30+05:30,Patna Pirates Won by 1 Pts,2019-07-29 19:30+05:30,Match Completed,1,3,kabaddi,"DOME,NSCI,SVP STADIUM,MUMBAI, Mumbai",1700,League,Match 16,pkl,"Pro Kabaddi League Season 7, 2019",11,+05:30,Tamil Thalaivas,23,false,Patna Pirates,24,true,Patna Pirates,Ajay Thakur,26,3,Raider,Ajeet ,3111,3,Defender,Mohit Chhillar,71,1,Defender,V Ajith Kumar,3053,0,Raider,,,,,Vikash Jaglan,121,1,all-rounder,Neeraj Kumar,3107,1,Defender,Mohammad Mahalli,3175,2,Raider,,False,False,Jaideep ,579,7,Defender,Monu ,3082,5,Raider
16,"Pro Kabaddi League Season 7, 2019",W,11,2019-07-29 20:30+05:30,Bengal Warriors Won by 20 Pts,2019-07-29 20:30+05:30,Match Completed,20,3,kabaddi,"DOME,NSCI,SVP STADIUM,MUMBAI, Mumbai",1701,League,Match 17,pkl,"Pro Kabaddi League Season 7, 2019",11,+05:30,Bengal Warriors,43,true,Puneri Paltan,23,false,Bengal Warriors,,,,,,,,,,,,,,,,,,,,,,,,,,,,,,,,,,False,False,,,,,,,,
17,"Pro Kabaddi League Season 7, 2019",W,11,2019-07-31 19:30+05:30,Jaipur Pink Panthers Won by 16 Pts,2019-07-31 19:30+05:30,Match Completed,16,3,kabaddi,"DOME,NSCI,SVP STADIUM,MUMBAI, Mumbai",1702,League,Match 18,pkl,"Pro Kabaddi League Season 7, 2019",11,+05:30,Haryana Steelers,21,false,Jaipur Pink Panthers,37,true,Jaipur Pink Panthers,Sunil ,3106,6,Defender - Right Corner,Dharmaraj Cheralathan,42,0,Defender,Parveen ,3100,0,Defender - Left Cover,Selvamani K ,264,5,raider,Vikas kale,179,1,Defender,Vishal ,3159,4,defender,Sandeep Dhull,290,6,Defender,Deepak Hooda,41,14,all-rounder,,False,False,Sunil Siddhgavali,613,2,defender,Ajinkya Ashok Pawar,3097,2,Raider
18,"Pro Kabaddi League Season 7, 2019",W,11,2019-07-31 20:30+05:30,U.P. Yoddha Won by 4 Pts,2019-07-31 20:30+05:30,Match Completed,4,3,kabaddi,"DOME,NSCI,SVP STADIUM,MUMBAI, Mumbai",1703,League,Match 19,pkl,"Pro Kabaddi League Season 7, 2019",11,+05:30,U Mumba,23,false,U.P. Yoddha,27,true,U.P. Yoddha,Arjun Deshwal,2024,0,Raider,Athul M S,376,1,Raider,Abhishek Singh,2028,3,Raider,,,,,,,,,Nitesh Kumar,3088,2,Defender,Rishank Devadiga,94,2,Raider,Sumit ,3240,6,Defender,,False,False,Sachin Kumar,218,0,Defender,Amit ,3126,1,defender
19,"Pro Kabaddi League Season 7, 2019",W,11,2019-08-01 19:30+05:30,Gujarat Giants Won by 5 Pts,2019-08-01 19:30+05:30,Match Completed,5,3,kabaddi,"DOME,NSCI,SVP STADIUM,MUMBAI, Mumbai",1704,League,Match 20,pkl,"Pro Kabaddi League Season 7, 2019",11,+05:30,Gujarat Giants,31,true,Dabang Delhi K.C.,26,false,Gujarat Giants,Parvesh Bhainswal,357,2,defender,Ankit ,3227,1,Defender,Sunil Kumar,368,1,Defender,Sumit ,3226,1,Defender,More G B,772,9,Raider,Vijay ,3081,0,all-rounder,Ravinder Pahal,157,2,Defender,Joginder Narwal,194,2,Defender,,False,False,Naveen Kumar,2296,10,Raider,Vishal Mane,123,1,Defender
20,"Pro Kabaddi League Season 7, 2019",Tied,11,2019-08-02 19:30+05:30,,2019-08-02 19:30+05:30,Match Completed,,3,kabaddi,"DOME,NSCI,SVP STADIUM,MUMBAI, Mumbai",1705,League,Match 21,pkl,"Pro Kabaddi League Season 7, 2019",11,+05:30,Telugu Titans,20,false,U.P. Yoddha,20,false,Unknown,Rakesh Gowda,3046,0,Raider,Farhad Milaghardan,482,4,Defender,Vishal Bharadwaj,3083,1,defender,Siddharth Desai,2026,5,Raider,Abozar Mighani,489,4,Defender,Nitesh Kumar,3088,4,Defender,Sachin Kumar,218,1,Defender,Amit ,3126,4,defender,,False,False,Ashu Singh,3239,1,Defender,,,,
21,"Pro Kabaddi League Season 7, 2019",W,11,2019-08-02 20:30+05:30,U Mumba Won by 12 Pts,2019-08-02 20:30+05:30,Match Completed,12,3,kabaddi,"DOME,NSCI,SVP STADIUM,MUMBAI, Mumbai",1706,League,Match 22,pkl,"Pro Kabaddi League Season 7, 2019",11,+05:30,U Mumba,32,true,Gujarat Giants,20,false,U Mumba,Surinder Singh,3086,9,Defender,Sandeep Narwal,142,0,all-rounder,Young Chang Ko,519,4,Defender,Rohit Baliyan,261,3,Raider,Dong Geon Lee,522,2,Raider,Ruturaj Koravi,2023,0,Defender,Harmanjit Singh,3225,4,Raider,Sumit ,3226,0,Defender,,False,False,Sonu GFG,3128,3,Raider,More G B,772,3,Raider
22,"Pro Kabaddi League Season 7, 2019",W,11,2019-08-03 19:30+05:30,Jaipur Pink Panthers Won by 13 Pts,2019-08-03 19:30+05:30,Match Completed,13,5,kabaddi,"Patliputra Indoor Stadium, Patna",1707,League,Match 23,pkl,"Pro Kabaddi League Season 7, 2019",11,+05:30,Patna Pirates,21,false,Jaipur Pink Panthers,34,true,Jaipur Pink Panthers,Vikash Jaglan,121,0,all-rounder,Jang Lee,12,0,Raider,Neeraj Kumar,3107,2,Defender,Hadi Oshtorak,249,1,All Rounder,,,,,Vishal ,3159,2,defender,Sandeep Dhull,290,8,Defender,Deepak Narwal,211,9,Raider,,False,False,Sachin Narwal,3154,1,All Rounder,Amit Hooda,212,5,Defender
23,"Pro Kabaddi League Season 7, 2019",W,11,2019-08-03 20:30+05:30,Bengaluru Bulls Won by 1 Pts,2019-08-03 20:30+05:30,Match Completed,1,5,kabaddi,"Patliputra Indoor Stadium, Patna",1708,League,Match 24,pkl,"Pro Kabaddi League Season 7, 2019",11,+05:30,Bengal Warriors,42,false,Bengaluru Bulls,43,true,Bengaluru Bulls,Baldev Singh,621,0,Defender - Right Corner,Mohammad Nabibakhsh,3176,8,All Rounder,Adarsh T,3095,1,Defender - Left Corner,Maninder Singh,143,11,raider,,,,,Mohit Sehrawat,3019,1,Defender,Ajay ,3096,0, ,Rohit Kumar,326,1,raider,,False,False,Amit Sheoran,3115,2,Defender,Pawan Kumar,318,29,raider
24,"Pro Kabaddi League Season 7, 2019",W,11,2019-08-04 19:30+05:30,Tamil Thalaivas Won by 7 Pts,2019-08-04 19:30+05:30,Match Completed,7,5,kabaddi,"Patliputra Indoor Stadium, Patna",1709,League,Match 25,pkl,"Pro Kabaddi League Season 7, 2019",11,+05:30,Haryana Steelers,28,false,Tamil Thalaivas,35,true,Tamil Thalaivas,Ravi Kumar,240,0,Defender,,,,,,,,,,,,,,,,,Rahul Chaudhari,81,14,Raider,Mohit Chhillar,71,2,Defender,Manjeet Chhillar,69,3,All Rounder,,False,False,Ajay Thakur,26,5,Raider,Ajeet ,3111,1,Defender
25,"Pro Kabaddi League Season 7, 2019",W,11,2019-08-04 20:30+05:30,Puneri Paltan Won by 21 Pts,2019-08-04 20:30+05:30,Match Completed,21,5,kabaddi,"Patliputra Indoor Stadium, Patna",1710,League,Match 26,pkl,"Pro Kabaddi League Season 7, 2019",11,+05:30,Patna Pirates,20,false,Puneri Paltan,41,true,Puneri Paltan,Vikash Jaglan,121,0,all-rounder,,,,,,,,,,,,,,,,,Manjeet ,763,6,raider,Surjeet Singh,322,3,Defender,Girish Maruti Ernak,161,4,Defender,,False,False,Shubham Shinde,3103,1,Defender - Right corner,Pankaj Mohite,3233,8,Raider
26,"Pro Kabaddi League Season 7, 2019",W,11,2019-08-05 19:30+05:30,Dabang Delhi K.C. Won by 11 Pts,2019-08-05 19:30+05:30,Match Completed,11,5,kabaddi,"Patliputra Indoor Stadium, Patna",1711,League,Match 27,pkl,"Pro Kabaddi League Season 7, 2019",11,+05:30,Dabang Delhi K.C.,35,true,Jaipur Pink Panthers,24,false,Dabang Delhi K.C.,Ravinder Pahal,157,3,Defender,Joginder Narwal,194,1,Defender,Naveen Kumar,2296,12,Raider,Vishal Mane,123,1,Defender,Chandran Ranjit,36,10,Raider,Vishal ,3159,0,defender,Sandeep Dhull,290,0,Defender,Deepak Hooda,41,11,all-rounder,,False,False,Deepak Narwal,211,5,Raider,Nilesh Salunke,293,2,Defender
27,"Pro Kabaddi League Season 7, 2019",W,11,2019-08-05 20:30+05:30,Puneri Paltan Won by 2 Pts,2019-08-05 20:30+05:30,Match Completed,2,5,kabaddi,"Patliputra Indoor Stadium, Patna",1712,League,Match 28,pkl,"Pro Kabaddi League Season 7, 2019",11,+05:30,Gujarat Giants,31,false,Puneri Paltan,33,true,Puneri Paltan,Parvesh Bhainswal,357,1,defender,Rohit Gulia,3023,6,All Rounder,Sunil Kumar,368,1,Defender,Ruturaj Koravi,2023,1,Defender,Sumit ,3226,2,Defender,Manjeet ,763,5,raider,Girish Maruti Ernak,161,6,Defender,Pankaj Mohite,3233,3,Raider,,False,False,Sanket Sawant,3234,1,Defender,,,,
28,"Pro Kabaddi League Season 7, 2019",Tied,11,2019-08-07 19:30+05:30,,2019-08-07 19:30+05:30,Match Completed,,5,kabaddi,"Patliputra Indoor Stadium, Patna",1713,League,Match 29,pkl,"Pro Kabaddi League Season 7, 2019",11,+05:30,U.P. Yoddha,28,false,Tamil Thalaivas,28,false,Unknown,Rishank Devadiga,94,5,Raider,Sumit ,3240,4,Defender,Amit ,3126,2,defender,Ashu Singh,3239,2,Defender,Monu Goyat,388,3,Raider,Rahul Chaudhari,81,5,Raider,Mohit Chhillar,71,3,Defender,Manjeet Chhillar,69,4,All Rounder,,False,False,Ajay Thakur,26,3,Raider,Ajeet ,3111,0,Defender
29,"Pro Kabaddi League Season 7, 2019",W,11,2019-08-07 20:30+05:30,Haryana Steelers Won by 9 Pts,2019-08-07 20:30+05:30,Match Completed,9,5,kabaddi,"Patliputra Indoor Stadium, Patna",1714,League,Match 30,pkl,"Pro Kabaddi League Season 7, 2019",11,+05:30,Patna Pirates,26,false,Haryana Steelers,35,true,Haryana Steelers,Vikash Jaglan,121,0,all-rounder,Neeraj Kumar,3107,1,Defender,Hadi Oshtorak,249,2,All Rounder,Jaideep ,579,2,Defender,Monu ,3082,1,Raider,Sunil ,3106,4,Defender - Right Corner,Dharmaraj Cheralathan,42,3,Defender,Vikas kale,179,1,Defender,,False,False,Ravi Kumar,240,4,Defender,Vinay ,3054,6,Raider
30,"Pro Kabaddi League Season 7, 2019",W,11,2019-08-08 19:30+05:30,Bengaluru Bulls Won by 21 Pts,2019-08-08 19:30+05:30,Match Completed,21,5,kabaddi,"Patliputra Indoor Stadium, Patna",1715,League,Match 31,pkl,"Pro Kabaddi League Season 7, 2019",11,+05:30,Telugu Titans,26,false,Bengaluru Bulls,47,true,Bengaluru Bulls,Farhad Milaghardan,482,1,Defender,Vishal Bharadwaj,3083,6,defender,Suraj Desai,3058,1,All Rounder,Abozar Mighani,489,0,Defender,,,,,Mahender Singh,769,7,Defender,Rohit Kumar,326,8,raider,Vijay Kumar,768,3,Defender,,False,False,Amit Sheoran,3115,2,Defender,Pawan Kumar,318,17,raider
31,"Pro Kabaddi League Season 7, 2019",W,11,2019-08-09 19:30+05:30,Bengal Warriors Won by 2 Pts,2019-08-09 19:30+05:30,Match Completed,2,5,kabaddi,"Patliputra Indoor Stadium, Patna",1716,League,Match 32,pkl,"Pro Kabaddi League Season 7, 2019",11,+05:30,Bengal Warriors,32,true,U Mumba,30,false,Bengal Warriors,Baldev Singh,621,5,Defender - Right Corner,Mohammad Nabibakhsh,3176,3,All Rounder,Mohammad Taghi Paein Mahali ,3177,0,raider,Jeeva Kumar,54,4,Defender,K.Prapanjan ,219,6,raider,Fazel Atrachali,259,2,defender,Surinder Singh,3086,4,Defender,Athul M S,376,1,Raider,,False,False,Sandeep Narwal,142,3,all-rounder,Young Chang Ko,519,0,Defender
32,"Pro Kabaddi League Season 7, 2019",W,11,2019-08-09 20:30+05:30,Patna Pirates Won by 21 Pts,2019-08-09 20:30+05:30,Match Completed,21,5,kabaddi,"Patliputra Indoor Stadium, Patna",1717,League,Match 33,pkl,"Pro Kabaddi League Season 7, 2019",11,+05:30,Patna Pirates,41,true,U.P. Yoddha,20,false,Patna Pirates,Vikash Jaglan,121,3,all-rounder,Jang Lee,12,5,Raider,Neeraj Kumar,3107,8,Defender,Hadi Oshtorak,249,0,All Rounder,Monu ,3082,2,Raider,Nitesh Kumar,3088,0,Defender,Mohsen Maghsoudlou,567,1,all-rounder,Sumit ,3240,5,Defender,,False,False,Surender Gill,3241,3,Raider,Amit ,3126,0,defender
33,"Pro Kabaddi League Season 7, 2019",W,11,2019-08-10 19:30+05:30,Tamil Thalaivas Won by 6 Pts,2019-08-10 19:30+05:30,Match Completed,6,1023,kabaddi,"The Arena by TransStadia, Ahmedabad",1718,League,Match 34,pkl,"Pro Kabaddi League Season 7, 2019",11,+05:30,Gujarat Giants,28,false,Tamil Thalaivas,34,true,Tamil Thalaivas,Parvesh Bhainswal,357,1,defender,Ankit ,3227,1,Defender,Rohit Gulia,3023,9,All Rounder,Sunil Kumar,368,6,Defender,Sumit ,3226,1,Defender,Rahul Chaudhari,81,4,Raider,Ajay Thakur,26,9,Raider,Ajeet ,3111,0,Defender,,False,False,Shabeer Bappu,105,3,Defender,Ran Singh,160,2,All Rounder
34,"Pro Kabaddi League Season 7, 2019",W,11,2019-08-10 20:30+05:30,Dabang Delhi K.C. Won by 2 Pts,2019-08-10 20:30+05:30,Match Completed,2,1023,kabaddi,"The Arena by TransStadia, Ahmedabad",1719,League,Match 35,pkl,"Pro Kabaddi League Season 7, 2019",11,+05:30,Puneri Paltan,30,false,Dabang Delhi K.C.,32,true,Dabang Delhi K.C.,Hadi Tajik,301,1,defender,Surjeet Singh,322,2,Defender,Girish Maruti Ernak,161,4,Defender,Pankaj Mohite,3233,7,Raider,Sanket Sawant,3234,0,Defender,Vijay ,3081,2,all-rounder,Anil Kumar,311,1, ,Joginder Narwal,194,1,Defender,,False,False,Naveen Kumar,2296,11,Raider,Ravinder Pahal,157,3,Defender
35,"Pro Kabaddi League Season 7, 2019",W,11,2019-08-11 19:30+05:30,Haryana Steelers Won by 3 Pts,2019-08-11 19:30+05:30,Match Completed,3,1023,kabaddi,"The Arena by TransStadia, Ahmedabad",1720,League,Match 36,pkl,"Pro Kabaddi League Season 7, 2019",11,+05:30,Bengaluru Bulls,30,false,Haryana Steelers,33,true,Haryana Steelers,Sumit Singh,3104,2,raider,Rohit Kumar,326,12,raider,,,,,,,,,,,,,Dharmaraj Cheralathan,42,3,Defender,Vikas kale,179,6,Defender,Ravi Kumar,240,0,Defender,,False,False,Vinay ,3054,5,Raider,Kuldeep Singh (732),732,2,All Rounder
36,"Pro Kabaddi League Season 7, 2019",W,11,2019-08-11 20:30+05:30,Telugu Titans Won by 6 Pts,2019-08-11 20:30+05:30,Match Completed,6,1023,kabaddi,"The Arena by TransStadia, Ahmedabad",1721,League,Match 37,pkl,"Pro Kabaddi League Season 7, 2019",11,+05:30,Gujarat Giants,24,false,Telugu Titans,30,true,Telugu Titans,Parvesh Bhainswal,357,7,defender,Sunil Kumar,368,0,Defender,Sumit ,3226,0,Defender,More G B,772,3,Raider,,,,,Farhad Milaghardan,482,4,Defender,Vishal Bharadwaj,3083,7,defender,Suraj Desai,3058,2,All Rounder,,False,False,Siddharth Desai,2026,7,Raider,Abozar Mighani,489,3,Defender
37,"Pro Kabaddi League Season 7, 2019",Tied,11,2019-08-12 19:30+05:30,,2019-08-12 19:30+05:30,Match Completed,,1023,kabaddi,"The Arena by TransStadia, Ahmedabad",1722,League,Match 38,pkl,"Pro Kabaddi League Season 7, 2019",11,+05:30,Bengal Warriors,29,false,Telugu Titans,29,false,Unknown,Baldev Singh,621,2,Defender - Right Corner,Mohammad Nabibakhsh,3176,8,All Rounder,Jeeva Kumar,54,2,Defender,Maninder Singh,143,5,raider,K.Prapanjan ,219,4,raider,Farhad Milaghardan,482,3,Defender,Vishal Bharadwaj,3083,2,defender,Suraj Desai,3058,7,All Rounder,,False,False,Abozar Mighani,489,1,Defender,C.Arun ,191,2,Defender
38,"Pro Kabaddi League Season 7, 2019",W,11,2019-08-12 20:30+05:30,U.P. Yoddha Won by 2 Pts,2019-08-12 20:30+05:30,Match Completed,2,1023,kabaddi,"The Arena by TransStadia, Ahmedabad",1723,League,Match 39,pkl,"Pro Kabaddi League Season 7, 2019",11,+05:30,U.P. Yoddha,35,true,Bengaluru Bulls,33,false,U.P. Yoddha,Nitesh Kumar,3088,2,Defender,Sumit ,3240,5,Defender,Sachin Kumar,218,0,Defender,Amit ,3126,3,defender,Shrikant Jadhav,106,9,raider,Mohit Sehrawat,3019,0,Defender,Sumit Singh,3104,5,raider,Rohit Kumar,326,4,raider,,False,False,Amit Sheoran,3115,2,Defender,Pawan Kumar,318,15,raider
39,"Pro Kabaddi League Season 7, 2019",W,11,2019-08-14 19:30+05:30,Haryana Steelers Won by 3 Pts,2019-08-14 19:30+05:30,Match Completed,3,1023,kabaddi,"The Arena by TransStadia, Ahmedabad",1724,League,Match 40,pkl,"Pro Kabaddi League Season 7, 2019",11,+05:30,U.P. Yoddha,33,false,Haryana Steelers,36,true,Haryana Steelers,Nitesh Kumar,3088,3,Defender,Surender Singh,234,5,Defender,Mohsen Maghsoudlou,567,2,all-rounder,Sumit ,3240,4,Defender,Shrikant Jadhav,106,9,raider,Sunil ,3106,6,Defender - Right Corner,Dharmaraj Cheralathan,42,2,Defender,Vikas kale,179,1,Defender,,False,False,Ravi Kumar,240,2,Defender,Vinay ,3054,3,Raider
40,"Pro Kabaddi League Season 7, 2019",W,11,2019-08-14 20:30+05:30,Bengal Warriors Won by 2 Pts,2019-08-14 20:30+05:30,Match Completed,2,1023,kabaddi,"The Arena by TransStadia, Ahmedabad",1725,League,Match 41,pkl,"Pro Kabaddi League Season 7, 2019",11,+05:30,Gujarat Giants,26,false,Bengal Warriors,28,true,Bengal Warriors,Parvesh Bhainswal,357,2,defender,Sunil Kumar,368,6,Defender,,,,,,,,,,,,,Baldev Singh,621,1,Defender - Right Corner,Mohammad Nabibakhsh,3176,5,All Rounder,Maninder Singh,143,5,raider,,False,False,K.Prapanjan ,219,8,raider,Rinku Narwal,3084,2,Defender
41,"Pro Kabaddi League Season 7, 2019",W,11,2019-08-15 19:30+05:30,Jaipur Pink Panthers Won by 8 Pts,2019-08-15 19:30+05:30,Match Completed,8,1023,kabaddi,"The Arena by TransStadia, Ahmedabad",1726,League,Match 42,pkl,"Pro Kabaddi League Season 7, 2019",11,+05:30,Jaipur Pink Panthers,33,true,Puneri Paltan,25,false,Jaipur Pink Panthers,Pavan TR,3021,1,Defender,Deepak Narwal,211,0,Raider,,,,,,,,,,,,,Manjeet ,763,5,raider,Hadi Tajik,301,2,defender,Surjeet Singh,322,3,Defender,,False,False,Girish Maruti Ernak,161,0,Defender,Nitin Tomar,320,3,raider
42,"Pro Kabaddi League Season 7, 2019",W,11,2019-08-16 19:30+05:30,U Mumba Won by 4 Pts,2019-08-16 19:30+05:30,Match Completed,4,1023,kabaddi,"The Arena by TransStadia, Ahmedabad",1727,League,Match 43,pkl,"Pro Kabaddi League Season 7, 2019",11,+05:30,U Mumba,34,true,Patna Pirates,30,false,U Mumba,Fazel Atrachali,259,3,defender,Athul M S,376,8,Raider,Rohit Baliyan,261,9,Raider,Harendra Kumar,3138,0,Defender,,,,,Vikash Jaglan,121,1,all-rounder,Mohammad Mahalli,3175,6,Raider,Jaideep ,579,2,Defender,,False,False,Monu ,3082,0,Raider,,,,
43,"Pro Kabaddi League Season 7, 2019",W,11,2019-08-16 20:30+05:30,Jaipur Pink Panthers Won by 3 Pts,2019-08-16 20:30+05:30,Match Completed,3,1023,kabaddi,"The Arena by TransStadia, Ahmedabad",1728,League,Match 44,pkl,"Pro Kabaddi League Season 7, 2019",11,+05:30,Gujarat Giants,19,false,Jaipur Pink Panthers,22,true,Jaipur Pink Panthers,Pankaj ,3089,6,All Rounder,Parvesh Bhainswal,357,0,defender,Sunil Kumar,368,2,Defender,Ruturaj Koravi,2023,0,Defender,More G B,772,2,Raider,Pavan TR,3021,2,Defender,Vishal ,3159,3,defender,Sandeep Dhull,290,3,Defender,,False,False,Deepak Hooda,41,7,all-rounder,Deepak Narwal,211,1,Raider
44,"Pro Kabaddi League Season 7, 2019",W,11,2019-08-17 19:30+05:30,Bengaluru Bulls Won by 11 Pts,2019-08-17 19:30+05:30,Match Completed,11,1016,kabaddi,"JAWAHARLAL NEHRU INDOOR STADIUM, Chennai",1729,League,Match 45,pkl,"Pro Kabaddi League Season 7, 2019",11,+05:30,Tamil Thalaivas,21,false,Bengaluru Bulls,32,true,Bengaluru Bulls,Mohit Chhillar,71,1,Defender,Manjeet Chhillar,69,1,All Rounder,Ajay Thakur,26,4,Raider,Ajeet ,3111,2,Defender,Shabeer Bappu,105,3,Defender,Banty ,3029,2,Raider,Ajay ,3096,1, ,Ankit ,3099,2,Defender,,False,False,Rohit Kumar,326,2,raider,Pawan Kumar,318,11,raider
45,"Pro Kabaddi League Season 7, 2019",Tied,11,2019-08-17 20:30+05:30,,2019-08-17 20:30+05:30,Match Completed,,1016,kabaddi,"JAWAHARLAL NEHRU INDOOR STADIUM, Chennai",1730,League,Match 46,pkl,"Pro Kabaddi League Season 7, 2019",11,+05:30,Bengal Warriors,30,false,Dabang Delhi K.C.,30,false,Unknown,Baldev Singh,621,0,Defender - Right Corner,Jeeva Kumar,54,4,Defender,Sukesh Hegde,111,3,Raider,Vijin Thangadurai,185,0,Defender,,,,,Vijay ,3081,1,all-rounder,Joginder Narwal,194,4,Defender,Naveen Kumar,2296,11,Raider,,False,False,Vishal Mane,123,0,Defender,Ravinder Pahal,157,2,Defender
46,"Pro Kabaddi League Season 7, 2019",W,11,2019-08-18 19:30+05:30,Telugu Titans Won by 11 Pts,2019-08-18 19:30+05:30,Match Completed,11,1016,kabaddi,"JAWAHARLAL NEHRU INDOOR STADIUM, Chennai",1731,League,Match 47,pkl,"Pro Kabaddi League Season 7, 2019",11,+05:30,Haryana Steelers,29,false,Telugu Titans,40,true,Telugu Titans,Chand Singh,3221,1,Defender,Parveen ,3100,0,Defender - Left Cover,Vikas kale,179,0,Defender,Vinay ,3054,4,Raider,Naveen ,2357,6,Raider,Rajnish ,2290,0,Raider,Farhad Milaghardan,482,2,Defender,,,,,,False,False,,,,,,,,
47,"Pro Kabaddi League Season 7, 2019",Tied,11,2019-08-18 20:30+05:30,,2019-08-18 20:30+05:30,Match Completed,,1016,kabaddi,"JAWAHARLAL NEHRU INDOOR STADIUM, Chennai",1732,League,Match 48,pkl,"Pro Kabaddi League Season 7, 2019",11,+05:30,Tamil Thalaivas,31,false,Puneri Paltan,31,false,Unknown,Ajay Thakur,26,1,Raider,Shabeer Bappu,105,0,Defender,Ran Singh,160,4,All Rounder,Sagar ,3236,1,Defender,Vineet Sharma,268,3,Raider,Sagar B Krishna,347,1,All Rounder,Surjeet Singh,322,7,Defender,Girish Maruti Ernak,161,1,Defender,,False,False,,,,,,,,
48,"Pro Kabaddi League Season 7, 2019",W,11,2019-08-19 19:30+05:30,Haryana Steelers Won by 3 Pts,2019-08-19 19:30+05:30,Match Completed,3,1016,kabaddi,"JAWAHARLAL NEHRU INDOOR STADIUM, Chennai",1733,League,Match 49,pkl,"Pro Kabaddi League Season 7, 2019",11,+05:30,U Mumba,27,false,Haryana Steelers,30,true,Haryana Steelers,Fazel Atrachali,259,4,defender,Arjun Deshwal,2024,3,Raider,Surinder Singh,3086,1,Defender,Sandeep Narwal,142,5,all-rounder,Harendra Kumar,3138,2,Defender,Chand Singh,3221,3,Defender,Sunil ,3106,3,Defender - Right Corner,Selvamani K ,264,3,raider,,False,False,Vinay ,3054,1,Raider,Naveen ,2357,1,Raider
49,"Pro Kabaddi League Season 7, 2019",W,11,2019-08-19 20:30+05:30,U.P. Yoddha Won by 7 Pts,2019-08-19 20:30+05:30,Match Completed,7,1016,kabaddi,"JAWAHARLAL NEHRU INDOOR STADIUM, Chennai",1734,League,Match 50,pkl,"Pro Kabaddi League Season 7, 2019",11,+05:30,U.P. Yoddha,31,true,Jaipur Pink Panthers,24,false,U.P. Yoddha,Nitesh Kumar,3088,2,Defender,Sumit ,3240,4,Defender,Surender Gill,3241,8,Raider,Sachin Kumar,218,0,Defender,Amit ,3126,1,defender,Sandeep Dhull,290,1,Defender,Sachin Narwal,3154,0,All Rounder,Nilesh Salunke,293,1,Defender,,False,False,,,,,,,,
50,"Pro Kabaddi League Season 7, 2019",W,11,2019-08-21 19:30+05:30,Puneri Paltan Won by 8 Pts,2019-08-21 19:30+05:30,Match Completed,8,1016,kabaddi,"JAWAHARLAL NEHRU INDOOR STADIUM, Chennai",1735,League,Match 51,pkl,"Pro Kabaddi League Season 7, 2019",11,+05:30,Puneri Paltan,31,true,Bengaluru Bulls,23,false,Puneri Paltan,Shubham Shinde,3103,1,Defender - Right corner,Amit Kumar Pun,2291,5,All Rounder,Amit Kumar,3110,2, ,,,,,,,,,Banty ,3029,4,Raider,Ajay ,3096,0, ,Ankit ,3099,0,Defender,,False,False,Rohit Kumar,326,7,raider,Amit Sheoran,3115,4,Defender
51,"Pro Kabaddi League Season 7, 2019",W,11,2019-08-21 20:30+05:30,Jaipur Pink Panthers Won by 2 Pts,2019-08-21 20:30+05:30,Match Completed,2,1016,kabaddi,"JAWAHARLAL NEHRU INDOOR STADIUM, Chennai",1736,League,Match 52,pkl,"Pro Kabaddi League Season 7, 2019",11,+05:30,Tamil Thalaivas,26,false,Jaipur Pink Panthers,28,true,Jaipur Pink Panthers,Mohit Chhillar,71,3,Defender,V Ajith Kumar,3053,2,Raider,Ajay Thakur,26,6,Raider,Vineet Sharma,268,5,Raider,Ponparthiban Subramanian,3101,0, ,Sandeep Dhull,290,2,Defender,Deepak Hooda,41,3,all-rounder,Amit Hooda,212,1,Defender,,False,False,Sunil Siddhgavali,613,2,defender,Nilesh Salunke,293,7,Defender
52,"Pro Kabaddi League Season 7, 2019",W,11,2019-08-22 19:30+05:30,Bengal Warriors Won by 9 Pts,2019-08-22 19:30+05:30,Match Completed,9,1016,kabaddi,"JAWAHARLAL NEHRU INDOOR STADIUM, Chennai",1737,League,Match 53,pkl,"Pro Kabaddi League Season 7, 2019",11,+05:30,Bengal Warriors,35,true,Patna Pirates,26,false,Bengal Warriors,Baldev Singh,621,2,Defender - Right Corner,Mohammad Nabibakhsh,3176,4,All Rounder,Jeeva Kumar,54,3,Defender,Maninder Singh,143,10,raider,K.Prapanjan ,219,6,raider,Vikash Jaglan,121,2,all-rounder,Neeraj Kumar,3107,0,Defender,Hadi Oshtorak,249,0,All Rounder,,False,False,Mohammad Mahalli,3175,3,Raider,Jaideep ,579,2,Defender
53,"Pro Kabaddi League Season 7, 2019",W,11,2019-08-23 19:30+05:30,Gujarat Giants Won by 3 Pts,2019-08-23 19:30+05:30,Match Completed,3,1016,kabaddi,"JAWAHARLAL NEHRU INDOOR STADIUM, Chennai",1738,League,Match 54,pkl,"Pro Kabaddi League Season 7, 2019",11,+05:30,Gujarat Giants,29,true,Patna Pirates,26,false,Gujarat Giants,Pankaj ,3089,3,All Rounder,Rohit Gulia,3023,10,All Rounder,Sunil Kumar,368,3,Defender,Ruturaj Koravi,2023,2,Defender,Sonu GFG,3128,1,Raider,Vikash Jaglan,121,0,all-rounder,Neeraj Kumar,3107,2,Defender,Hadi Oshtorak,249,3,All Rounder,,False,False,Jaideep ,579,2,Defender,Monu ,3082,3,Raider
54,"Pro Kabaddi League Season 7, 2019",W,11,2019-08-23 20:30+05:30,U Mumba Won by 5 Pts,2019-08-23 20:30+05:30,Match Completed,5,1016,kabaddi,"JAWAHARLAL NEHRU INDOOR STADIUM, Chennai",1739,League,Match 55,pkl,"Pro Kabaddi League Season 7, 2019",11,+05:30,Tamil Thalaivas,24,false,U Mumba,29,true,U Mumba,Mohit Chhillar,71,3,Defender,Ajay Thakur,26,3,Raider,Ran Singh,160,2,All Rounder,Vineet Sharma,268,0,Raider,Ponparthiban Subramanian,3101,1, ,Fazel Atrachali,259,3,defender,Abhishek Singh,2028,3,Raider,Sandeep Narwal,142,5,all-rounder,,False,False,Rajaguru Subramanian,84,2,Defender,Harendra Kumar,3138,3,Defender
55,"Pro Kabaddi League Season 7, 2019",W,11,2019-08-24 19:30+05:30,Dabang Delhi K.C. Won by 2 Pts,2019-08-24 19:30+05:30,Match Completed,2,8,kabaddi,"Thyagaraj Indoor Stadium, Delhi",1740,League,Match 56,pkl,"Pro Kabaddi League Season 7, 2019",11,+05:30,Dabang Delhi K.C.,33,true,Bengaluru Bulls,31,false,Dabang Delhi K.C.,Vijay ,3081,2,all-rounder,Anil Kumar,311,0, ,Naveen Kumar,2296,13,Raider,Ravinder Pahal,157,4,Defender,Meraj Sheykh,251,5,All Rounder,Mahender Singh,769,3,Defender,Banty ,3029,3,Raider,Rohit Kumar,326,0,raider,,False,False,Ashish Kumar,202,0,all-rounder,Saurabh Nandal,3228,2,Defender
56,"Pro Kabaddi League Season 7, 2019",W,11,2019-08-24 20:30+05:30,Telugu Titans Won by 3 Pts,2019-08-24 20:30+05:30,Match Completed,3,8,kabaddi,"Thyagaraj Indoor Stadium, Delhi",1741,League,Match 57,pkl,"Pro Kabaddi League Season 7, 2019",11,+05:30,Jaipur Pink Panthers,21,false,Telugu Titans,24,true,Telugu Titans,Pavan TR,3021,2,Defender,Nilesh Salunke,293,2,Defender,,,,,,,,,,,,,Farhad Milaghardan,482,4,Defender,Vishal Bharadwaj,3083,8,defender,Suraj Desai,3058,2,All Rounder,,False,False,Siddharth Desai,2026,3,Raider,Abozar Mighani,489,3,Defender
57,"Pro Kabaddi League Season 7, 2019",W,11,2019-08-25 19:30+05:30,Bengaluru Bulls Won by 11 Pts,2019-08-25 19:30+05:30,Match Completed,11,8,kabaddi,"Thyagaraj Indoor Stadium, Delhi",1742,League,Match 58,pkl,"Pro Kabaddi League Season 7, 2019",11,+05:30,Jaipur Pink Panthers,30,false,Bengaluru Bulls,41,true,Bengaluru Bulls,Sandeep Dhull,290,2,Defender,Deepak Hooda,41,1,all-rounder,Sunil Siddhgavali,613,2,defender,Nitin Rawal,3065,8,all-rounder,Ajinkya Ashok Pawar,3097,5,Raider,Mohit Sehrawat,3019,5,Defender,Banty ,3029,0,Raider,Amit Sheoran,3115,0,Defender,,False,False,,,,,,,,
58,"Pro Kabaddi League Season 7, 2019",W,11,2019-08-25 20:30+05:30,Dabang Delhi K.C. Won by 9 Pts,2019-08-25 20:30+05:30,Match Completed,9,8,kabaddi,"Thyagaraj Indoor Stadium, Delhi",1743,League,Match 59,pkl,"Pro Kabaddi League Season 7, 2019",11,+05:30,Dabang Delhi K.C.,36,true,U.P. Yoddha,27,false,Dabang Delhi K.C.,Vijay ,3081,1,all-rounder,Joginder Narwal,194,2,Defender,Naveen Kumar,2296,16,Raider,Vishal Mane,123,1,Defender,Ravinder Pahal,157,5,Defender,Nitesh Kumar,3088,2,Defender,Sumit ,3240,3,Defender,Amit ,3126,2,defender,,False,False,Shrikant Jadhav,106,1,raider,,,,
59,"Pro Kabaddi League Season 7, 2019",W,11,2019-08-26 19:30+05:30,Haryana Steelers Won by 3 Pts,2019-08-26 19:30+05:30,Match Completed,3,8,kabaddi,"Thyagaraj Indoor Stadium, Delhi",1744,League,Match 60,pkl,"Pro Kabaddi League Season 7, 2019",11,+05:30,Bengal Warriors,33,false,Haryana Steelers,36,true,Haryana Steelers,Baldev Singh,621,0,Defender - Right Corner,Mohammad Nabibakhsh,3176,3,All Rounder,Adarsh T,3095,0,Defender - Left Corner,Jeeva Kumar,54,3,Defender,Maninder Singh,143,15,raider,Chand Singh,3221,1,Defender,Selvamani K ,264,0,raider,Vikash Khandola,366,11,raider,,False,False,,,,,,,,
60,"Pro Kabaddi League Season 7, 2019",W,11,2019-08-26 20:30+05:30,U.P. Yoddha Won by 5 Pts,2019-08-26 20:30+05:30,Match Completed,5,8,kabaddi,"Thyagaraj Indoor Stadium, Delhi",1745,League,Match 61,pkl,"Pro Kabaddi League Season 7, 2019",11,+05:30,U.P. Yoddha,35,true,Puneri Paltan,30,false,U.P. Yoddha,Nitesh Kumar,3088,1,Defender,Sumit ,3240,5,Defender,Surender Gill,3241,5,Raider,Sachin Kumar,218,1,Defender,Amit ,3126,0,defender,Sagar B Krishna,347,0,All Rounder,Shubham Shinde,3103,2,Defender - Right corner,Pankaj Mohite,3233,2,Raider,,False,False,,,,,,,,
61,"Pro Kabaddi League Season 7, 2019",W,11,2019-08-28 19:30+05:30,Haryana Steelers Won by 16 Pts,2019-08-28 19:30+05:30,Match Completed,16,8,kabaddi,"Thyagaraj Indoor Stadium, Delhi",1746,League,Match 62,pkl,"Pro Kabaddi League Season 7, 2019",11,+05:30,Gujarat Giants,25,false,Haryana Steelers,41,true,Haryana Steelers,Lalit Chaudhary,2306,2, ,GURVINDER SINGH,46,1,All Rounder,Vinod Kumar,764,3,Raider,Parvesh Bhainswal,357,1,defender,Sunil Kumar,368,1,Defender,Prashanth Rai,155,8,raider,,,,,,,,,,False,False,,,,,,,,
62,"Pro Kabaddi League Season 7, 2019",W,11,2019-08-28 20:30+05:30,Dabang Delhi K.C. Won by 16 Pts,2019-08-28 20:30+05:30,Match Completed,16,8,kabaddi,"Thyagaraj Indoor Stadium, Delhi",1747,League,Match 63,pkl,"Pro Kabaddi League Season 7, 2019",11,+05:30,Dabang Delhi K.C.,40,true,U Mumba,24,false,Dabang Delhi K.C.,Vijay ,3081,0,all-rounder,Anil Kumar,311,0, ,Balram ,3222,2,All Rounder,Naveen Kumar,2296,11,Raider,Vishal Mane,123,1,Defender,Arjun Deshwal,2024,7,Raider,Sandeep Narwal,142,6,all-rounder,Rohit Baliyan,261,1,Raider,,False,False,Harendra Kumar,3138,1,Defender,,,,
63,"Pro Kabaddi League Season 7, 2019",W,11,2019-08-29 19:30+05:30,Bengal Warriors Won by 9 Pts,2019-08-29 19:30+05:30,Match Completed,9,8,kabaddi,"Thyagaraj Indoor Stadium, Delhi",1748,League,Match 64,pkl,"Pro Kabaddi League Season 7, 2019",11,+05:30,Bengal Warriors,35,true,Tamil Thalaivas,26,false,Bengal Warriors,Baldev Singh,621,2,Defender - Right Corner,Mohammad Nabibakhsh,3176,2,All Rounder,Jeeva Kumar,54,1,Defender,Sukesh Hegde,111,1,Raider,Maninder Singh,143,9,raider,Manjeet Chhillar,69,3,All Rounder,Ran Singh,160,0,All Rounder,Sagar ,3236,0,Defender,,False,False,,,,,,,,
64,"Pro Kabaddi League Season 7, 2019",W,11,2019-08-30 19:30+05:30,Puneri Paltan Won by 7 Pts,2019-08-30 19:30+05:30,Match Completed,7,8,kabaddi,"Thyagaraj Indoor Stadium, Delhi",1749,League,Match 65,pkl,"Pro Kabaddi League Season 7, 2019",11,+05:30,Telugu Titans,27,false,Puneri Paltan,34,true,Puneri Paltan,Krushna Madane,274,0,Defender,C.Arun ,191,6,Defender,,,,,,,,,,,,,Sagar B Krishna,347,4,All Rounder,Jadhav Shahaji,3011,1,Defender,Surjeet Singh,322,1,Defender,,False,False,Shubham Shinde,3103,2,Defender - Right corner,Nitin Tomar,320,8,raider
65,"Pro Kabaddi League Season 7, 2019",W,11,2019-08-30 20:30+05:30,Dabang Delhi K.C. Won by 3 Pts,2019-08-30 20:30+05:30,Match Completed,3,8,kabaddi,"Thyagaraj Indoor Stadium, Delhi",1750,League,Match 66,pkl,"Pro Kabaddi League Season 7, 2019",11,+05:30,Dabang Delhi K.C.,38,true,Patna Pirates,35,false,Dabang Delhi K.C.,Vijay ,3081,4,all-rounder,Joginder Narwal,194,2,Defender,Naveen Kumar,2296,15,Raider,Vishal Mane,123,2,Defender,Ravinder Pahal,157,4,Defender,Vikash Jaglan,121,6,all-rounder,Neeraj Kumar,3107,1,Defender,Hadi Oshtorak,249,2,All Rounder,,False,False,Jawahar Dagar,390,2, ,Ashish ,3028,0,Raider
66,"Pro Kabaddi League Season 7, 2019",W,11,2019-08-31 19:30+05:30,Gujarat Giants Won by 9 Pts,2019-08-31 19:30+05:30,Match Completed,9,10,kabaddi,"Kanteerava Indoor Stadium, Bengaluru",1751,League,Match 67,pkl,"Pro Kabaddi League Season 7, 2019",11,+05:30,Bengaluru Bulls,23,false,Gujarat Giants,32,true,Gujarat Giants,,,,,,,,,,,,,,,,,,,,,Parvesh Bhainswal,357,4,defender,Ankit ,3227,1,Defender,Rohit Gulia,3023,4,All Rounder,,False,False,Sunil Kumar,368,3,Defender,Sumit ,3226,2,Defender
67,"Pro Kabaddi League Season 7, 2019",W,11,2019-08-31 20:30+05:30,U Mumba Won by 26 Pts,2019-08-31 20:30+05:30,Match Completed,26,10,kabaddi,"Kanteerava Indoor Stadium, Bengaluru",1752,League,Match 68,pkl,"Pro Kabaddi League Season 7, 2019",11,+05:30,U Mumba,47,true,Jaipur Pink Panthers,21,false,U Mumba,Fazel Atrachali,259,6,defender,Arjun Deshwal,2024,6,Raider,Harsh Vardhan,3116,0,Defender,Surinder Singh,3086,1,Defender,Athul M S,376,2,Raider,Deepak Hooda,41,3,all-rounder,Deepak Narwal,211,2,Raider,,,,,,False,False,,,,,,,,
68,"Pro Kabaddi League Season 7, 2019",W,11,2019-09-01 19:30+05:30,U.P. Yoddha Won by 3 Pts,2019-09-01 19:30+05:30,Match Completed,3,10,kabaddi,"Kanteerava Indoor Stadium, Bengaluru",1753,League,Match 69,pkl,"Pro Kabaddi League Season 7, 2019",11,+05:30,U.P. Yoddha,32,true,Bengal Warriors,29,false,U.P. Yoddha,Nitesh Kumar,3088,7,Defender,Rishank Devadiga,94,0,Raider,Sumit ,3240,4,Defender,Surender Gill,3241,2,Raider,Amit ,3126,2,defender,Mayur Shivtarkar,3045,2,All Rounder,,,,,,,,,,False,False,,,,,,,,
69,"Pro Kabaddi League Season 7, 2019",W,11,2019-09-01 20:30+05:30,Bengaluru Bulls Won by 6 Pts,2019-09-01 20:30+05:30,Match Completed,6,10,kabaddi,"Kanteerava Indoor Stadium, Bengaluru",1754,League,Match 70,pkl,"Pro Kabaddi League Season 7, 2019",11,+05:30,Bengaluru Bulls,33,true,Tamil Thalaivas,27,false,Bengaluru Bulls,Ajay ,3096,0, ,Ankit ,3099,0,Defender,Amit Sheoran,3115,5,Defender,,,,,,,,,Mohit Chhillar,71,3,Defender,Manjeet Chhillar,69,4,All Rounder,V Ajith Kumar,3053,2,Raider,,False,False,Ajay Thakur,26,4,Raider,Ajeet ,3111,0,Defender
70,"Pro Kabaddi League Season 7, 2019",W,11,2019-09-02 19:30+05:30,Haryana Steelers Won by 14 Pts,2019-09-02 19:30+05:30,Match Completed,14,10,kabaddi,"Kanteerava Indoor Stadium, Bengaluru",1755,League,Match 71,pkl,"Pro Kabaddi League Season 7, 2019",11,+05:30,Puneri Paltan,27,false,Haryana Steelers,41,true,Haryana Steelers,Sagar B Krishna,347,0,All Rounder,Jadhav Shahaji,3011,0,Defender,Surjeet Singh,322,5,Defender,Shubham Shinde,3103,2,Defender - Right corner,Nitin Tomar,320,8,raider,Vikash Khandola,366,11,raider,,,,,,,,,,False,False,,,,,,,,
71,"Pro Kabaddi League Season 7, 2019",W,11,2019-09-02 20:30+05:30,Telugu Titans Won by 5 Pts,2019-09-02 20:30+05:30,Match Completed,5,10,kabaddi,"Kanteerava Indoor Stadium, Bengaluru",1756,League,Match 72,pkl,"Pro Kabaddi League Season 7, 2019",11,+05:30,Telugu Titans,35,true,Tamil Thalaivas,30,false,Telugu Titans,Armaan ,2298,3, ,Farhad Milaghardan,482,5,Defender,Abozar Mighani,489,1,Defender,,,,,,,,,Rahul Chaudhari,81,4,Raider,Manjeet Chhillar,69,2,All Rounder,V Ajith Kumar,3053,14,Raider,,False,False,Ajeet ,3111,1,Defender,Shabeer Bappu,105,5,Defender
72,"Pro Kabaddi League Season 7, 2019",W,11,2019-09-04 19:30+05:30,Dabang Delhi K.C. Won by 2 Pts,2019-09-04 19:30+05:30,Match Completed,2,10,kabaddi,"Kanteerava Indoor Stadium, Bengaluru",1757,League,Match 73,pkl,"Pro Kabaddi League Season 7, 2019",11,+05:30,Jaipur Pink Panthers,44,false,Dabang Delhi K.C.,46,true,Dabang Delhi K.C.,Elavarasan ,3230,3,Defender,Pavan TR,3021,3,Defender,Deepak Hooda,41,11,all-rounder,Deepak Narwal,211,2,Raider,Sachin Narwal,3154,4,All Rounder,Vijay ,3081,4,all-rounder,Anil Kumar,311,2, ,Joginder Narwal,194,3,Defender,,False,False,Naveen Kumar,2296,16,Raider,Vishal Mane,123,1,Defender
73,"Pro Kabaddi League Season 7, 2019",W,11,2019-09-04 20:30+05:30,Bengaluru Bulls Won by 1 Pts,2019-09-04 20:30+05:30,Match Completed,1,10,kabaddi,"Kanteerava Indoor Stadium, Bengaluru",1758,League,Match 74,pkl,"Pro Kabaddi League Season 7, 2019",11,+05:30,Bengaluru Bulls,40,true,Patna Pirates,39,false,Bengaluru Bulls,Mahender Singh,769,5,Defender,Ankit ,3099,0,Defender,Rohit Kumar,326,7,raider,Amit Sheoran,3115,2,Defender,Pawan Kumar,318,17,raider,Pardeep Narwal,197,14,Raider,Amit Kumar pat,3146,4,All Rounder,,,,,,False,False,,,,,,,,
74,"Pro Kabaddi League Season 7, 2019",Tied,11,2019-09-05 19:30+05:30,,2019-09-05 19:30+05:30,Match Completed,,10,kabaddi,"Kanteerava Indoor Stadium, Bengaluru",1759,League,Match 75,pkl,"Pro Kabaddi League Season 7, 2019",11,+05:30,Puneri Paltan,33,false,U Mumba,33,false,Unknown,Hadi Tajik,301,2,defender,,,,,,,,,,,,,,,,,Fazel Atrachali,259,3,defender,Arjun Deshwal,2024,3,Raider,Surinder Singh,3086,2,Defender,,False,False,Athul M S,376,4,Raider,Abhishek Singh,2028,11,Raider
75,"Pro Kabaddi League Season 7, 2019",W,11,2019-09-06 19:30+05:30,U.P. Yoddha Won by 12 Pts,2019-09-06 19:30+05:30,Match Completed,12,10,kabaddi,"Kanteerava Indoor Stadium, Bengaluru",1760,League,Match 76,pkl,"Pro Kabaddi League Season 7, 2019",11,+05:30,Patna Pirates,29,false,U.P. Yoddha,41,true,U.P. Yoddha,Neeraj Kumar,3107,0,Defender,Hadi Oshtorak,249,3,All Rounder,Mohammad Mahalli,3175,1,Raider,Jaideep ,579,1,Defender,Pardeep Narwal,197,14,Raider,Surender Gill,3241,7,Raider,Sachin Kumar,218,0,Defender,Shrikant Jadhav,106,10,raider,,False,False,Gurdeep ,2041,0,All Rounder,Ashu Singh,3239,4,Defender
76,"Pro Kabaddi League Season 7, 2019",W,11,2019-09-06 20:30+05:30,Bengaluru Bulls Won by 1 Pts,2019-09-06 20:30+05:30,Match Completed,1,10,kabaddi,"Kanteerava Indoor Stadium, Bengaluru",1761,League,Match 77,pkl,"Pro Kabaddi League Season 7, 2019",11,+05:30,Bengaluru Bulls,40,true,Telugu Titans,39,false,Bengaluru Bulls,Mahender Singh,769,3,Defender,Rohit Kumar,326,5,raider,Vijay Kumar,768,1,Defender,Pawan Kumar,318,23,raider,Saurabh Nandal,3228,1,Defender,Rakesh Gowda,3046,4,Raider,Farhad Milaghardan,482,2,Defender,Siddharth Desai,2026,23,Raider,,False,False,Abozar Mighani,489,4,Defender,Krushna Madane,274,1,Defender
77,"Pro Kabaddi League Season 7, 2019",Tied,11,2019-09-07 19:30+05:30,,2019-09-07 19:30+05:30,Match Completed,,9,kabaddi,"Netaji Indoor Stadium, Kolkata",1762,League,Match 78,pkl,"Pro Kabaddi League Season 7, 2019",11,+05:30,Bengal Warriors,25,false,Gujarat Giants,25,false,Unknown,Baldev Singh,621,3,Defender - Right Corner,Mohammad Nabibakhsh,3176,3,All Rounder,Adarsh T,3095,0,Defender - Left Corner,Sukesh Hegde,111,3,Raider,Maninder Singh,143,9,raider,Ankit ,3227,1,Defender,Rohit Gulia,3023,5,All Rounder,Sumit ,3226,1,Defender,,False,False,Sonu GFG,3128,6,Raider,Sachin ,757,6,Raider
78,"Pro Kabaddi League Season 7, 2019",W,11,2019-09-07 20:30+05:30,Haryana Steelers Won by 22 Pts,2019-09-07 20:30+05:30,Match Completed,22,9,kabaddi,"Netaji Indoor Stadium, Kolkata",1763,League,Match 79,pkl,"Pro Kabaddi League Season 7, 2019",11,+05:30,Dabang Delhi K.C.,25,false,Haryana Steelers,47,true,Haryana Steelers,Vijay ,3081,1,all-rounder,Joginder Narwal,194,3,Defender,Ravinder Pahal,157,0,Defender,Meraj Sheykh,251,1,All Rounder,,,,,Prashanth Rai,155,10,raider,Sunil ,3106,4,Defender - Right Corner,Dharmaraj Cheralathan,42,4,Defender,,False,False,Vikas kale,179,5,Defender,Ravi Kumar,240,1,Defender
79,"Pro Kabaddi League Season 7, 2019",W,11,2019-09-08 19:30+05:30,Dabang Delhi K.C. Won by 16 Pts,2019-09-08 19:30+05:30,Match Completed,16,9,kabaddi,"Netaji Indoor Stadium, Kolkata",1764,League,Match 80,pkl,"Pro Kabaddi League Season 7, 2019",11,+05:30,Dabang Delhi K.C.,50,true,Tamil Thalaivas,34,false,Dabang Delhi K.C.,Vijay ,3081,5,all-rounder,Anil Kumar,311,3, ,Joginder Narwal,194,0,Defender,Naveen Kumar,2296,17,Raider,Ravinder Pahal,157,2,Defender,Rahul Chaudhari,81,14,Raider,V Ajith Kumar,3053,9,Raider,Yashwant Bishnoi,2282,0, ,,False,False,Ran Singh,160,2,All Rounder,Sagar ,3236,2,Defender
80,"Pro Kabaddi League Season 7, 2019",W,11,2019-09-08 20:30+05:30,Bengal Warriors Won by 3 Pts,2019-09-08 20:30+05:30,Match Completed,3,9,kabaddi,"Netaji Indoor Stadium, Kolkata",1765,League,Match 81,pkl,"Pro Kabaddi League Season 7, 2019",11,+05:30,Bengal Warriors,42,true,Puneri Paltan,39,false,Bengal Warriors,Baldev Singh,621,5,Defender - Right Corner,Mohammad Nabibakhsh,3176,6,All Rounder,Jeeva Kumar,54,1,Defender,Sukesh Hegde,111,6,Raider,Maninder Singh,143,10,raider,Hadi Tajik,301,3,defender,Surjeet Singh,322,2,Defender,Girish Maruti Ernak,161,3,Defender,,False,False,Shubham Shinde,3103,0,Defender - Right corner,Pankaj Mohite,3233,11,Raider
81,"Pro Kabaddi League Season 7, 2019",W,11,2019-09-09 19:30+05:30,U.P. Yoddha Won by 7 Pts,2019-09-09 19:30+05:30,Match Completed,7,9,kabaddi,"Netaji Indoor Stadium, Kolkata",1766,League,Match 82,pkl,"Pro Kabaddi League Season 7, 2019",11,+05:30,U.P. Yoddha,33,true,Gujarat Giants,26,false,U.P. Yoddha,Nitesh Kumar,3088,4,Defender,Rishank Devadiga,94,5,Raider,Surender Gill,3241,6,Raider,Amit ,3126,0,defender,Shrikant Jadhav,106,6,raider,Parvesh Bhainswal,357,0,defender,Sunil Kumar,368,7,Defender,Ruturaj Koravi,2023,0,Defender,,False,False,,,,,,,,
82,"Pro Kabaddi League Season 7, 2019",W,11,2019-09-09 20:30+05:30,Patna Pirates Won by 26 Pts,2019-09-09 20:30+05:30,Match Completed,26,9,kabaddi,"Netaji Indoor Stadium, Kolkata",1767,League,Match 83,pkl,"Pro Kabaddi League Season 7, 2019",11,+05:30,Tamil Thalaivas,25,false,Patna Pirates,51,true,Patna Pirates,Rahul Chaudhari,81,5,Raider,Manjeet Chhillar,69,0,All Rounder,Obiero Victor,2257,1,all-rounder,Sagar ,3236,3,Defender,Anand ,2325,1, ,Neeraj Kumar,3107,3,Defender,Hadi Oshtorak,249,4,All Rounder,Purna Singh,3075,0, ,,False,False,,,,,,,,
83,"Pro Kabaddi League Season 7, 2019",Tied,11,2019-09-11 19:30+05:30,,2019-09-11 19:30+05:30,Match Completed,,9,kabaddi,"Netaji Indoor Stadium, Kolkata",1768,League,Match 85,pkl,"Pro Kabaddi League Season 7, 2019",11,+05:30,Haryana Steelers,32,false,Jaipur Pink Panthers,32,false,Unknown,Chand Singh,3221,0,Defender,Prashanth Rai,155,5,raider,Sunil ,3106,5,Defender - Right Corner,Dharmaraj Cheralathan,42,3,Defender,Vikas kale,179,1,Defender,Elavarasan ,3230,1,Defender,Pavan TR,3021,1,Defender,Nitin Rawal,3065,0,all-rounder,,False,False,Nilesh Salunke,293,3,Defender,Elavarasan ,3230,1,Defender
84,"Pro Kabaddi League Season 7, 2019",W,11,2019-09-11 20:30+05:30,Bengal Warriors Won by 3 Pts,2019-09-11 20:30+05:30,Match Completed,3,9,kabaddi,"Netaji Indoor Stadium, Kolkata",1769,League,Match 86,pkl,"Pro Kabaddi League Season 7, 2019",11,+05:30,Bengal Warriors,29,true,U Mumba,26,false,Bengal Warriors,Baldev Singh,621,1,Defender - Right Corner,Sukesh Hegde,111,8,Raider,K.Prapanjan ,219,0,raider,Rinku Narwal,3084,4,Defender,,,,,Fazel Atrachali,259,4,defender,Surinder Singh,3086,0,Defender,Abhishek Singh,2028,3,Raider,,False,False,Sandeep Narwal,142,1,all-rounder,Young Chang Ko,519,0,Defender
85,"Pro Kabaddi League Season 7, 2019",W,11,2019-09-12 19:30+05:30,Patna Pirates Won by 3 Pts,2019-09-12 19:30+05:30,Match Completed,3,9,kabaddi,"Netaji Indoor Stadium, Kolkata",1770,League,Match 87,pkl,"Pro Kabaddi League Season 7, 2019",11,+05:30,Jaipur Pink Panthers,33,false,Patna Pirates,36,true,Patna Pirates,Pavan TR,3021,0,Defender,Sandeep Dhull,290,5,Defender,Ajinkya Ashok Pawar,3097,3,Raider,Sushil Gulia,3052,8,Raider,Nilesh Salunke,293,2,Defender,Jang Lee,12,8,Raider,Hadi Oshtorak,249,1,All Rounder,Mohammad Mahalli,3175,0,Raider,,False,False,Jaideep ,579,3,Defender,Monu ,3082,0,Raider
86,"Pro Kabaddi League Season 7, 2019",W,11,2019-09-10 19:30+05:30,U Mumba Won by 14 Pts,2019-09-10 19:30+05:30,Match Completed,14,9,kabaddi,"Netaji Indoor Stadium, Kolkata",1771,League,Match 84,pkl,"Pro Kabaddi League Season 7, 2019",11,+05:30,Telugu Titans,27,false,U Mumba,41,true,U Mumba,Rakesh Gowda,3046,7,Raider,Farhad Milaghardan,482,4,Defender,Vishal Bharadwaj,3083,4,defender,Siddharth Desai,2026,4,Raider,Abozar Mighani,489,1,Defender,Arjun Deshwal,2024,10,Raider,Surinder Singh,3086,3,Defender,Abhishek Singh,2028,3,Raider,,False,False,Sandeep Narwal,142,4,all-rounder,Rohit Baliyan,261,7,Raider
87,"Pro Kabaddi League Season 7, 2019",W,11,2019-09-12 20:30+05:30,Bengal Warriors Won by 2 Pts,2019-09-12 20:30+05:30,Match Completed,2,9,kabaddi,"Netaji Indoor Stadium, Kolkata",1772,League,Match 88,pkl,"Pro Kabaddi League Season 7, 2019",11,+05:30,Bengal Warriors,42,true,Bengaluru Bulls,40,false,Bengal Warriors,Baldev Singh,621,2,Defender - Right Corner,Mohammad Nabibakhsh,3176,9,All Rounder,Adarsh T,3095,2,Defender - Left Corner,Sukesh Hegde,111,5,Raider,Maninder Singh,143,17,raider,Ajay ,3096,0, ,Sumit Singh,3104,7,raider,Ankit ,3099,3,Defender,,False,False,Amit Sheoran,3115,1,Defender,Saurabh Nandal,3228,3,Defender
88,"Pro Kabaddi League Season 7, 2019",W,11,2019-09-14 19:30+05:30,Puneri Paltan Won by 10 Pts,2019-09-14 19:30+05:30,Match Completed,10,1021,kabaddi,"SHREE SHIV CHHATRAPATI SPORTS COMPLEX, Pune",1773,League,Match 89,pkl,"Pro Kabaddi League Season 7, 2019",11,+05:30,Puneri Paltan,43,true,Gujarat Giants,33,false,Puneri Paltan,Manjeet ,763,7,raider,Hadi Tajik,301,4,defender,Jadhav Shahaji,3011,5,Defender,Surjeet Singh,322,5,Defender,Nitin Tomar,320,11,raider,Lalit Chaudhary,2306,3, ,Pankaj ,3089,1,All Rounder,Ankit ,3227,0,Defender,,False,False,Rohit Gulia,3023,7,All Rounder,Sachin ,757,10,Raider
89,"Pro Kabaddi League Season 7, 2019",W,11,2019-09-14 20:30+05:30,Haryana Steelers Won by 8 Pts,2019-09-14 20:30+05:30,Match Completed,8,1021,kabaddi,"SHREE SHIV CHHATRAPATI SPORTS COMPLEX, Pune",1774,League,Match 90,pkl,"Pro Kabaddi League Season 7, 2019",11,+05:30,Tamil Thalaivas,35,false,Haryana Steelers,43,true,Haryana Steelers,Mohit Chhillar,71,4,Defender,Ran Singh,160,1,All Rounder,Obiero Victor,2257,5,all-rounder,,,,,,,,,Chand Singh,3221,1,Defender,Dharmaraj Cheralathan,42,3,Defender,Vikas kale,179,4,Defender,,False,False,Ravi Kumar,240,3,Defender,Vinay ,3054,10,Raider
90,"Pro Kabaddi League Season 7, 2019",W,11,2019-09-15 19:30+05:30,Dabang Delhi K.C. Won by 4 Pts,2019-09-15 19:30+05:30,Match Completed,4,1021,kabaddi,"SHREE SHIV CHHATRAPATI SPORTS COMPLEX, Pune",1775,League,Match 91,pkl,"Pro Kabaddi League Season 7, 2019",11,+05:30,Dabang Delhi K.C.,34,true,Gujarat Giants,30,false,Dabang Delhi K.C.,Anil Kumar,311,1, ,Joginder Narwal,194,3,Defender,Naveen Kumar,2296,12,Raider,Vishal Mane,123,3,Defender,Ravinder Pahal,157,2,Defender,Vinod Kumar,764,2,Raider,Pankaj ,3089,2,All Rounder,Parvesh Bhainswal,357,0,defender,,False,False,Sunil Kumar,368,1,Defender,Ruturaj Koravi,2023,1,Defender
91,"Pro Kabaddi League Season 7, 2019",W,11,2019-09-15 20:30+05:30,Patna Pirates Won by 22 Pts,2019-09-15 20:30+05:30,Match Completed,22,1021,kabaddi,"SHREE SHIV CHHATRAPATI SPORTS COMPLEX, Pune",1776,League,Match 92,pkl,"Pro Kabaddi League Season 7, 2019",11,+05:30,Puneri Paltan,33,false,Patna Pirates,55,true,Patna Pirates,Manjeet ,763,8,raider,Girish Maruti Ernak,161,1,Defender,Nitin Tomar,320,6,raider,Pankaj Mohite,3233,7,Raider,,,,,Jang Lee,12,3,Raider,Neeraj Kumar,3107,11,Defender,Jaideep ,579,2,Defender,,False,False,Pardeep Narwal,197,18,Raider,Ravinder ,3208,0,All Rounder
92,"Pro Kabaddi League Season 7, 2019",W,11,2019-09-16 19:30+05:30,U.P. Yoddha Won by 6 Pts,2019-09-16 19:30+05:30,Match Completed,6,1021,kabaddi,"SHREE SHIV CHHATRAPATI SPORTS COMPLEX, Pune",1777,League,Match 93,pkl,"Pro Kabaddi League Season 7, 2019",11,+05:30,Jaipur Pink Panthers,32,false,U.P. Yoddha,38,true,U.P. Yoddha,Vishal ,3159,3,defender,Sandeep Dhull,290,3,Defender,Amit Hooda,212,2,Defender,Sushil Gulia,3052,5,Raider,Nilesh Salunke,293,1,Defender,Nitesh Kumar,3088,3,Defender,Rishank Devadiga,94,8,Raider,Sumit ,3240,2,Defender,,False,False,Amit ,3126,2,defender,Shrikant Jadhav,106,9,raider
93,"Pro Kabaddi League Season 7, 2019",W,11,2019-09-16 20:30+05:30,Dabang Delhi K.C. Won by 8 Pts,2019-09-16 20:30+05:30,Match Completed,8,1021,kabaddi,"SHREE SHIV CHHATRAPATI SPORTS COMPLEX, Pune",1778,League,Match 94,pkl,"Pro Kabaddi League Season 7, 2019",11,+05:30,Telugu Titans,29,false,Dabang Delhi K.C.,37,true,Dabang Delhi K.C.,Farhad Milaghardan,482,4,Defender,Vishal Bharadwaj,3083,1,defender,Siddharth Desai,2026,12,Raider,Abozar Mighani,489,3,Defender,Krushna Madane,274,1,Defender,Vijay ,3081,6,all-rounder,Joginder Narwal,194,1,Defender,,,,,,False,False,,,,,,,,
94,"Pro Kabaddi League Season 7, 2019",W,11,2019-09-18 19:30+05:30,U Mumba Won by 3 Pts,2019-09-18 19:30+05:30,Match Completed,3,1021,kabaddi,"SHREE SHIV CHHATRAPATI SPORTS COMPLEX, Pune",1779,League,Match 95,pkl,"Pro Kabaddi League Season 7, 2019",11,+05:30,U Mumba,39,true,U.P. Yoddha,36,false,U Mumba,Fazel Atrachali,259,3,defender,Surinder Singh,3086,6,Defender,Abhishek Singh,2028,11,Raider,Sandeep Narwal,142,1,all-rounder,Young Chang Ko,519,0,Defender,Nitesh Kumar,3088,0,Defender,Rishank Devadiga,94,9,Raider,Sumit ,3240,3,Defender,,False,False,Surender Gill,3241,4,Raider,Amit ,3126,0,defender
95,"Pro Kabaddi League Season 7, 2019",Tied,11,2019-09-18 20:30+05:30,,2019-09-18 20:30+05:30,Match Completed,,1021,kabaddi,"SHREE SHIV CHHATRAPATI SPORTS COMPLEX, Pune",1780,League,Match 96,pkl,"Pro Kabaddi League Season 7, 2019",11,+05:30,Puneri Paltan,36,false,Tamil Thalaivas,36,false,Unknown,,,,,,,,,,,,,,,,,,,,,Rahul Chaudhari,81,4,Raider,Manjeet Chhillar,69,0,All Rounder,V Ajith Kumar,3053,18,Raider,,False,False,Shabeer Bappu,105,4,Defender,Ran Singh,160,1,All Rounder
96,"Pro Kabaddi League Season 7, 2019",W,11,2019-09-19 19:30+05:30,Bengal Warriors Won by 12 Pts,2019-09-19 19:30+05:30,Match Completed,12,1021,kabaddi,"SHREE SHIV CHHATRAPATI SPORTS COMPLEX, Pune",1781,League,Match 97,pkl,"Pro Kabaddi League Season 7, 2019",11,+05:30,Bengal Warriors,48,true,Haryana Steelers,36,false,Bengal Warriors,Mohammad Nabibakhsh,3176,5,All Rounder,Adarsh T,3095,0,Defender - Left Corner,Maninder Singh,143,18,raider,Rinku Narwal,3084,3,Defender,,,,,Sunil ,3106,0,Defender - Right Corner,Ravi Kumar,240,2,Defender,Vinay ,3054,14,Raider,,False,False,Naveen ,2357,5,Raider,Vikash Khandola,366,9,raider
97,"Pro Kabaddi League Season 7, 2019",Tied,11,2019-09-20 19:30+05:30,,2019-09-20 19:30+05:30,Match Completed,,1021,kabaddi,"SHREE SHIV CHHATRAPATI SPORTS COMPLEX, Pune",1782,League,Match 98,pkl,"Pro Kabaddi League Season 7, 2019",11,+05:30,Telugu Titans,42,false,Patna Pirates,42,false,Unknown,Rakesh Gowda,3046,3,Raider,Rajnish ,2290,10,Raider,Farhad Milaghardan,482,2,Defender,Abozar Mighani,489,3,Defender,,,,,Vikash Jaglan,121,4,all-rounder,Jang Lee,12,7,Raider,Neeraj Kumar,3107,1,Defender,,False,False,Hadi Oshtorak,249,5,All Rounder,Jaideep ,579,2,Defender
98,"Pro Kabaddi League Season 7, 2019",W,11,2019-09-20 20:30+05:30,Puneri Paltan Won by 4 Pts,2019-09-20 20:30+05:30,Match Completed,4,1021,kabaddi,"SHREE SHIV CHHATRAPATI SPORTS COMPLEX, Pune",1783,League,Match 99,pkl,"Pro Kabaddi League Season 7, 2019",11,+05:30,Puneri Paltan,42,true,Bengaluru Bulls,38,false,Puneri Paltan,Sagar B Krishna,347,7,All Rounder,Manjeet ,763,0,raider,Jadhav Shahaji,3011,1,Defender,Surjeet Singh,322,6,Defender,Nitin Tomar,320,0,raider,Mohit Sehrawat,3019,1,Defender,Mahender Singh,769,2,Defender,Sumit Singh,3104,4,raider,,False,False,Rohit Kumar,326,14,raider,Amit Sheoran,3115,1,Defender
99,"Pro Kabaddi League Season 7, 2019",Tied,11,2019-09-21 19:30+05:30,,2019-09-21 19:30+05:30,Match Completed,,4,kabaddi,"Sawai Man Singh Indoor Stadium, Jaipur",1784,League,Match 100,pkl,"Pro Kabaddi League Season 7, 2019",11,+05:30,Jaipur Pink Panthers,28,false,Gujarat Giants,28,false,Unknown,Vishal ,3159,9,defender,Santhapanaselvam ,3076,4,All Rounder,,,,,,,,,,,,,Pankaj ,3089,3,All Rounder,Parvesh Bhainswal,357,5,defender,Sunil Kumar,368,3,Defender,,False,False,Ruturaj Koravi,2023,1,Defender,More G B,772,4,Raider
100,"Pro Kabaddi League Season 7, 2019",W,11,2019-09-21 20:30+05:30,U.P. Yoddha Won by 20 Pts,2019-09-21 20:30+05:30,Match Completed,20,4,kabaddi,"Sawai Man Singh Indoor Stadium, Jaipur",1785,League,Match 101,pkl,"Pro Kabaddi League Season 7, 2019",11,+05:30,U.P. Yoddha,42,true,Tamil Thalaivas,22,false,U.P. Yoddha,Nitesh Kumar,3088,1,Defender,Sumit ,3240,5,Defender,Shrikant Jadhav,106,8,raider,Gurdeep ,2041,2,All Rounder,Azad Singh,2316,1, ,Rahul Chaudhari,81,5,Raider,Mohit Chhillar,71,1,Defender,Yashwant Bishnoi,2282,0, ,,False,False,Ran Singh,160,4,All Rounder,Vineet Sharma,268,1,Raider
101,"Pro Kabaddi League Season 7, 2019",W,11,2019-09-22 19:30+05:30,U Mumba Won by 6 Pts,2019-09-22 19:30+05:30,Match Completed,6,4,kabaddi,"Sawai Man Singh Indoor Stadium, Jaipur",1786,League,Match 102,pkl,"Pro Kabaddi League Season 7, 2019",11,+05:30,U Mumba,31,true,Gujarat Giants,25,false,U Mumba,Fazel Atrachali,259,2,defender,Surinder Singh,3086,4,Defender,Abhishek Singh,2028,11,Raider,Sandeep Narwal,142,3,all-rounder,Young Chang Ko,519,0,Defender,Vinod Kumar,764,0,Raider,Pankaj ,3089,1,All Rounder,Parvesh Bhainswal,357,1,defender,,False,False,Rohit Gulia,3023,9,All Rounder,Ruturaj Koravi,2023,2,Defender
102,"Pro Kabaddi League Season 7, 2019",W,11,2019-09-22 20:30+05:30,Bengal Warriors Won by 1 Pts,2019-09-22 20:30+05:30,Match Completed,1,4,kabaddi,"Sawai Man Singh Indoor Stadium, Jaipur",1787,League,Match 103,pkl,"Pro Kabaddi League Season 7, 2019",11,+05:30,Jaipur Pink Panthers,40,false,Bengal Warriors,41,true,Bengal Warriors,Vishal ,3159,2,defender,Sandeep Dhull,290,2,Defender,Deepak Hooda,41,10,all-rounder,Lokesh Kaushik,599,0, ,Sunil Siddhgavali,613,0,defender,Baldev Singh,621,3,Defender - Right Corner,Mohammad Nabibakhsh,3176,2,All Rounder,Jeeva Kumar,54,1,Defender,,False,False,Sukesh Hegde,111,0,Raider,Maninder Singh,143,19,raider
103,"Pro Kabaddi League Season 7, 2019",W,11,2019-09-23 19:30+05:30,Haryana Steelers Won by 5 Pts,2019-09-23 19:30+05:30,Match Completed,5,4,kabaddi,"Sawai Man Singh Indoor Stadium, Jaipur",1788,League,Match 104,pkl,"Pro Kabaddi League Season 7, 2019",11,+05:30,Patna Pirates,34,false,Haryana Steelers,39,true,Haryana Steelers,Jang Lee,12,7,Raider,Neeraj Kumar,3107,3,Defender,Hadi Oshtorak,249,1,All Rounder,Jaideep ,579,2,Defender,Pardeep Narwal,197,17,Raider,Vinay ,3054,3,Raider,Vikash Khandola,366,13,raider,,,,,,False,False,,,,,,,,
104,"Pro Kabaddi League Season 7, 2019",Tied,11,2019-09-23 20:30+05:30,,2019-09-23 20:30+05:30,Match Completed,,4,kabaddi,"Sawai Man Singh Indoor Stadium, Jaipur",1789,League,Match 105,pkl,"Pro Kabaddi League Season 7, 2019",11,+05:30,Dabang Delhi K.C.,39,false,Bengaluru Bulls,39,false,Unknown,Vijay ,3081,1,all-rounder,Joginder Narwal,194,2,Defender,Ravinder Pahal,157,4,Defender,Chandran Ranjit,36,5,Raider,,,,,Banty ,3029,4,Raider,Ajay ,3096,2, ,Sumit Singh,3104,2,raider,,False,False,Amit Sheoran,3115,6,Defender,Pawan Kumar,318,17,raider
105,"Pro Kabaddi League Season 7, 2019",W,11,2019-09-25 19:30+05:30,Bengal Warriors Won by 1 Pts,2019-09-25 19:30+05:30,Match Completed,1,4,kabaddi,"Sawai Man Singh Indoor Stadium, Jaipur",1790,League,Match 106,pkl,"Pro Kabaddi League Season 7, 2019",11,+05:30,Telugu Titans,39,false,Bengal Warriors,40,true,Bengal Warriors,Rakesh Gowda,3046,5,Raider,Rajnish ,2290,6,Raider,Farhad Milaghardan,482,3,Defender,Vishal Bharadwaj,3083,1,defender,Siddharth Desai,2026,15,Raider,Jeeva Kumar,54,2,Defender,Sukesh Hegde,111,5,Raider,Maninder Singh,143,17,raider,,False,False,,,,,,,,
106,"Pro Kabaddi League Season 7, 2019",W,11,2019-09-25 20:30+05:30,Jaipur Pink Panthers Won by 9 Pts,2019-09-25 20:30+05:30,Match Completed,9,4,kabaddi,"Sawai Man Singh Indoor Stadium, Jaipur",1791,League,Match 107,pkl,"Pro Kabaddi League Season 7, 2019",11,+05:30,Jaipur Pink Panthers,43,true,Puneri Paltan,34,false,Jaipur Pink Panthers,Deepak Narwal,211,11,Raider,Amit Hooda,212,4,Defender,Nilesh Salunke,293,7,Defender,,,,,,,,,Manjeet ,763,8,raider,Surjeet Singh,322,0,Defender,Girish Maruti Ernak,161,2,Defender,,False,False,Nitin Tomar,320,1,raider,Sushant Sail,3235,0,Raider
107,"Pro Kabaddi League Season 7, 2019",W,11,2019-09-26 19:30+05:30,Dabang Delhi K.C. Won by 4 Pts,2019-09-26 19:30+05:30,Match Completed,4,4,kabaddi,"Sawai Man Singh Indoor Stadium, Jaipur",1792,League,Match 108,pkl,"Pro Kabaddi League Season 7, 2019",11,+05:30,Patna Pirates,39,false,Dabang Delhi K.C.,43,true,Dabang Delhi K.C.,Jang Lee,12,7,Raider,Neeraj Kumar,3107,1,Defender,Hadi Oshtorak,249,1,All Rounder,Jawahar Dagar,390,1, ,Monu ,3082,0,Raider,Vijay ,3081,13,all-rounder,Sombir ,3000,1,Defender,Anil Kumar,311,4, ,,False,False,Joginder Narwal,194,1,Defender,Vishal Mane,123,0,Defender
108,"Pro Kabaddi League Season 7, 2019",W,11,2019-09-27 19:30+05:30,Bengaluru Bulls Won by 2 Pts,2019-09-27 19:30+05:30,Match Completed,2,4,kabaddi,"Sawai Man Singh Indoor Stadium, Jaipur",1793,League,Match 109,pkl,"Pro Kabaddi League Season 7, 2019",11,+05:30,U Mumba,33,false,Bengaluru Bulls,35,true,Bengaluru Bulls,Fazel Atrachali,259,2,defender,Surinder Singh,3086,3,Defender,Athul M S,376,9,Raider,Abhishek Singh,2028,10,Raider,Sandeep Narwal,142,4,all-rounder,Banty ,3029,6,Raider,Ajay ,3096,0, ,Ankit ,3099,0,Defender,,False,False,Amit Sheoran,3115,3,Defender,Pawan Kumar,318,11,raider
109,"Pro Kabaddi League Season 7, 2019",W,11,2019-09-27 20:30+05:30,Telugu Titans Won by 20 Pts,2019-09-27 20:30+05:30,Match Completed,20,4,kabaddi,"Sawai Man Singh Indoor Stadium, Jaipur",1794,League,Match 110,pkl,"Pro Kabaddi League Season 7, 2019",11,+05:30,Jaipur Pink Panthers,31,false,Telugu Titans,51,true,Telugu Titans,Vishal ,3159,3,defender,Sandeep Dhull,290,2,Defender,Deepak Narwal,211,4,Raider,Sachin Narwal,3154,0,All Rounder,Amit Hooda,212,2,Defender,Rajnish ,2290,11,Raider,Farhad Milaghardan,482,4,Defender,Vishal Bharadwaj,3083,2,defender,,False,False,Siddharth Desai,2026,22,Raider,Abozar Mighani,489,1,Defender
110,"Pro Kabaddi League Season 7, 2019",W,11,2019-09-28 19:30+05:30,U.P. Yoddha Won by 7 Pts,2019-09-28 19:30+05:30,Match Completed,7,1025,kabaddi,"Tau Devilal Sports Complex, Panchkula",1795,League,Match 111,pkl,"Pro Kabaddi League Season 7, 2019",11,+05:30,Haryana Steelers,30,false,U.P. Yoddha,37,true,U.P. Yoddha,Prashanth Rai,155,3,raider,Dharmaraj Cheralathan,42,2,Defender,Vikas kale,179,2,Defender,Ravi Kumar,240,5,Defender,Vinay ,3054,8,Raider,Rishank Devadiga,94,1,Raider,Sumit ,3240,3,Defender,Surender Gill,3241,7,Raider,,False,False,Amit ,3126,1,defender,Shrikant Jadhav,106,11,raider
111,"Pro Kabaddi League Season 7, 2019",W,11,2019-09-28 20:30+05:30,Gujarat Giants Won by 29 Pts,2019-09-28 20:30+05:30,Match Completed,29,1025,kabaddi,"Tau Devilal Sports Complex, Panchkula",1796,League,Match 112,pkl,"Pro Kabaddi League Season 7, 2019",11,+05:30,Gujarat Giants,50,true,Tamil Thalaivas,21,false,Gujarat Giants,Vinod Kumar,764,3,Raider,Pankaj ,3089,4,All Rounder,Parvesh Bhainswal,357,5,defender,Ruturaj Koravi,2023,3,Defender,Amit ,3001,1,Defender,V Ajith Kumar,3053,2,Raider,Himanshu ,3161,3,Defender,,,,,,False,False,,,,,,,,
112,"Pro Kabaddi League Season 7, 2019",W,11,2019-09-29 19:30+05:30,Dabang Delhi K.C. Won by 20 Pts,2019-09-29 19:30+05:30,Match Completed,20,1025,kabaddi,"Tau Devilal Sports Complex, Panchkula",1797,League,Match 113,pkl,"Pro Kabaddi League Season 7, 2019",11,+05:30,Puneri Paltan,40,false,Dabang Delhi K.C.,60,true,Dabang Delhi K.C.,Emad Sedaghatnia,3179,7,Raider,Jadhav Shahaji,3011,6,Defender,Girish Maruti Ernak,161,1,Defender,Nitin Tomar,320,7,raider,Sushant Sail,3235,4,Raider,Ravinder Pahal,157,6,Defender,,,,,,,,,,False,False,,,,,,,,
113,"Pro Kabaddi League Season 7, 2019",W,11,2019-09-29 20:30+05:30,Haryana Steelers Won by 1 Pts,2019-09-29 20:30+05:30,Match Completed,1,1025,kabaddi,"Tau Devilal Sports Complex, Panchkula",1798,League,Match 114,pkl,"Pro Kabaddi League Season 7, 2019",11,+05:30,Haryana Steelers,38,true,Gujarat Giants,37,false,Haryana Steelers,Chand Singh,3221,1,Defender,Prashanth Rai,155,9,raider,Sunil ,3106,4,Defender - Right Corner,Vikas kale,179,1,Defender,Ravi Kumar,240,1,Defender,Sonu GFG,3128,8,Raider,More G B,772,4,Raider,Pankaj ,3089,1,All Rounder,,False,False,Parvesh Bhainswal,357,3,defender,Ruturaj Koravi,2023,2,Defender
114,"Pro Kabaddi League Season 7, 2019",W,11,2019-09-30 19:30+05:30,Bengal Warriors Won by 9 Pts,2019-09-30 19:30+05:30,Match Completed,9,1025,kabaddi,"Tau Devilal Sports Complex, Panchkula",1799,League,Match 115,pkl,"Pro Kabaddi League Season 7, 2019",11,+05:30,Bengal Warriors,42,true,Dabang Delhi K.C.,33,false,Bengal Warriors,Baldev Singh,621,3,Defender - Right Corner,Mohammad Nabibakhsh,3176,5,All Rounder,Sukesh Hegde,111,7,Raider,Mayur Shivtarkar,3045,2,All Rounder,Rinku Narwal,3084,2,Defender,Vijay ,3081,2,all-rounder,Anil Kumar,311,3, ,Joginder Narwal,194,1,Defender,,False,False,Naveen Kumar,2296,15,Raider,Vishal Mane,123,0,Defender
115,"Pro Kabaddi League Season 7, 2019",W,11,2019-09-30 20:30+05:30,U Mumba Won by 4 Pts,2019-09-30 20:30+05:30,Match Completed,4,1025,kabaddi,"Tau Devilal Sports Complex, Panchkula",1800,League,Match 116,pkl,"Pro Kabaddi League Season 7, 2019",11,+05:30,Tamil Thalaivas,32,false,U Mumba,36,true,U Mumba,Rahul Chaudhari,81,1,Raider,V Ajith Kumar,3053,16,Raider,Ran Singh,160,2,All Rounder,Sagar ,3236,3,Defender,M. Abishek ,3014,3,Defender,,,,,,,,,,,,,,False,False,,,,,,,,
116,"Pro Kabaddi League Season 7, 2019",W,11,2019-10-02 19:30+05:30,U Mumba Won by 4 Pts,2019-10-02 19:30+05:30,Match Completed,4,1025,kabaddi,"Tau Devilal Sports Complex, Panchkula",1801,League,Match 117,pkl,"Pro Kabaddi League Season 7, 2019",11,+05:30,U Mumba,30,true,Patna Pirates,26,false,U Mumba,Fazel Atrachali,259,4,defender,Surinder Singh,3086,1,Defender,Rohit Baliyan,261,5,Raider,Harendra Kumar,3138,0,Defender,,,,,Vikash Jaglan,121,1,all-rounder,Neeraj Kumar,3107,0,Defender,Hadi Oshtorak,249,4,All Rounder,,False,False,Jaideep ,579,1,Defender,Purna Singh,3075,0, 
117,"Pro Kabaddi League Season 7, 2019",W,11,2019-10-02 20:30+05:30,Bengaluru Bulls Won by 23 Pts,2019-10-02 20:30+05:30,Match Completed,23,1025,kabaddi,"Tau Devilal Sports Complex, Panchkula",1802,League,Match 118,pkl,"Pro Kabaddi League Season 7, 2019",11,+05:30,Haryana Steelers,36,false,Bengaluru Bulls,59,true,Bengaluru Bulls,Prashanth Rai,155,17,raider,Kuldeep Singh (732),732,0,All Rounder,Vikash Khandola,366,6,raider,,,,,,,,,Mahender Singh,769,4,Defender,Banty ,3029,0,Raider,Sumit Singh,3104,1,raider,,False,False,Ankit ,3099,1,Defender,Amit Sheoran,3115,2,Defender
118,"Pro Kabaddi League Season 7, 2019",W,11,2019-10-03 20:30+05:30,Puneri Paltan Won by 3 Pts,2019-10-03 20:30+05:30,Match Completed,3,1025,kabaddi,"Tau Devilal Sports Complex, Panchkula",1803,League,Match 119,pkl,"Pro Kabaddi League Season 7, 2019",11,+05:30,Telugu Titans,50,false,Puneri Paltan,53,true,Puneri Paltan,Rakesh Gowda,3046,17,Raider,Akash Choudhary,3004,2,Defender,Rajnish ,2290,2,Raider,Farhad Milaghardan,482,10,Defender,Aakash Arsul,3237,5,Defender,Jadhav Shahaji,3011,1,Defender,Girish Maruti Ernak,161,1,Defender,Nitin Tomar,320,5,raider,,False,False,,,,,,,,
119,"Pro Kabaddi League Season 7, 2019",W,11,2019-10-04 19:30+05:30,Jaipur Pink Panthers Won by 7 Pts,2019-10-04 19:30+05:30,Match Completed,7,1025,kabaddi,"Tau Devilal Sports Complex, Panchkula",1804,League,Match 120,pkl,"Pro Kabaddi League Season 7, 2019",11,+05:30,Jaipur Pink Panthers,41,true,Bengaluru Bulls,34,false,Jaipur Pink Panthers,Pavan TR,3021,0,Defender,Vishal ,3159,5,defender,Sandeep Dhull,290,4,Defender,Deepak Narwal,211,16,Raider,Amit Hooda,212,3,Defender,,,,,,,,,,,,,,False,False,,,,,,,,
120,"Pro Kabaddi League Season 7, 2019",W,11,2019-10-04 20:30+05:30,Haryana Steelers Won by 20 Pts,2019-10-04 20:30+05:30,Match Completed,20,1025,kabaddi,"Tau Devilal Sports Complex, Panchkula",1805,League,Match 121,pkl,"Pro Kabaddi League Season 7, 2019",11,+05:30,Haryana Steelers,52,true,Telugu Titans,32,false,Haryana Steelers,Chand Singh,3221,0,Defender,Vikas kale,179,0,Defender,Ravi Kumar,240,7,Defender,Vikash Khandola,366,13,raider,,,,,Rakesh Gowda,3046,4,Raider,Akash Choudhary,3004,3,Defender,Farhad Milaghardan,482,10,Defender,,False,False,Siddharth Desai,2026,12,Raider,Krushna Madane,274,1,Defender
121,"Pro Kabaddi League Season 7, 2019",W,11,2019-10-05 19:30+05:30,U.P. Yoddha Won by 17 Pts,2019-10-05 19:30+05:30,Match Completed,17,1022,kabaddi,"Shaheed Vijay Singh Pathik Sports Complex, Greater Noida",1806,League,Match 122,pkl,"Pro Kabaddi League Season 7, 2019",11,+05:30,U.P. Yoddha,50,true,Dabang Delhi K.C.,33,false,U.P. Yoddha,Nitesh Kumar,3088,6,Defender,Surender Singh,234,4,Defender,Mohsen Maghsoudlou,567,1,all-rounder,Sumit ,3240,5,Defender,Amit ,3126,1,defender,Neeraj Narwal,3038,11,Raider,Mohit ,3223,0,Defender,Satywan ,3169,0,Defender,,False,False,,,,,,,,
122,"Pro Kabaddi League Season 7, 2019",W,11,2019-10-05 20:30+05:30,Patna Pirates Won by 6 Pts,2019-10-05 20:30+05:30,Match Completed,6,1022,kabaddi,"Shaheed Vijay Singh Pathik Sports Complex, Greater Noida",1807,League,Match 123,pkl,"Pro Kabaddi League Season 7, 2019",11,+05:30,Gujarat Giants,33,false,Patna Pirates,39,true,Patna Pirates,Pankaj ,3089,1,All Rounder,Parvesh Bhainswal,357,3,defender,Rohit Gulia,3023,6,All Rounder,Ruturaj Koravi,2023,2,Defender,Amit ,3001,0,Defender,Jang Lee,12,2,Raider,Neeraj Kumar,3107,3,Defender,Hadi Oshtorak,249,1,All Rounder,,False,False,Mohammad Mahalli,3175,5,Raider,Jaideep ,579,2,Defender
123,"Pro Kabaddi League Season 7, 2019",W,11,2019-10-06 19:30+05:30,Patna Pirates Won by 28 Pts,2019-10-06 19:30+05:30,Match Completed,28,1022,kabaddi,"Shaheed Vijay Singh Pathik Sports Complex, Greater Noida",1808,League,Match 124,pkl,"Pro Kabaddi League Season 7, 2019",11,+05:30,Bengal Warriors,41,false,Patna Pirates,69,true,Patna Pirates,Baldev Singh,621,2,Defender - Right Corner,Mohammad Taghi Paein Mahali ,3177,6,raider,Adarsh T,3095,3,Defender - Left Corner,Sourabh Patil,3156,11,All Rounder,Viraj Vishnu Landge,784,1,Defender,Vikash Jaglan,121,4,all-rounder,Jang Lee,12,8,Raider,Neeraj Kumar,3107,5,Defender,,False,False,Hadi Oshtorak,249,0,All Rounder,Mohammad Mahalli,3175,4,Raider
124,"Pro Kabaddi League Season 7, 2019",W,11,2019-10-06 20:30+05:30,U.P. Yoddha Won by 4 Pts,2019-10-06 20:30+05:30,Match Completed,4,1022,kabaddi,"Shaheed Vijay Singh Pathik Sports Complex, Greater Noida",1809,League,Match 125,pkl,"Pro Kabaddi League Season 7, 2019",11,+05:30,U.P. Yoddha,43,true,Puneri Paltan,39,false,U.P. Yoddha,Nitesh Kumar,3088,6,Defender,Rishank Devadiga,94,7,Raider,Ankush ,3027,3,Raider,Sachin Kumar,218,5,Defender,Gurdeep ,2041,2,All Rounder,Sagar B Krishna,347,2,All Rounder,Manjeet ,763,8,raider,Nitin Tomar,320,8,raider,,False,False,Amit Kumar,3110,7, ,,,,
125,"Pro Kabaddi League Season 7, 2019",W,11,2019-10-07 19:30+05:30,Gujarat Giants Won by 10 Pts,2019-10-07 19:30+05:30,Match Completed,10,1022,kabaddi,"Shaheed Vijay Singh Pathik Sports Complex, Greater Noida",1810,League,Match 126,pkl,"Pro Kabaddi League Season 7, 2019",11,+05:30,Telugu Titans,38,false,Gujarat Giants,48,true,Gujarat Giants,Rakesh Gowda,3046,6,Raider,Akash Choudhary,3004,3,Defender,Farhad Milaghardan,482,2,Defender,Siddharth Desai,2026,13,Raider,Aakash Arsul,3237,2,Defender,Pankaj ,3089,5,All Rounder,Rohit Gulia,3023,9,All Rounder,Amit ,3001,0,Defender,,False,False,Sonu GFG,3128,17,Raider,More G B,772,7,Raider
126,"Pro Kabaddi League Season 7, 2019",W,11,2019-10-07 20:30+05:30,Tamil Thalaivas Won by 2 Pts,2019-10-07 20:30+05:30,Match Completed,2,1022,kabaddi,"Shaheed Vijay Singh Pathik Sports Complex, Greater Noida",1811,League,Match 127,pkl,"Pro Kabaddi League Season 7, 2019",11,+05:30,Tamil Thalaivas,35,true,Jaipur Pink Panthers,33,false,Tamil Thalaivas,Rahul Chaudhari,81,5,Raider,Himanshu ,3161,3,Defender,Ran Singh,160,4,All Rounder,Sagar ,3236,4,Defender,M. Abishek ,3014,1,Defender,Vishal ,3159,1,defender,Amit Hooda,212,6,Defender,Guman Singh,3032,3,Raider,,False,False,,,,,,,,
127,"Pro Kabaddi League Season 7, 2019",W,11,2019-10-09 19:30+05:30,Bengal Warriors Won by 4 Pts,2019-10-09 19:30+05:30,Match Completed,4,1022,kabaddi,"Shaheed Vijay Singh Pathik Sports Complex, Greater Noida",1812,League,Match 128,pkl,"Pro Kabaddi League Season 7, 2019",11,+05:30,Bengal Warriors,33,true,Tamil Thalaivas,29,false,Bengal Warriors,Baldev Singh,621,2,Defender - Right Corner,Mohammad Nabibakhsh,3176,7,All Rounder,Jeeva Kumar,54,0,Defender,Sukesh Hegde,111,6,Raider,Rinku Narwal,3084,5,Defender,Sagar ,3236,5,Defender,V Ajith Kumar,3053,4,Raider,Ran Singh,160,3,All Rounder,,False,False,,,,,,,,
128,"Pro Kabaddi League Season 7, 2019",W,11,2019-10-09 20:30+05:30,Telugu Titans Won by 5 Pts,2019-10-09 20:30+05:30,Match Completed,5,1022,kabaddi,"Shaheed Vijay Singh Pathik Sports Complex, Greater Noida",1813,League,Match 129,pkl,"Pro Kabaddi League Season 7, 2019",11,+05:30,U.P. Yoddha,36,false,Telugu Titans,41,true,Telugu Titans,Rishank Devadiga,94,8,Raider,Sumit ,3240,5,Defender,Amit ,3126,1,defender,Gurdeep ,2041,0,All Rounder,,,,,Rakesh Gowda,3046,3,Raider,Akash Choudhary,3004,0,Defender,Farhad Milaghardan,482,4,Defender,,False,False,Siddharth Desai,2026,15,Raider,Krushna Madane,274,4,Defender
129,"Pro Kabaddi League Season 7, 2019",W,11,2019-10-10 19:30+05:30,U Mumba Won by 6 Pts,2019-10-10 19:30+05:30,Match Completed,6,1022,kabaddi,"Shaheed Vijay Singh Pathik Sports Complex, Greater Noida",1814,League,Match 130,pkl,"Pro Kabaddi League Season 7, 2019",11,+05:30,U Mumba,39,true,Haryana Steelers,33,false,U Mumba,Fazel Atrachali,259,8,defender,Surinder Singh,3086,0,Defender,Ajinkya Kapre,2025,10,All Rounder,Sandeep Narwal,142,5,all-rounder,Navneet ,3238,2,Raider,Chand Singh,3221,0,Defender,Sunil ,3106,4,Defender - Right Corner,Parveen ,3100,0,Defender - Left Cover,,False,False,Naveen ,2357,4,Raider,,,,
130,"Pro Kabaddi League Season 7, 2019",Tied,11,2019-10-11 19:30+05:30,,2019-10-11 19:30+05:30,Match Completed,,1022,kabaddi,"Shaheed Vijay Singh Pathik Sports Complex, Greater Noida",1815,League,Match 131,pkl,"Pro Kabaddi League Season 7, 2019",11,+05:30,Dabang Delhi K.C.,37,false,U Mumba,37,false,Unknown,Vijay ,3081,5,all-rounder,Anil Kumar,311,3, ,Naveen Kumar,2296,12,Raider,Vishal Mane,123,2,Defender,,,,,Fazel Atrachali,259,6,defender,Arjun Deshwal,2024,9,Raider,Surinder Singh,3086,2,Defender,,False,False,Abhishek Singh,2028,10,Raider,Ajinkya Kapre,2025,0,All Rounder
131,"Pro Kabaddi League Season 7, 2019",W,11,2019-10-11 20:30+05:30,U.P. Yoddha Won by 12 Pts,2019-10-11 20:30+05:30,Match Completed,12,1022,kabaddi,"Shaheed Vijay Singh Pathik Sports Complex, Greater Noida",1816,League,Match 132,pkl,"Pro Kabaddi League Season 7, 2019",11,+05:30,U.P. Yoddha,45,true,Bengaluru Bulls,33,false,U.P. Yoddha,Nitesh Kumar,3088,4,Defender,Rishank Devadiga,94,4,Raider,Sumit ,3240,2,Defender,Surender Gill,3241,9,Raider,Amit ,3126,1,defender,Mahender Singh,769,4,Defender,Ankit ,3099,1,Defender,Amit Sheoran,3115,2,Defender,,False,False,Saurabh Nandal,3228,2,Defender,,,,
132,"Pro Kabaddi League Season 7, 2019",W,11,2019-10-14 19:30+05:30,Bengaluru Bulls Won by 3 Pts,2019-10-14 19:30+05:30,Match Completed,3,1023,kabaddi,"The Arena by TransStadia, Ahmedabad",1817,Playoffs,Match 133,pkl,"Pro Kabaddi League Season 7, 2019",11,+05:30,U.P. Yoddha,45,false,Bengaluru Bulls,48,true,Bengaluru Bulls,Nitesh Kumar,3088,5,Defender,Rishank Devadiga,94,11,Raider,Sumit ,3240,5,Defender,Surender Gill,3241,5,Raider,Amit ,3126,1,defender,Sumit Singh,3104,7,raider,Ankit ,3099,0,Defender,Rohit Kumar,326,3,raider,,False,False,Amit Sheoran,3115,2,Defender,Pawan Kumar,318,20,raider
133,"Pro Kabaddi League Season 7, 2019",W,11,2019-10-14 20:30+05:30,U Mumba Won by 8 Pts,2019-10-14 20:30+05:30,Match Completed,8,1023,kabaddi,"The Arena by TransStadia, Ahmedabad",1818,Playoffs,Match 134,pkl,"Pro Kabaddi League Season 7, 2019",11,+05:30,U Mumba,46,true,Haryana Steelers,38,false,U Mumba,Fazel Atrachali,259,3,defender,Arjun Deshwal,2024,15,Raider,Surinder Singh,3086,2,Defender,Sandeep Narwal,142,2,all-rounder,Young Chang Ko,519,1,Defender,Chand Singh,3221,2,Defender,Prashanth Rai,155,9,raider,Vikas kale,179,1,Defender,,False,False,Ravi Kumar,240,0,Defender,,,,
134,"Pro Kabaddi League Season 7, 2019",W,11,2019-10-16 19:30+05:30,Dabang Delhi K.C. Won by 6 Pts,2019-10-16 19:30+05:30,Match Completed,6,1023,kabaddi,"The Arena by TransStadia, Ahmedabad",1819,Semi Final,Match 135,pkl,"Pro Kabaddi League Season 7, 2019",11,+05:30,Dabang Delhi K.C.,44,true,Bengaluru Bulls,38,false,Dabang Delhi K.C.,Vijay ,3081,3,all-rounder,Anil Kumar,311,4, ,Joginder Narwal,194,3,Defender,Naveen Kumar,2296,15,Raider,Vishal Mane,123,1,Defender,Mahender Singh,769,2,Defender,Sumit Singh,3104,6,raider,Amit Sheoran,3115,0,Defender,,False,False,Saurabh Nandal,3228,2,Defender,Sandeep ,299,1,Defender
135,"Pro Kabaddi League Season 7, 2019",W,11,2019-10-16 20:30+05:30,Bengal Warriors Won by 2 Pts,2019-10-16 20:30+05:30,Match Completed,2,1023,kabaddi,"The Arena by TransStadia, Ahmedabad",1820,Semi Final,Match 136,pkl,"Pro Kabaddi League Season 7, 2019",11,+05:30,Bengal Warriors,37,true,U Mumba,35,false,Bengal Warriors,Baldev Singh,621,2,Defender - Right Corner,Mohammad Nabibakhsh,3176,5,All Rounder,Jeeva Kumar,54,3,Defender,Sukesh Hegde,111,8,Raider,K.Prapanjan ,219,4,raider,Fazel Atrachali,259,1,defender,Surinder Singh,3086,4,Defender,Ajinkya Kapre,2025,5,All Rounder,,False,False,Sandeep Narwal,142,5,all-rounder,Young Chang Ko,519,0,Defender
136,"Pro Kabaddi League Season 7, 2019",W,11,2019-10-19 19:30+05:30,Bengal Warriors Won by 5 Pts,2019-10-19 19:30+05:30,Match Completed,5,1023,kabaddi,"The Arena by TransStadia, Ahmedabad",1821,Final,Match 137,pkl,"Pro Kabaddi League Season 7, 2019",11,+05:30,Dabang Delhi K.C.,34,false,Bengal Warriors,39,true,Bengal Warriors,Vijay ,3081,3,all-rounder,Anil Kumar,311,3, ,Joginder Narwal,194,0,Defender,Naveen Kumar,2296,18,Raider,Vishal Mane,123,1,Defender,Baldev Singh,621,2,Defender - Right Corner,Mohammad Nabibakhsh,3176,10,All Rounder,Jeeva Kumar,54,4,Defender,,False,False,Sukesh Hegde,111,8,Raider,Ravindra Kumavat,3094,6,raider
