,player_id,player_name,total_points_match_played,total_points_value,total_points_team_id,total_points_team,team_name,total_points_rank,total_points_position_id,total_points_position_name,team_full_name,total_points_points_per_match,successful_raids_match_played,successful_raids_value,successful_raids_team_id,successful_raids_team,successful_raids_rank,successful_raids_position_id,successful_raids_position_name,successful_raids_points_per_match,raid_points_match_played,raid_points_value,raid_points_team_id,raid_points_team,raid_points_rank,raid_points_position_id,raid_points_position_name,raid_points_points_per_match,successful_tackles_match_played,successful_tackles_value,successful_tackles_team_id,successful_tackles_team,successful_tackles_rank,successful_tackles_position_id,successful_tackles_position_name,successful_tackles_points_per_match,tackle_points_match_played,tackle_points_value,tackle_points_team_id,tackle_points_team,tackle_points_rank,tackle_points_position_id,tackle_points_position_name,tackle_points_points_per_match,avg_tackle_points_match_played,avg_tackle_points_value,avg_tackle_points_team_id,avg_tackle_points_team,avg_tackle_points_rank,avg_tackle_points_position_id,avg_tackle_points_position_name,avg_tackle_points_points_per_match,dod_raid_points_match_played,dod_raid_points_value,dod_raid_points_team_id,dod_raid_points_team,dod_raid_points_rank,dod_raid_points_position_id,dod_raid_points_position_name,dod_raid_points_points_per_match,super_raids_match_played,super_raids_value,super_raids_team_id,super_raids_team,super_raids_rank,super_raids_position_id,super_raids_position_name,super_raids_points_per_match,super_tackles_match_played,super_tackles_value,super_tackles_team_id,super_tackles_team,super_tackles_rank,super_tackles_position_id,super_tackles_position_name,super_tackles_points_per_match,super_10s_match_played,super_10s_value,super_10s_team_id,super_10s_team,super_10s_rank,super_10s_position_id,super_10s_position_name,super_10s_points_per_match,super_5s_match_played,super_5s_value,super_5s_team_id,super_5s_team,super_5s_rank,super_5s_position_id,super_5s_position_name,super_5s_points_per_match
0,26,Ajay Thakur,5,5,2,,DEL,144,8,Raider,Dabang Delhi K.C.,1.0,5.0,3.0,2.0,,80.0,8.0,Raider,0.6,5.0,4.0,2.0,,85.0,8.0,Raider,0.8,5.0,1.0,2.0,,135.0,8.0,Raider,0.2,5.0,1.0,2.0,,150.0,8.0,Raider,0.2,5.0,0.2,2.0,,146.0,8.0,Raider,0.04,,,,,,,,,,,,,,,,,,,,,,,,,,,,,,,,,,,,,,,,
1,36,Chandran Ranjit,19,90,1,,BLR,27,8,Raider,Bengaluru Bulls,4.7368421052631575,19.0,61.0,1.0,,26.0,8.0,Raider,3.210526315789474,19.0,80.0,1.0,,25.0,8.0,Raider,4.2105263157894735,19.0,9.0,1.0,,70.0,8.0,Raider,0.4736842105263157,19.0,10.0,1.0,,72.0,8.0,Raider,0.5263157894736842,19.0,0.53,1.0,,104.0,8.0,Raider,0.0278947368421052,19.0,4.0,1.0,,48.0,8.0,Raider,0.2105263157894736,19.0,3.0,1.0,,22.0,8.0,Raider,0.1578947368421052,19.0,1.0,1.0,,67.0,8.0,Raider,0.0526315789473684,19.0,1.0,1.0,,29.0,8.0,Raider,0.0526315789473684,,,,,,,,
2,41,Deepak Hooda,17,120,3,,JAI,18,0,All-Rounder,Jaipur Pink Panthers,7.0588235294117645,17.0,100.0,3.0,,16.0,0.0,All-Rounder,5.882352941176471,17.0,117.0,3.0,,16.0,0.0,All-Rounder,6.882352941176471,17.0,3.0,3.0,,110.0,0.0,All-Rounder,0.1764705882352941,17.0,3.0,3.0,,117.0,0.0,All-Rounder,0.1764705882352941,17.0,0.18,3.0,,147.0,0.0,All-Rounder,0.0105882352941176,17.0,31.0,3.0,,7.0,0.0,All-Rounder,1.8235294117647056,17.0,1.0,3.0,,45.0,0.0,All-Rounder,0.0588235294117647,,,,,,,,,17.0,4.0,3.0,,18.0,0.0,All-Rounder,0.2352941176470588,,,,,,,,
3,42,Dharmaraj Cheralathan,5,2,3,,JAI,176,9,Defender,Jaipur Pink Panthers,0.4,,,,,,,,,,,,,,,,,5.0,2.0,3.0,,130.0,9.0,Defender,0.4,5.0,2.0,3.0,,125.0,9.0,Defender,0.4,5.0,0.4,3.0,,122.0,9.0,Defender,0.08,,,,,,,,,,,,,,,,,,,,,,,,,,,,,,,,,,,,,,,,
4,54,Jeeva Kumar,21,23,2,,DEL,96,9,Defender,Dabang Delhi K.C.,1.0952380952380951,,,,,,,,,,,,,,,,,21.0,22.0,2.0,,44.0,9.0,Defender,1.0476190476190477,21.0,23.0,2.0,,45.0,9.0,Defender,1.0952380952380951,21.0,1.1,2.0,,60.0,9.0,Defender,0.0523809523809523,,,,,,,,,,,,,,,,,21.0,1.0,2.0,,68.0,9.0,Defender,0.0476190476190476,,,,,,,,,,,,,,,,
5,69,Manjeet Chhillar,24,53,2,,DEL,53,0,All Rounder,Dabang Delhi K.C.,2.2083333333333335,24.0,1.0,2.0,,106.0,0.0,All Rounder,0.0416666666666666,24.0,1.0,2.0,,115.0,0.0,All Rounder,0.0416666666666666,24.0,50.0,2.0,,12.0,0.0,All Rounder,2.0833333333333335,24.0,52.0,2.0,,14.0,0.0,All Rounder,2.1666666666666665,24.0,2.17,2.0,,21.0,0.0,All Rounder,0.0904166666666666,,,,,,,,,,,,,,,,,24.0,2.0,2.0,,47.0,0.0,All Rounder,0.0833333333333333,,,,,,,,,24.0,2.0,2.0,,17.0,0.0,All Rounder,0.0833333333333333
6,81,Rahul Chaudhari,7,13,7,,PUN,116,8,Raider,Puneri Paltan,1.8571428571428572,7.0,10.0,7.0,,59.0,8.0,Raider,1.4285714285714286,7.0,13.0,7.0,,58.0,8.0,Raider,1.8571428571428572,,,,,,,,,,,,,,,,,,,,,,,,,7.0,2.0,7.0,,58.0,8.0,Raider,0.2857142857142857,,,,,,,,,,,,,,,,,,,,,,,,,,,,,,,,
7,86,Rajesh Narwal,3,1,28,,HAR,194,0,All Rounder,Haryana Steelers,0.3333333333333333,,,,,,,,,3.0,1.0,28.0,,116.0,0.0,All Rounder,0.3333333333333333,,,,,,,,,,,,,,,,,,,,,,,,,,,,,,,,,,,,,,,,,,,,,,,,,,,,,,,,,,,,,,,,
8,94,Rishank Devadiga,1,1,4,,KOL,195,8,Raider,Bengal Warriors,1.0,1.0,1.0,4.0,,107.0,8.0,Raider,1.0,1.0,1.0,4.0,,117.0,8.0,Raider,1.0,,,,,,,,,,,,,,,,,,,,,,,,,,,,,,,,,,,,,,,,,,,,,,,,,,,,,,,,,,,,,,,,
9,106,Shrikant Jadhav,23,100,30,,U.P.,22,8,Raider,U.P. Yoddhas,4.3478260869565215,23.0,72.0,30.0,,23.0,8.0,Raider,3.130434782608696,23.0,92.0,30.0,,23.0,8.0,Raider,4.0,23.0,5.0,30.0,,92.0,8.0,Raider,0.217391304347826,23.0,8.0,30.0,,80.0,8.0,Raider,0.3478260869565217,23.0,0.35,30.0,,127.0,8.0,Raider,0.0152173913043478,23.0,21.0,30.0,,14.0,8.0,Raider,0.9130434782608696,23.0,2.0,30.0,,23.0,8.0,Raider,0.0869565217391304,23.0,3.0,30.0,,20.0,8.0,Raider,0.1304347826086956,23.0,2.0,30.0,,24.0,8.0,Raider,0.0869565217391304,,,,,,,,
10,107,Shrikant Tewthia,3,2,28,,HAR,175,0,All Rounder,Haryana Steelers,0.6666666666666666,,,,,,,,,,,,,,,,,3.0,1.0,28.0,,134.0,0.0,All Rounder,0.3333333333333333,3.0,2.0,28.0,,126.0,0.0,All Rounder,0.6666666666666666,3.0,0.67,28.0,,96.0,0.0,All Rounder,0.2233333333333333,,,,,,,,,,,,,,,,,3.0,1.0,28.0,,65.0,0.0,All Rounder,0.3333333333333333,,,,,,,,,,,,,,,,
11,111,Sukesh Hegde,15,58,4,,KOL,45,8,Raider,Bengal Warriors,3.8666666666666663,15.0,43.0,4.0,,36.0,8.0,Raider,2.8666666666666667,15.0,58.0,4.0,,35.0,8.0,Raider,3.8666666666666663,,,,,,,,,,,,,,,,,,,,,,,,,15.0,5.0,4.0,,40.0,8.0,Raider,0.3333333333333333,15.0,2.0,4.0,,24.0,8.0,Raider,0.1333333333333333,,,,,,,,,,,,,,,,,,,,,,,,
12,123,Vishal Mane,6,5,4,,KOL,145,9,Defender,Bengal Warriors,0.8333333333333334,,,,,,,,,,,,,,,,,6.0,5.0,4.0,,93.0,9.0,Defender,0.8333333333333334,6.0,5.0,4.0,,99.0,9.0,Defender,0.8333333333333334,6.0,0.83,4.0,,80.0,9.0,Defender,0.1383333333333333,,,,,,,,,,,,,,,,,,,,,,,,,,,,,,,,,,,,,,,,
13,142,Sandeep Narwal,24,64,2,,DEL,39,0,All Rounder,Dabang Delhi K.C.,2.6666666666666665,24.0,18.0,2.0,,47.0,0.0,All Rounder,0.75,24.0,26.0,2.0,,47.0,0.0,All Rounder,1.0833333333333333,24.0,37.0,2.0,,27.0,0.0,All Rounder,1.5416666666666667,24.0,38.0,2.0,,29.0,0.0,All Rounder,1.5833333333333333,24.0,1.58,2.0,,40.0,0.0,All Rounder,0.0658333333333333,24.0,6.0,2.0,,38.0,0.0,All Rounder,0.25,,,,,,,,,24.0,1.0,2.0,,66.0,0.0,All Rounder,0.0416666666666666,,,,,,,,,,,,,,,,
14,143,Maninder Singh,22,264,4,,KOL,3,8,Raider,Bengal Warriors,12.0,22.0,192.0,4.0,,3.0,8.0,Raider,8.727272727272727,22.0,262.0,4.0,,3.0,8.0,Raider,11.909090909090908,22.0,2.0,4.0,,131.0,8.0,Raider,0.0909090909090909,22.0,2.0,4.0,,127.0,8.0,Raider,0.0909090909090909,22.0,0.09,4.0,,157.0,8.0,Raider,0.004090909090909,22.0,39.0,4.0,,5.0,8.0,Raider,1.7727272727272727,22.0,11.0,4.0,,2.0,8.0,Raider,0.5,,,,,,,,,22.0,16.0,4.0,,2.0,8.0,Raider,0.7272727272727273,,,,,,,,
15,146,Surender Nada,21,48,28,,HAR,59,0,Defender - Left Corner,Haryana Steelers,2.2857142857142856,21.0,2.0,28.0,,93.0,0.0,Defender - Left Corner,0.0952380952380952,21.0,3.0,28.0,,90.0,0.0,Defender - Left Corner,0.1428571428571428,21.0,41.0,28.0,,21.0,0.0,Defender - Left Corner,1.9523809523809523,21.0,45.0,28.0,,19.0,0.0,Defender - Left Corner,2.142857142857143,21.0,2.14,28.0,,22.0,0.0,Defender - Left Corner,0.1019047619047619,,,,,,,,,,,,,,,,,21.0,4.0,28.0,,15.0,0.0,Defender - Left Corner,0.1904761904761904,,,,,,,,,21.0,2.0,28.0,,18.0,0.0,Defender - Left Corner,0.0952380952380952
16,155,Prashanth Kumar Rai,23,96,6,,PAT,24,8,Raider,Patna Pirates,4.173913043478261,23.0,73.0,6.0,,22.0,8.0,Raider,3.1739130434782608,23.0,95.0,6.0,,22.0,8.0,Raider,4.130434782608695,23.0,1.0,6.0,,136.0,8.0,Raider,0.0434782608695652,23.0,1.0,6.0,,151.0,8.0,Raider,0.0434782608695652,23.0,0.04,6.0,,161.0,8.0,Raider,0.0017391304347826,23.0,15.0,6.0,,20.0,8.0,Raider,0.6521739130434783,23.0,1.0,6.0,,46.0,8.0,Raider,0.0434782608695652,,,,,,,,,,,,,,,,,,,,,,,,
17,156,Pawan Kadian,1,5,7,,PUN,143,8,Raider,Puneri Paltan,5.0,1.0,3.0,7.0,,81.0,8.0,Raider,3.0,1.0,5.0,7.0,,75.0,8.0,Raider,5.0,,,,,,,,,,,,,,,,,,,,,,,,,,,,,,,,,,,,,,,,,,,,,,,,,,,,,,,,,,,,,,,,
18,157,Ravinder Pahal,8,12,31,,GUJ,121,0,Defender - Right Corner,Gujarat Giants,1.5,,,,,,,,,,,,,,,,,8.0,12.0,31.0,,64.0,0.0,Defender - Right Corner,1.5,8.0,12.0,31.0,,65.0,0.0,Defender - Right Corner,1.5,8.0,1.5,31.0,,44.0,0.0,Defender - Right Corner,0.1875,,,,,,,,,,,,,,,,,,,,,,,,,,,,,,,,,,,,,,,,
19,160,Ran Singh,14,38,4,,KOL,74,0,All Rounder,Bengal Warriors,2.7142857142857144,14.0,2.0,4.0,,92.0,0.0,All Rounder,0.1428571428571428,14.0,3.0,4.0,,89.0,0.0,All Rounder,0.2142857142857142,14.0,34.0,4.0,,29.0,0.0,All Rounder,2.4285714285714284,14.0,35.0,4.0,,30.0,0.0,All Rounder,2.5,14.0,2.5,4.0,,12.0,0.0,All Rounder,0.1785714285714285,14.0,1.0,4.0,,75.0,0.0,All Rounder,0.0714285714285714,,,,,,,,,14.0,1.0,4.0,,69.0,0.0,All Rounder,0.0714285714285714,,,,,,,,,14.0,1.0,4.0,,32.0,0.0,All Rounder,0.0714285714285714
20,161,Girish Maruti Ernak,19,46,31,,GUJ,63,0,Defender - Left Corner,Gujarat Giants,2.4210526315789473,,,,,,,,,,,,,,,,,19.0,45.0,31.0,,17.0,0.0,Defender - Left Corner,2.3684210526315788,19.0,46.0,31.0,,18.0,0.0,Defender - Left Corner,2.4210526315789473,19.0,2.42,31.0,,14.0,0.0,Defender - Left Corner,0.1273684210526315,,,,,,,,,,,,,,,,,19.0,1.0,31.0,,70.0,0.0,Defender - Left Corner,0.0526315789473684,,,,,,,,,19.0,4.0,31.0,,5.0,0.0,Defender - Left Corner,0.2105263157894736
21,163,Mahendra Rajput,17,65,31,,GUJ,38,8,Raider,Gujarat Giants,3.823529411764706,17.0,47.0,31.0,,32.0,8.0,Raider,2.764705882352941,17.0,60.0,31.0,,34.0,8.0,Raider,3.5294117647058822,17.0,4.0,31.0,,103.0,8.0,Raider,0.2352941176470588,17.0,5.0,31.0,,98.0,8.0,Raider,0.2941176470588235,17.0,0.29,31.0,,137.0,8.0,Raider,0.0170588235294117,17.0,8.0,31.0,,33.0,8.0,Raider,0.4705882352941176,17.0,1.0,31.0,,47.0,8.0,Raider,0.0588235294117647,17.0,1.0,31.0,,71.0,8.0,Raider,0.0588235294117647,17.0,1.0,31.0,,30.0,8.0,Raider,0.0588235294117647,,,,,,,,
22,185,Vijin Thangadurai,7,3,4,,KOL,164,9,Defender,Bengal Warriors,0.4285714285714285,,,,,,,,,,,,,,,,,7.0,3.0,4.0,,109.0,9.0,Defender,0.4285714285714285,7.0,3.0,4.0,,116.0,9.0,Defender,0.4285714285714285,7.0,0.43,4.0,,120.0,9.0,Defender,0.0614285714285714,,,,,,,,,,,,,,,,,,,,,,,,,,,,,,,,,,,,,,,,
23,191,C. Arun,14,11,8,,HYD,122,9,Defender,Telugu Titans,0.7857142857142857,,,,,,,,,14.0,1.0,8.0,,113.0,9.0,Defender,0.0714285714285714,14.0,9.0,8.0,,69.0,9.0,Defender,0.6428571428571429,14.0,10.0,8.0,,71.0,9.0,Defender,0.7142857142857143,14.0,0.71,8.0,,94.0,9.0,Defender,0.0507142857142857,,,,,,,,,,,,,,,,,14.0,1.0,8.0,,72.0,9.0,Defender,0.0714285714285714,,,,,,,,,,,,,,,,
24,194,Joginder Narwal,19,32,2,,DEL,79,0,Defender - Left Corner,Dabang Delhi K.C.,1.6842105263157894,,,,,,,,,19.0,1.0,2.0,,114.0,0.0,Defender - Left Corner,0.0526315789473684,19.0,29.0,2.0,,36.0,0.0,Defender - Left Corner,1.5263157894736843,19.0,31.0,2.0,,36.0,0.0,Defender - Left Corner,1.631578947368421,19.0,1.63,2.0,,39.0,0.0,Defender - Left Corner,0.0857894736842105,,,,,,,,,,,,,,,,,19.0,2.0,2.0,,50.0,0.0,Defender - Left Corner,0.1052631578947368,,,,,,,,,,,,,,,,
25,197,Pardeep Narwal,24,188,30,,U.P.,7,8,Raider,U.P. Yoddhas,7.833333333333333,24.0,139.0,30.0,,9.0,8.0,Raider,5.791666666666667,24.0,188.0,30.0,,6.0,8.0,Raider,7.833333333333333,,,,,,,,,,,,,,,,,,,,,,,,,24.0,22.0,30.0,,13.0,8.0,Raider,0.9166666666666666,24.0,12.0,30.0,,1.0,8.0,Raider,0.5,,,,,,,,,24.0,9.0,30.0,,5.0,8.0,Raider,0.375,,,,,,,,
26,202,Ashish Sangwan,9,16,5,,MUM,112,0,All-Rounder,U Mumba,1.7777777777777777,9.0,2.0,5.0,,94.0,0.0,All-Rounder,0.2222222222222222,9.0,3.0,5.0,,91.0,0.0,All-Rounder,0.3333333333333333,9.0,12.0,5.0,,61.0,0.0,All-Rounder,1.3333333333333333,9.0,13.0,5.0,,64.0,0.0,All-Rounder,1.4444444444444444,9.0,1.44,5.0,,47.0,0.0,All-Rounder,0.16,,,,,,,,,,,,,,,,,9.0,1.0,5.0,,62.0,0.0,All-Rounder,0.1111111111111111,,,,,,,,,,,,,,,,
27,204,Rakesh Narwal,16,81,31,,GUJ,30,8,Raider,Gujarat Giants,5.0625,16.0,57.0,31.0,,29.0,8.0,Raider,3.5625,16.0,73.0,31.0,,31.0,8.0,Raider,4.5625,16.0,6.0,31.0,,88.0,8.0,Raider,0.375,16.0,8.0,31.0,,81.0,8.0,Raider,0.5,16.0,0.5,31.0,,106.0,8.0,Raider,0.03125,16.0,14.0,31.0,,21.0,8.0,Raider,0.875,16.0,1.0,31.0,,48.0,8.0,Raider,0.0625,16.0,2.0,31.0,,51.0,8.0,Raider,0.125,16.0,2.0,31.0,,27.0,8.0,Raider,0.125,,,,,,,,
28,211,Deepak Narwal,10,18,1,,BLR,104,8,Raider,Bengaluru Bulls,1.8,10.0,12.0,1.0,,52.0,8.0,Raider,1.2,10.0,18.0,1.0,,53.0,8.0,Raider,1.8,,,,,,,,,,,,,,,,,,,,,,,,,10.0,5.0,1.0,,41.0,8.0,Raider,0.5,,,,,,,,,,,,,,,,,,,,,,,,,,,,,,,,
29,212,Amit Hooda,2,2,3,,JAI,174,0,Defender - Right Corner,Jaipur Pink Panthers,1.0,,,,,,,,,,,,,,,,,2.0,2.0,3.0,,132.0,0.0,Defender - Right Corner,1.0,2.0,2.0,3.0,,129.0,0.0,Defender - Right Corner,1.0,2.0,1.0,3.0,,65.0,0.0,Defender - Right Corner,0.5,,,,,,,,,,,,,,,,,,,,,,,,,,,,,,,,,,,,,,,,
30,219,K. Prapanjan,7,21,29,,CHE,99,8,Raider,Tamil Thalaivas,3.0,7.0,16.0,29.0,,48.0,8.0,Raider,2.2857142857142856,7.0,21.0,29.0,,50.0,8.0,Raider,3.0,,,,,,,,,,,,,,,,,,,,,,,,,7.0,2.0,29.0,,60.0,8.0,Raider,0.2857142857142857,,,,,,,,,,,,,,,,,,,,,,,,,,,,,,,,
31,232,Sachin Vittala,7,6,4,,KOL,139,0,Defender - Left Corner,Bengal Warriors,0.8571428571428571,,,,,,,,,,,,,,,,,7.0,5.0,4.0,,90.0,0.0,Defender - Left Corner,0.7142857142857143,7.0,6.0,4.0,,90.0,0.0,Defender - Left Corner,0.8571428571428571,7.0,0.86,4.0,,78.0,0.0,Defender - Left Corner,0.1228571428571428,,,,,,,,,,,,,,,,,7.0,1.0,4.0,,61.0,0.0,Defender - Left Corner,0.1428571428571428,,,,,,,,,7.0,1.0,4.0,,33.0,0.0,Defender - Left Corner,0.1428571428571428
32,240,Ravi Kumar,22,25,28,,HAR,92,0,Defender - Right Cover,Haryana Steelers,1.1363636363636365,,,,,,,,,22.0,1.0,28.0,,118.0,0.0,Defender - Right Cover,0.0454545454545454,22.0,21.0,28.0,,45.0,0.0,Defender - Right Cover,0.9545454545454546,22.0,24.0,28.0,,43.0,0.0,Defender - Right Cover,1.0909090909090908,22.0,1.09,28.0,,61.0,0.0,Defender - Right Cover,0.0495454545454545,,,,,,,,,,,,,,,,,22.0,3.0,28.0,,21.0,0.0,Defender - Right Cover,0.1363636363636363,,,,,,,,,,,,,,,,
33,248,Sandeep Kandola,16,42,8,,HYD,67,9,Defender,Telugu Titans,2.625,,,,,,,,,,,,,,,,,16.0,40.0,8.0,,22.0,9.0,Defender,2.5,16.0,42.0,8.0,,24.0,9.0,Defender,2.625,16.0,2.63,8.0,,9.0,9.0,Defender,0.164375,,,,,,,,,,,,,,,,,16.0,2.0,8.0,,48.0,9.0,Defender,0.125,,,,,,,,,16.0,2.0,8.0,,15.0,9.0,Defender,0.125
34,249,Hadi Oshtorak,21,28,31,,GUJ,86,0,All Rounder,Gujarat Giants,1.3333333333333333,21.0,3.0,31.0,,79.0,0.0,All Rounder,0.1428571428571428,21.0,10.0,31.0,,65.0,0.0,All Rounder,0.4761904761904761,21.0,16.0,31.0,,48.0,0.0,All Rounder,0.7619047619047619,21.0,18.0,31.0,,48.0,0.0,All Rounder,0.8571428571428571,21.0,0.86,31.0,,79.0,0.0,All Rounder,0.0409523809523809,,,,,,,,,,,,,,,,,21.0,2.0,31.0,,49.0,0.0,All Rounder,0.0952380952380952,,,,,,,,,,,,,,,,
35,259,Fazel Atrachali,22,51,5,,MUM,55,9,Defender,U Mumba,2.3181818181818183,,,,,,,,,,,,,,,,,22.0,48.0,5.0,,14.0,9.0,Defender,2.1818181818181817,22.0,51.0,5.0,,15.0,9.0,Defender,2.3181818181818183,22.0,2.32,5.0,,16.0,9.0,Defender,0.1054545454545454,,,,,,,,,,,,,,,,,22.0,3.0,5.0,,22.0,9.0,Defender,0.1363636363636363,,,,,,,,,22.0,2.0,5.0,,16.0,9.0,Defender,0.0909090909090909
36,264,Selvamani K,3,4,6,,PAT,153,8,Raider,Patna Pirates,1.3333333333333333,3.0,4.0,6.0,,75.0,8.0,Raider,1.3333333333333333,3.0,4.0,6.0,,86.0,8.0,Raider,1.3333333333333333,,,,,,,,,,,,,,,,,,,,,,,,,,,,,,,,,,,,,,,,,,,,,,,,,,,,,,,,,,,,,,,,
37,290,Sandeep Dhull,19,53,3,,JAI,52,0,Defender - Left Corner,Jaipur Pink Panthers,2.789473684210526,,,,,,,,,,,,,,,,,19.0,52.0,3.0,,10.0,0.0,Defender - Left Corner,2.736842105263158,19.0,53.0,3.0,,11.0,0.0,Defender - Left Corner,2.789473684210526,19.0,2.79,3.0,,6.0,0.0,Defender - Left Corner,0.1468421052631578,,,,,,,,,,,,,,,,,19.0,1.0,3.0,,63.0,0.0,Defender - Left Corner,0.0526315789473684,,,,,,,,,19.0,4.0,3.0,,6.0,0.0,Defender - Left Corner,0.2105263157894736
38,300,Abolfazel Maghsodlo,3,3,1,,BLR,162,8,Raider,Bengaluru Bulls,1.0,3.0,2.0,1.0,,95.0,8.0,Raider,0.6666666666666666,3.0,3.0,1.0,,88.0,8.0,Raider,1.0,,,,,,,,,,,,,,,,,,,,,,,,,,,,,,,,,,,,,,,,,,,,,,,,,,,,,,,,,,,,,,,,
39,301,Hadi Tajik,1,2,7,,PUN,178,9,Defender,Puneri Paltan,2.0,,,,,,,,,,,,,,,,,1.0,1.0,7.0,,133.0,9.0,Defender,1.0,1.0,2.0,7.0,,128.0,9.0,Defender,2.0,1.0,2.0,7.0,,25.0,9.0,Defender,2.0,,,,,,,,,,,,,,,,,1.0,1.0,7.0,,64.0,9.0,Defender,1.0,,,,,,,,,,,,,,,,
40,318,Pawan Sehrawat,24,320,1,,BLR,1,8,Raider,Bengaluru Bulls,13.333333333333334,24.0,244.0,1.0,,1.0,8.0,Raider,10.166666666666666,24.0,304.0,1.0,,1.0,8.0,Raider,12.666666666666666,24.0,12.0,1.0,,62.0,8.0,Raider,0.5,24.0,16.0,1.0,,55.0,8.0,Raider,0.6666666666666666,24.0,0.67,1.0,,95.0,8.0,Raider,0.0279166666666666,24.0,16.0,1.0,,19.0,8.0,Raider,0.6666666666666666,24.0,6.0,1.0,,6.0,8.0,Raider,0.25,24.0,4.0,1.0,,13.0,8.0,Raider,0.1666666666666666,24.0,18.0,1.0,,1.0,8.0,Raider,0.75,24.0,1.0,1.0,,34.0,8.0,Raider,0.0416666666666666
41,320,Nitin Tomar,18,61,7,,PUN,42,8,Raider,Puneri Paltan,3.388888888888889,18.0,36.0,7.0,,38.0,8.0,Raider,2.0,18.0,48.0,7.0,,39.0,8.0,Raider,2.6666666666666665,18.0,12.0,7.0,,63.0,8.0,Raider,0.6666666666666666,18.0,13.0,7.0,,63.0,8.0,Raider,0.7222222222222222,18.0,0.72,7.0,,92.0,8.0,Raider,0.04,18.0,5.0,7.0,,42.0,8.0,Raider,0.2777777777777778,18.0,1.0,7.0,,43.0,8.0,Raider,0.0555555555555555,18.0,1.0,7.0,,73.0,8.0,Raider,0.0555555555555555,,,,,,,,,18.0,1.0,7.0,,35.0,8.0,Raider,0.0555555555555555
42,322,Surjeet Singh,20,57,29,,CHE,47,0,Defender - Right Cover,Tamil Thalaivas,2.85,20.0,1.0,29.0,,103.0,0.0,Defender - Right Cover,0.05,20.0,4.0,29.0,,87.0,0.0,Defender - Right Cover,0.2,20.0,49.0,29.0,,13.0,0.0,Defender - Right Cover,2.45,20.0,53.0,29.0,,10.0,0.0,Defender - Right Cover,2.65,20.0,2.65,29.0,,8.0,0.0,Defender - Right Cover,0.1325,20.0,2.0,29.0,,59.0,0.0,Defender - Right Cover,0.1,,,,,,,,,20.0,4.0,29.0,,14.0,0.0,Defender - Right Cover,0.2,,,,,,,,,20.0,2.0,29.0,,20.0,0.0,Defender - Right Cover,0.1
43,326,Rohit Kumar,8,18,8,,HYD,103,8,Raider,Telugu Titans,2.25,8.0,10.0,8.0,,60.0,8.0,Raider,1.25,8.0,12.0,8.0,,59.0,8.0,Raider,1.5,8.0,6.0,8.0,,87.0,8.0,Raider,0.75,8.0,6.0,8.0,,91.0,8.0,Raider,0.75,8.0,0.75,8.0,,88.0,8.0,Raider,0.09375,,,,,,,,,8.0,1.0,8.0,,44.0,8.0,Raider,0.125,,,,,,,,,,,,,,,,,,,,,,,,
44,347,Sagar Krishna,10,6,29,,CHE,136,0,All Rounder,Tamil Thalaivas,0.6,,,,,,,,,10.0,1.0,29.0,,119.0,0.0,All Rounder,0.1,10.0,5.0,29.0,,91.0,0.0,All Rounder,0.5,10.0,5.0,29.0,,97.0,0.0,All Rounder,0.5,10.0,0.5,29.0,,105.0,0.0,All Rounder,0.05,,,,,,,,,,,,,,,,,,,,,,,,,,,,,,,,,,,,,,,,
45,357,Parvesh Bhainswal,23,56,31,,GUJ,48,0,Defender - Left Cover,Gujarat Giants,2.4347826086956523,,,,,,,,,,,,,,,,,23.0,46.0,31.0,,16.0,0.0,Defender - Left Cover,2.0,23.0,56.0,31.0,,9.0,0.0,Defender - Left Cover,2.4347826086956523,23.0,2.43,31.0,,13.0,0.0,Defender - Left Cover,0.1056521739130434,,,,,,,,,,,,,,,,,23.0,10.0,31.0,,1.0,0.0,Defender - Left Cover,0.4347826086956521,,,,,,,,,23.0,2.0,31.0,,21.0,0.0,Defender - Left Cover,0.0869565217391304
46,366,Vikash Kandola,22,180,28,,HAR,10,8,Raider,Haryana Steelers,8.181818181818182,22.0,143.0,28.0,,6.0,8.0,Raider,6.5,22.0,174.0,28.0,,8.0,8.0,Raider,7.909090909090909,22.0,6.0,28.0,,86.0,8.0,Raider,0.2727272727272727,22.0,6.0,28.0,,92.0,8.0,Raider,0.2727272727272727,22.0,0.27,28.0,,138.0,8.0,Raider,0.0122727272727272,22.0,27.0,28.0,,10.0,8.0,Raider,1.2272727272727273,22.0,4.0,28.0,,10.0,8.0,Raider,0.1818181818181818,,,,,,,,,22.0,8.0,28.0,,6.0,8.0,Raider,0.3636363636363636,,,,,,,,
47,368,Sunil Kumar,23,39,31,,GUJ,72,9,Defender,Gujarat Giants,1.6956521739130437,23.0,1.0,31.0,,104.0,9.0,Defender,0.0434782608695652,23.0,1.0,31.0,,120.0,9.0,Defender,0.0434782608695652,23.0,35.0,31.0,,28.0,9.0,Defender,1.5217391304347827,23.0,38.0,31.0,,28.0,9.0,Defender,1.6521739130434785,23.0,1.65,31.0,,38.0,9.0,Defender,0.0717391304347826,,,,,,,,,,,,,,,,,23.0,3.0,31.0,,23.0,9.0,Defender,0.1304347826086956,,,,,,,,,23.0,2.0,31.0,,22.0,9.0,Defender,0.0869565217391304
48,371,Amit Nagar,7,9,3,,JAI,128,8,Raider,Jaipur Pink Panthers,1.2857142857142858,7.0,5.0,3.0,,68.0,8.0,Raider,0.7142857142857143,7.0,6.0,3.0,,74.0,8.0,Raider,0.8571428571428571,7.0,3.0,3.0,,112.0,8.0,Raider,0.4285714285714285,7.0,3.0,3.0,,121.0,8.0,Raider,0.4285714285714285,7.0,0.43,3.0,,119.0,8.0,Raider,0.0614285714285714,7.0,1.0,3.0,,74.0,8.0,Raider,0.1428571428571428,,,,,,,,,,,,,,,,,,,,,,,,,,,,,,,,
49,376,Athul MS,13,27,29,,CHE,87,8,Raider,Tamil Thalaivas,2.076923076923077,13.0,19.0,29.0,,46.0,8.0,Raider,1.4615384615384617,13.0,27.0,29.0,,46.0,8.0,Raider,2.076923076923077,,,,,,,,,,,,,,,,,,,,,,,,,13.0,6.0,29.0,,37.0,8.0,Raider,0.4615384615384615,,,,,,,,,,,,,,,,,,,,,,,,,,,,,,,,
50,388,Monu Goyat,14,93,6,,PAT,26,8,Raider,Patna Pirates,6.642857142857143,14.0,61.0,6.0,,27.0,8.0,Raider,4.357142857142857,14.0,77.0,6.0,,27.0,8.0,Raider,5.5,14.0,15.0,6.0,,51.0,8.0,Raider,1.0714285714285714,14.0,16.0,6.0,,54.0,8.0,Raider,1.1428571428571428,14.0,1.14,6.0,,56.0,8.0,Raider,0.0814285714285714,14.0,7.0,6.0,,36.0,8.0,Raider,0.5,14.0,2.0,6.0,,25.0,8.0,Raider,0.1428571428571428,14.0,1.0,6.0,,75.0,8.0,Raider,0.0714285714285714,14.0,2.0,6.0,,25.0,8.0,Raider,0.1428571428571428,,,,,,,,
51,389,Ajay Kumar,17,79,31,,GUJ,31,8,Raider,Gujarat Giants,4.647058823529412,17.0,61.0,31.0,,28.0,8.0,Raider,3.588235294117647,17.0,78.0,31.0,,26.0,8.0,Raider,4.588235294117647,17.0,1.0,31.0,,139.0,8.0,Raider,0.0588235294117647,17.0,1.0,31.0,,155.0,8.0,Raider,0.0588235294117647,17.0,0.06,31.0,,159.0,8.0,Raider,0.0035294117647058,17.0,11.0,31.0,,26.0,8.0,Raider,0.6470588235294118,17.0,2.0,31.0,,26.0,8.0,Raider,0.1176470588235294,,,,,,,,,17.0,2.0,31.0,,26.0,8.0,Raider,0.1176470588235294,,,,,,,,
52,489,Abozar Mighani,22,43,4,,KOL,66,9,Defender,Bengal Warriors,1.9545454545454544,,,,,,,,,,,,,,,,,22.0,40.0,4.0,,23.0,9.0,Defender,1.818181818181818,22.0,43.0,4.0,,23.0,9.0,Defender,1.9545454545454544,22.0,1.95,4.0,,26.0,9.0,Defender,0.0886363636363636,,,,,,,,,,,,,,,,,22.0,3.0,4.0,,24.0,9.0,Defender,0.1363636363636363,,,,,,,,,22.0,1.0,4.0,,28.0,9.0,Defender,0.0454545454545454
53,522,Dong Geon Lee,9,10,1,,BLR,124,8,Raider,Bengaluru Bulls,1.1111111111111112,9.0,6.0,1.0,,67.0,8.0,Raider,0.6666666666666666,9.0,10.0,1.0,,64.0,8.0,Raider,1.1111111111111112,,,,,,,,,,,,,,,,,,,,,,,,,9.0,2.0,1.0,,61.0,8.0,Raider,0.2222222222222222,,,,,,,,,,,,,,,,,,,,,,,,,,,,,,,,
54,567,Mohsen Maghsoudlou,11,23,5,,MUM,97,0,All-Rounder,U Mumba,2.090909090909091,11.0,10.0,5.0,,58.0,0.0,All-Rounder,0.9090909090909092,11.0,12.0,5.0,,60.0,0.0,All-Rounder,1.0909090909090908,11.0,9.0,5.0,,68.0,0.0,All-Rounder,0.8181818181818182,11.0,11.0,5.0,,69.0,0.0,All-Rounder,1.0,11.0,1.0,5.0,,66.0,0.0,All-Rounder,0.0909090909090909,11.0,1.0,5.0,,71.0,0.0,All-Rounder,0.0909090909090909,,,,,,,,,11.0,2.0,5.0,,46.0,0.0,All-Rounder,0.1818181818181818,,,,,,,,,,,,,,,,
55,579,Jaideep,8,6,1,,BLR,137,0,Defender - Left Corner,Bengaluru Bulls,0.75,,,,,,,,,,,,,,,,,8.0,5.0,1.0,,95.0,0.0,Defender - Left Corner,0.625,8.0,6.0,1.0,,94.0,0.0,Defender - Left Corner,0.75,8.0,0.75,1.0,,86.0,0.0,Defender - Left Corner,0.09375,,,,,,,,,,,,,,,,,8.0,1.0,1.0,,74.0,0.0,Defender - Left Corner,0.125,,,,,,,,,,,,,,,,
56,613,Sunil Siddhgavali,4,3,5,,MUM,163,9,Defender,U Mumba,0.75,,,,,,,,,,,,,,,,,4.0,3.0,5.0,,111.0,9.0,Defender,0.75,4.0,3.0,5.0,,120.0,9.0,Defender,0.75,4.0,0.75,5.0,,87.0,9.0,Defender,0.1875,,,,,,,,,,,,,,,,,,,,,,,,,,,,,,,,,,,,,,,,
57,621,Baldev Singh,8,6,7,,PUN,138,0,Defender - Right Corner,Puneri Paltan,0.75,,,,,,,,,8.0,1.0,7.0,,110.0,0.0,Defender - Right Corner,0.125,8.0,5.0,7.0,,94.0,0.0,Defender - Right Corner,0.625,8.0,5.0,7.0,,95.0,0.0,Defender - Right Corner,0.625,8.0,0.63,7.0,,97.0,0.0,Defender - Right Corner,0.07875,,,,,,,,,,,,,,,,,,,,,,,,,,,,,,,,,,,,,,,,
58,660,Bhavani Rajput,21,50,29,,CHE,56,8,Raider,Tamil Thalaivas,2.380952380952381,21.0,33.0,29.0,,39.0,8.0,Raider,1.5714285714285714,21.0,50.0,29.0,,38.0,8.0,Raider,2.380952380952381,,,,,,,,,,,,,,,,,,,,,,,,,21.0,17.0,29.0,,18.0,8.0,Raider,0.8095238095238095,21.0,1.0,29.0,,42.0,8.0,Raider,0.0476190476190476,,,,,,,,,,,,,,,,,,,,,,,,
59,661,Tapas Pal,2,1,4,,KOL,193,0,All Rounder,Bengal Warriors,0.5,,,,,,,,,,,,,,,,,2.0,1.0,4.0,,140.0,0.0,All Rounder,0.5,2.0,1.0,4.0,,154.0,0.0,All Rounder,0.5,2.0,0.5,4.0,,108.0,0.0,All Rounder,0.25,,,,,,,,,,,,,,,,,,,,,,,,,,,,,,,,,,,,,,,,
60,724,Darshan J.,9,14,4,,KOL,115,9,Defender,Bengal Warriors,1.5555555555555556,,,,,,,,,,,,,,,,,9.0,14.0,4.0,,59.0,9.0,Defender,1.5555555555555556,9.0,14.0,4.0,,58.0,9.0,Defender,1.5555555555555556,9.0,1.56,4.0,,41.0,9.0,Defender,0.1733333333333333,,,,,,,,,,,,,,,,,,,,,,,,,,,,,,,,,,,,,,,,
61,737,Ajay,1,1,28,,HAR,191,0,All Rounder,Haryana Steelers,1.0,,,,,,,,,1.0,1.0,28.0,,111.0,0.0,All Rounder,1.0,,,,,,,,,,,,,,,,,,,,,,,,,1.0,1.0,28.0,,73.0,0.0,All Rounder,1.0,,,,,,,,,,,,,,,,,,,,,,,,,,,,,,,,
62,743,Maninder Singh,2,1,31,,GUJ,192,8,Raider,Gujarat Giants,0.5,2.0,1.0,31.0,,105.0,8.0,Raider,0.5,2.0,1.0,31.0,,112.0,8.0,Raider,0.5,,,,,,,,,,,,,,,,,,,,,,,,,,,,,,,,,,,,,,,,,,,,,,,,,,,,,,,,,,,,,,,,
63,757,Sachin,23,181,6,,PAT,9,8,Raider,Patna Pirates,7.869565217391305,23.0,142.0,6.0,,7.0,8.0,Raider,6.173913043478261,23.0,172.0,6.0,,9.0,8.0,Raider,7.478260869565218,23.0,7.0,6.0,,79.0,8.0,Raider,0.3043478260869565,23.0,9.0,6.0,,77.0,8.0,Raider,0.391304347826087,23.0,0.39,6.0,,124.0,8.0,Raider,0.0169565217391304,23.0,40.0,6.0,,4.0,8.0,Raider,1.7391304347826086,23.0,3.0,6.0,,21.0,8.0,Raider,0.1304347826086956,23.0,2.0,6.0,,45.0,8.0,Raider,0.0869565217391304,23.0,5.0,6.0,,17.0,8.0,Raider,0.217391304347826,23.0,1.0,6.0,,29.0,8.0,Raider,0.0434782608695652
64,763,Manjeet,20,167,29,,CHE,12,8,Raider,Tamil Thalaivas,8.35,20.0,130.0,29.0,,12.0,8.0,Raider,6.5,20.0,159.0,29.0,,12.0,8.0,Raider,7.95,20.0,8.0,29.0,,77.0,8.0,Raider,0.4,20.0,8.0,29.0,,78.0,8.0,Raider,0.4,20.0,0.4,29.0,,123.0,8.0,Raider,0.02,20.0,10.0,29.0,,29.0,8.0,Raider,0.5,20.0,5.0,29.0,,9.0,8.0,Raider,0.25,,,,,,,,,20.0,6.0,29.0,,11.0,8.0,Raider,0.3,,,,,,,,
65,768,Vijay Kumar,4,4,28,,HAR,152,0,Defender - Right Corner,Haryana Steelers,1.0,4.0,1.0,28.0,,102.0,0.0,Defender - Right Corner,0.25,4.0,2.0,28.0,,105.0,0.0,Defender - Right Corner,0.5,4.0,1.0,28.0,,138.0,0.0,Defender - Right Corner,0.25,4.0,2.0,28.0,,122.0,0.0,Defender - Right Corner,0.5,4.0,0.5,28.0,,107.0,0.0,Defender - Right Corner,0.125,,,,,,,,,,,,,,,,,4.0,1.0,28.0,,76.0,0.0,Defender - Right Corner,0.25,,,,,,,,,,,,,,,,
66,769,Mahender Singh,20,40,1,,BLR,71,0,Defender - Left Cover,Bengaluru Bulls,2.0,,,,,,,,,20.0,1.0,1.0,,109.0,0.0,Defender - Left Cover,0.05,20.0,31.0,1.0,,30.0,0.0,Defender - Left Cover,1.55,20.0,39.0,1.0,,26.0,0.0,Defender - Left Cover,1.95,20.0,1.95,1.0,,27.0,0.0,Defender - Left Cover,0.0975,20.0,1.0,1.0,,72.0,0.0,Defender - Left Cover,0.05,,,,,,,,,20.0,8.0,1.0,,2.0,0.0,Defender - Left Cover,0.4,,,,,,,,,20.0,2.0,1.0,,19.0,0.0,Defender - Left Cover,0.1
67,772,More G B,15,20,1,,BLR,101,8,Raider,Bengaluru Bulls,1.3333333333333333,15.0,3.0,1.0,,78.0,8.0,Raider,0.2,15.0,3.0,1.0,,94.0,8.0,Raider,0.2,15.0,15.0,1.0,,49.0,8.0,Raider,1.0,15.0,17.0,1.0,,51.0,8.0,Raider,1.1333333333333333,15.0,1.13,1.0,,58.0,8.0,Raider,0.0753333333333333,,,,,,,,,,,,,,,,,15.0,2.0,1.0,,44.0,8.0,Raider,0.1333333333333333,,,,,,,,,15.0,1.0,1.0,,30.0,8.0,Raider,0.0666666666666666
68,2021,Anand V,3,2,4,,KOL,177,8,Raider,Bengal Warriors,0.6666666666666666,3.0,2.0,4.0,,96.0,8.0,Raider,0.6666666666666666,3.0,2.0,4.0,,104.0,8.0,Raider,0.6666666666666666,,,,,,,,,,,,,,,,,,,,,,,,,3.0,2.0,4.0,,62.0,8.0,Raider,0.6666666666666666,,,,,,,,,,,,,,,,,,,,,,,,,,,,,,,,
69,2023,Ruturaj Koravi,10,18,8,,HYD,102,9,Defender,Telugu Titans,1.8,,,,,,,,,,,,,,,,,10.0,15.0,8.0,,50.0,9.0,Defender,1.5,10.0,18.0,8.0,,49.0,9.0,Defender,1.8,10.0,1.8,8.0,,32.0,9.0,Defender,0.18,,,,,,,,,,,,,,,,,10.0,3.0,8.0,,25.0,9.0,Defender,0.3,,,,,,,,,,,,,,,,
70,2024,Arjun Deshwal,22,268,3,,JAI,2,8,Raider,Jaipur Pink Panthers,12.181818181818182,22.0,221.0,3.0,,2.0,8.0,Raider,10.045454545454543,22.0,267.0,3.0,,2.0,8.0,Raider,12.136363636363637,22.0,1.0,3.0,,141.0,8.0,Raider,0.0454545454545454,22.0,1.0,3.0,,153.0,8.0,Raider,0.0454545454545454,22.0,0.05,3.0,,160.0,8.0,Raider,0.0022727272727272,22.0,44.0,3.0,,2.0,8.0,Raider,2.0,22.0,6.0,3.0,,7.0,8.0,Raider,0.2727272727272727,,,,,,,,,22.0,16.0,3.0,,3.0,8.0,Raider,0.7272727272727273,,,,,,,,
71,2025,Ajinkya Kapre,13,21,5,,MUM,98,0,All-Rounder,U Mumba,1.6153846153846154,13.0,12.0,5.0,,53.0,0.0,All-Rounder,0.9230769230769232,13.0,18.0,5.0,,52.0,0.0,All-Rounder,1.3846153846153846,13.0,3.0,5.0,,114.0,0.0,All-Rounder,0.2307692307692307,13.0,3.0,5.0,,119.0,0.0,All-Rounder,0.2307692307692307,13.0,0.23,5.0,,141.0,0.0,All-Rounder,0.0176923076923076,13.0,2.0,5.0,,63.0,0.0,All-Rounder,0.1538461538461538,,,,,,,,,,,,,,,,,,,,,,,,,,,,,,,,
72,2026,Siddharth Desai,3,35,8,,HYD,77,8,Raider,Telugu Titans,11.666666666666666,3.0,21.0,8.0,,45.0,8.0,Raider,7.0,3.0,34.0,8.0,,44.0,8.0,Raider,11.333333333333334,3.0,1.0,8.0,,137.0,8.0,Raider,0.3333333333333333,3.0,1.0,8.0,,152.0,8.0,Raider,0.3333333333333333,3.0,0.33,8.0,,128.0,8.0,Raider,0.11,3.0,1.0,8.0,,69.0,8.0,Raider,0.3333333333333333,3.0,3.0,8.0,,19.0,8.0,Raider,1.0,,,,,,,,,3.0,2.0,8.0,,28.0,8.0,Raider,0.6666666666666666,,,,,,,,
73,2028,Abhishek Singh,22,179,5,,MUM,11,8,Raider,U Mumba,8.136363636363637,22.0,144.0,5.0,,5.0,8.0,Raider,6.545454545454546,22.0,177.0,5.0,,7.0,8.0,Raider,8.045454545454545,22.0,2.0,5.0,,129.0,8.0,Raider,0.0909090909090909,22.0,2.0,5.0,,123.0,8.0,Raider,0.0909090909090909,22.0,0.09,5.0,,156.0,8.0,Raider,0.004090909090909,22.0,30.0,5.0,,8.0,8.0,Raider,1.3636363636363635,22.0,4.0,5.0,,12.0,8.0,Raider,0.1818181818181818,,,,,,,,,22.0,7.0,5.0,,9.0,8.0,Raider,0.3181818181818182,,,,,,,,
74,2041,Gurdeep,19,17,30,,U.P.,107,0,All-Rounder,U.P. Yoddhas,0.8947368421052632,,,,,,,,,,,,,,,,,19.0,14.0,30.0,,58.0,0.0,All-Rounder,0.7368421052631579,19.0,17.0,30.0,,50.0,0.0,All-Rounder,0.8947368421052632,19.0,0.89,30.0,,73.0,0.0,All-Rounder,0.0468421052631578,,,,,,,,,,,,,,,,,19.0,3.0,30.0,,26.0,0.0,All-Rounder,0.1578947368421052,,,,,,,,,,,,,,,,
75,2290,Rajnish,13,112,8,,HYD,20,8,Raider,Telugu Titans,8.615384615384615,13.0,83.0,8.0,,19.0,8.0,Raider,6.384615384615385,13.0,106.0,8.0,,20.0,8.0,Raider,8.153846153846153,13.0,6.0,8.0,,85.0,8.0,Raider,0.4615384615384615,13.0,6.0,8.0,,93.0,8.0,Raider,0.4615384615384615,13.0,0.46,8.0,,118.0,8.0,Raider,0.0353846153846153,13.0,9.0,8.0,,32.0,8.0,Raider,0.6923076923076923,13.0,3.0,8.0,,16.0,8.0,Raider,0.2307692307692307,,,,,,,,,13.0,6.0,8.0,,10.0,8.0,Raider,0.4615384615384615,,,,,,,,
76,2296,Naveen Kumar,17,210,2,,DEL,4,8,Raider,Dabang Delhi K.C.,12.352941176470589,17.0,180.0,2.0,,4.0,8.0,Raider,10.588235294117649,17.0,207.0,2.0,,4.0,8.0,Raider,12.176470588235292,17.0,3.0,2.0,,113.0,8.0,Raider,0.1764705882352941,17.0,3.0,2.0,,118.0,8.0,Raider,0.1764705882352941,17.0,0.18,2.0,,148.0,8.0,Raider,0.0105882352941176,17.0,12.0,2.0,,23.0,8.0,Raider,0.7058823529411765,17.0,3.0,2.0,,17.0,8.0,Raider,0.1764705882352941,,,,,,,,,17.0,12.0,2.0,,4.0,8.0,Raider,0.7058823529411765,,,,,,,,
77,2315,Bhuvneshwar Gaur,1,2,31,,GUJ,169,8,Raider,Gujarat Giants,2.0,1.0,2.0,31.0,,97.0,8.0,Raider,2.0,1.0,2.0,31.0,,106.0,8.0,Raider,2.0,,,,,,,,,,,,,,,,,,,,,,,,,1.0,1.0,31.0,,70.0,8.0,Raider,1.0,,,,,,,,,,,,,,,,,,,,,,,,,,,,,,,,
78,2322,Ankit Beniwal,21,126,8,,HYD,17,8,Raider,Telugu Titans,6.0,21.0,85.0,8.0,,18.0,8.0,Raider,4.0476190476190474,21.0,111.0,8.0,,18.0,8.0,Raider,5.285714285714286,21.0,15.0,8.0,,52.0,8.0,Raider,0.7142857142857143,21.0,15.0,8.0,,57.0,8.0,Raider,0.7142857142857143,21.0,0.71,8.0,,93.0,8.0,Raider,0.0338095238095238,21.0,21.0,8.0,,15.0,8.0,Raider,1.0,21.0,3.0,8.0,,18.0,8.0,Raider,0.1428571428571428,,,,,,,,,21.0,4.0,8.0,,20.0,8.0,Raider,0.1904761904761904,,,,,,,,
79,2357,Naveen,11,18,3,,JAI,106,8,Raider,Jaipur Pink Panthers,1.6363636363636365,11.0,9.0,3.0,,61.0,8.0,Raider,0.8181818181818182,11.0,9.0,3.0,,69.0,8.0,Raider,0.8181818181818182,11.0,7.0,3.0,,78.0,8.0,Raider,0.6363636363636364,11.0,9.0,3.0,,76.0,8.0,Raider,0.8181818181818182,11.0,0.82,3.0,,81.0,8.0,Raider,0.0745454545454545,11.0,1.0,3.0,,83.0,8.0,Raider,0.0909090909090909,,,,,,,,,11.0,2.0,3.0,,43.0,8.0,Raider,0.1818181818181818,,,,,,,,,,,,,,,,
80,3000,Sombir,19,61,7,,PUN,41,9,Defender,Puneri Paltan,3.210526315789474,,,,,,,,,19.0,1.0,7.0,,107.0,9.0,Defender,0.0526315789473684,19.0,54.0,7.0,,6.0,9.0,Defender,2.8421052631578947,19.0,60.0,7.0,,7.0,9.0,Defender,3.1578947368421053,19.0,3.16,7.0,,3.0,9.0,Defender,0.1663157894736842,,,,,,,,,,,,,,,,,19.0,6.0,7.0,,7.0,9.0,Defender,0.3157894736842105,,,,,,,,,19.0,5.0,7.0,,4.0,9.0,Defender,0.2631578947368421
81,3001,Amit,11,8,3,,JAI,133,9,Defender,Jaipur Pink Panthers,0.7272727272727273,,,,,,,,,,,,,,,,,11.0,8.0,3.0,,76.0,9.0,Defender,0.7272727272727273,11.0,8.0,3.0,,79.0,9.0,Defender,0.7272727272727273,11.0,0.73,3.0,,90.0,9.0,Defender,0.0663636363636363,,,,,,,,,,,,,,,,,,,,,,,,,,,,,,,,,,,,,,,,
82,3004,Akash Choudhary,17,30,8,,HYD,83,9,Defender,Telugu Titans,1.7647058823529411,,,,,,,,,,,,,,,,,17.0,29.0,8.0,,35.0,9.0,Defender,1.7058823529411764,17.0,30.0,8.0,,37.0,9.0,Defender,1.7647058823529411,17.0,1.76,8.0,,33.0,9.0,Defender,0.1035294117647058,,,,,,,,,,,,,,,,,17.0,1.0,8.0,,77.0,9.0,Defender,0.0588235294117647,,,,,,,,,17.0,1.0,8.0,,31.0,9.0,Defender,0.0588235294117647
83,3011,Balasaheb Jadhav,7,2,7,,PUN,168,0,All-Rounder,Puneri Paltan,0.2857142857142857,,,,,,,,,,,,,,,,,7.0,2.0,7.0,,125.0,0.0,All-Rounder,0.2857142857142857,7.0,2.0,7.0,,132.0,0.0,All-Rounder,0.2857142857142857,7.0,0.29,7.0,,136.0,0.0,All-Rounder,0.0414285714285714,,,,,,,,,,,,,,,,,,,,,,,,,,,,,,,,,,,,,,,,
84,3014,M. Abishek,7,12,29,,CHE,120,0,Defender - Right Cover,Tamil Thalaivas,1.7142857142857142,,,,,,,,,,,,,,,,,7.0,12.0,29.0,,60.0,0.0,Defender - Right Cover,1.7142857142857142,7.0,12.0,29.0,,66.0,0.0,Defender - Right Cover,1.7142857142857142,7.0,1.71,29.0,,35.0,0.0,Defender - Right Cover,0.2442857142857142,,,,,,,,,,,,,,,,,,,,,,,,,,,,,,,,,,,,,,,,
85,3019,Mohit Sehrawat,11,10,1,,BLR,125,9,Defender,Bengaluru Bulls,0.9090909090909092,,,,,,,,,,,,,,,,,11.0,10.0,1.0,,67.0,9.0,Defender,0.9090909090909092,11.0,10.0,1.0,,70.0,9.0,Defender,0.9090909090909092,11.0,0.91,1.0,,72.0,9.0,Defender,0.0827272727272727,,,,,,,,,,,,,,,,,,,,,,,,,,,,,,,,,,,,,,,,
86,3021,Pavan TR,9,5,3,,JAI,148,9,Defender,Jaipur Pink Panthers,0.5555555555555556,,,,,,,,,,,,,,,,,9.0,3.0,3.0,,115.0,9.0,Defender,0.3333333333333333,9.0,5.0,3.0,,96.0,9.0,Defender,0.5555555555555556,9.0,0.56,3.0,,101.0,9.0,Defender,0.0622222222222222,,,,,,,,,,,,,,,,,9.0,2.0,3.0,,35.0,9.0,Defender,0.2222222222222222,,,,,,,,,,,,,,,,
87,3023,Rohit Gulia,15,69,28,,HAR,35,0,All-Rounder,Haryana Steelers,4.6,15.0,43.0,28.0,,35.0,0.0,All-Rounder,2.8666666666666667,15.0,67.0,28.0,,32.0,0.0,All-Rounder,4.466666666666667,15.0,2.0,28.0,,128.0,0.0,All-Rounder,0.1333333333333333,15.0,2.0,28.0,,124.0,0.0,All-Rounder,0.1333333333333333,15.0,0.13,28.0,,153.0,0.0,All-Rounder,0.0086666666666666,15.0,1.0,28.0,,84.0,0.0,All-Rounder,0.0666666666666666,15.0,2.0,28.0,,28.0,0.0,All-Rounder,0.1333333333333333,,,,,,,,,15.0,1.0,28.0,,31.0,0.0,All-Rounder,0.0666666666666666,,,,,,,,
88,3027,Ankush,3,1,30,,U.P.,198,8,Raider,U.P. Yoddhas,0.3333333333333333,3.0,1.0,30.0,,101.0,8.0,Raider,0.3333333333333333,3.0,1.0,30.0,,108.0,8.0,Raider,0.3333333333333333,,,,,,,,,,,,,,,,,,,,,,,,,,,,,,,,,,,,,,,,,,,,,,,,,,,,,,,,,,,,,,,,
89,3028,Ashish,15,79,28,,HAR,32,8,Raider,Haryana Steelers,5.266666666666667,15.0,43.0,28.0,,34.0,8.0,Raider,2.8666666666666667,15.0,63.0,28.0,,33.0,8.0,Raider,4.2,15.0,15.0,28.0,,54.0,8.0,Raider,1.0,15.0,16.0,28.0,,53.0,8.0,Raider,1.0666666666666669,15.0,1.07,28.0,,63.0,8.0,Raider,0.0713333333333333,15.0,9.0,28.0,,31.0,8.0,Raider,0.6,15.0,4.0,28.0,,11.0,8.0,Raider,0.2666666666666666,15.0,1.0,28.0,,82.0,8.0,Raider,0.0666666666666666,15.0,2.0,28.0,,23.0,8.0,Raider,0.1333333333333333,,,,,,,,
90,3031,Galla Raju,13,49,8,,HYD,57,8,Raider,Telugu Titans,3.769230769230769,13.0,31.0,8.0,,40.0,8.0,Raider,2.3846153846153846,13.0,42.0,8.0,,41.0,8.0,Raider,3.230769230769231,13.0,7.0,8.0,,80.0,8.0,Raider,0.5384615384615384,13.0,7.0,8.0,,84.0,8.0,Raider,0.5384615384615384,13.0,0.54,8.0,,103.0,8.0,Raider,0.0415384615384615,13.0,7.0,8.0,,35.0,8.0,Raider,0.5384615384615384,13.0,1.0,8.0,,36.0,8.0,Raider,0.0769230769230769,,,,,,,,,,,,,,,,,,,,,,,,
91,3032,Guman Singh,19,97,6,,PAT,23,8,Raider,Patna Pirates,5.105263157894737,19.0,75.0,6.0,,21.0,8.0,Raider,3.9473684210526314,19.0,95.0,6.0,,21.0,8.0,Raider,5.0,19.0,2.0,6.0,,126.0,8.0,Raider,0.1052631578947368,19.0,2.0,6.0,,133.0,8.0,Raider,0.1052631578947368,19.0,0.11,6.0,,154.0,8.0,Raider,0.0057894736842105,19.0,24.0,6.0,,11.0,8.0,Raider,1.263157894736842,19.0,2.0,6.0,,27.0,8.0,Raider,0.1052631578947368,,,,,,,,,19.0,4.0,6.0,,19.0,8.0,Raider,0.2105263157894736,,,,,,,,
92,3036,Mohit,1,3,6,,PAT,167,8,Raider,Patna Pirates,3.0,1.0,3.0,6.0,,77.0,8.0,Raider,3.0,1.0,3.0,6.0,,93.0,8.0,Raider,3.0,,,,,,,,,,,,,,,,,,,,,,,,,1.0,1.0,6.0,,82.0,8.0,Raider,1.0,,,,,,,,,,,,,,,,,,,,,,,,,,,,,,,,
93,3038,Neeraj Narwal,19,47,2,,DEL,61,8,Raider,Dabang Delhi K.C.,2.473684210526316,19.0,31.0,2.0,,41.0,8.0,Raider,1.631578947368421,19.0,45.0,2.0,,40.0,8.0,Raider,2.3684210526315788,19.0,2.0,2.0,,127.0,8.0,Raider,0.1052631578947368,19.0,2.0,2.0,,134.0,8.0,Raider,0.1052631578947368,19.0,0.11,2.0,,155.0,8.0,Raider,0.0057894736842105,19.0,5.0,2.0,,43.0,8.0,Raider,0.2631578947368421,19.0,1.0,2.0,,37.0,8.0,Raider,0.0526315789473684,,,,,,,,,,,,,,,,,,,,,,,,
94,3046,Rakesh Gowda,13,42,8,,HYD,68,8,Raider,Telugu Titans,3.230769230769231,13.0,28.0,8.0,,43.0,8.0,Raider,2.1538461538461537,13.0,38.0,8.0,,42.0,8.0,Raider,2.923076923076923,13.0,4.0,8.0,,101.0,8.0,Raider,0.3076923076923077,13.0,4.0,8.0,,109.0,8.0,Raider,0.3076923076923077,13.0,0.31,8.0,,135.0,8.0,Raider,0.0238461538461538,13.0,4.0,8.0,,44.0,8.0,Raider,0.3076923076923077,,,,,,,,,,,,,,,,,,,,,,,,,,,,,,,,
95,3053,V Ajith Kumar,20,159,5,,MUM,14,8,Raider,U Mumba,7.95,20.0,128.0,5.0,,13.0,8.0,Raider,6.4,20.0,159.0,5.0,,13.0,8.0,Raider,7.95,,,,,,,,,,,,,,,,,,,,,,,,,20.0,12.0,5.0,,24.0,8.0,Raider,0.6,20.0,5.0,5.0,,8.0,8.0,Raider,0.25,,,,,,,,,20.0,6.0,5.0,,12.0,8.0,Raider,0.3,,,,,,,,
96,3054,Vinay,15,52,28,,HAR,54,8,Raider,Haryana Steelers,3.466666666666667,15.0,46.0,28.0,,33.0,8.0,Raider,3.066666666666667,15.0,51.0,28.0,,36.0,8.0,Raider,3.4,15.0,1.0,28.0,,142.0,8.0,Raider,0.0666666666666666,15.0,1.0,28.0,,146.0,8.0,Raider,0.0666666666666666,15.0,0.07,28.0,,158.0,8.0,Raider,0.0046666666666666,15.0,8.0,28.0,,34.0,8.0,Raider,0.5333333333333333,,,,,,,,,,,,,,,,,,,,,,,,,,,,,,,,
97,3059,Jashandeep Singh,2,3,5,,MUM,166,8,Raider,U Mumba,1.5,2.0,2.0,5.0,,98.0,8.0,Raider,1.0,2.0,3.0,5.0,,92.0,8.0,Raider,1.5,,,,,,,,,,,,,,,,,,,,,,,,,,,,,,,,,,,,,,,,,,,,,,,,,,,,,,,,,,,,,,,,
98,3065,Nitin Rawal,13,25,3,,JAI,91,0,All-Rounder,Jaipur Pink Panthers,1.9230769230769231,13.0,4.0,3.0,,76.0,0.0,All-Rounder,0.3076923076923077,13.0,11.0,3.0,,63.0,0.0,All-Rounder,0.8461538461538461,13.0,12.0,3.0,,65.0,0.0,All-Rounder,0.9230769230769232,13.0,14.0,3.0,,59.0,0.0,All-Rounder,1.0769230769230769,13.0,1.08,3.0,,62.0,0.0,All-Rounder,0.083076923076923,13.0,4.0,3.0,,45.0,0.0,All-Rounder,0.3076923076923077,,,,,,,,,13.0,2.0,3.0,,36.0,0.0,All-Rounder,0.1538461538461538,,,,,,,,,,,,,,,,
99,3070,Brijendra Singh Chaudhary,7,28,3,,JAI,85,0,All Rounder,Jaipur Pink Panthers,4.0,7.0,12.0,3.0,,54.0,0.0,All Rounder,1.7142857142857142,7.0,20.0,3.0,,51.0,0.0,All Rounder,2.857142857142857,7.0,8.0,3.0,,75.0,0.0,All Rounder,1.1428571428571428,7.0,8.0,3.0,,82.0,0.0,All Rounder,1.1428571428571428,7.0,1.14,3.0,,55.0,0.0,All Rounder,0.1628571428571428,7.0,1.0,3.0,,81.0,0.0,All Rounder,0.1428571428571428,7.0,1.0,3.0,,38.0,0.0,All Rounder,0.1428571428571428,,,,,,,,,,,,,,,,,,,,,,,,
100,3081,Vijay,23,162,2,,DEL,13,0,All-Rounder,Dabang Delhi K.C.,7.043478260869565,23.0,119.0,2.0,,14.0,0.0,All-Rounder,5.173913043478261,23.0,157.0,2.0,,14.0,0.0,All-Rounder,6.826086956521739,23.0,5.0,2.0,,96.0,0.0,All-Rounder,0.217391304347826,23.0,5.0,2.0,,102.0,0.0,All-Rounder,0.217391304347826,23.0,0.22,2.0,,142.0,0.0,All-Rounder,0.0095652173913043,23.0,17.0,2.0,,17.0,0.0,All-Rounder,0.7391304347826086,23.0,6.0,2.0,,5.0,0.0,All-Rounder,0.2608695652173913,,,,,,,,,23.0,5.0,2.0,,13.0,0.0,All-Rounder,0.217391304347826,,,,,,,,
101,3082,Monu,15,24,6,,PAT,93,8,Raider,Patna Pirates,1.6,15.0,9.0,6.0,,62.0,8.0,Raider,0.6,15.0,13.0,6.0,,57.0,8.0,Raider,0.8666666666666667,15.0,9.0,6.0,,71.0,8.0,Raider,0.6,15.0,11.0,6.0,,68.0,8.0,Raider,0.7333333333333333,15.0,0.73,6.0,,91.0,8.0,Raider,0.0486666666666666,15.0,3.0,6.0,,54.0,8.0,Raider,0.2,15.0,1.0,6.0,,32.0,8.0,Raider,0.0666666666666666,15.0,2.0,6.0,,37.0,8.0,Raider,0.1333333333333333,,,,,,,,,,,,,,,,
102,3083,Vishal Bhardwaj,20,47,7,,PUN,62,9,Defender,Puneri Paltan,2.35,,,,,,,,,20.0,2.0,7.0,,102.0,9.0,Defender,0.1,20.0,42.0,7.0,,20.0,9.0,Defender,2.1,20.0,45.0,7.0,,21.0,9.0,Defender,2.25,20.0,2.25,7.0,,19.0,9.0,Defender,0.1125,20.0,1.0,7.0,,79.0,9.0,Defender,0.05,,,,,,,,,20.0,3.0,7.0,,27.0,9.0,Defender,0.15,,,,,,,,,20.0,2.0,7.0,,13.0,9.0,Defender,0.1
103,3084,Rinku Narwal,4,5,4,,KOL,149,9,Defender,Bengal Warriors,1.25,,,,,,,,,,,,,,,,,4.0,5.0,4.0,,97.0,9.0,Defender,1.25,4.0,5.0,4.0,,103.0,9.0,Defender,1.25,4.0,1.25,4.0,,52.0,9.0,Defender,0.3125,,,,,,,,,,,,,,,,,,,,,,,,,,,,,,,,,,,,,,,,
104,3086,Surinder Singh,21,32,8,,HYD,78,9,Defender,Telugu Titans,1.5238095238095235,,,,,,,,,21.0,1.0,8.0,,124.0,9.0,Defender,0.0476190476190476,21.0,28.0,8.0,,37.0,9.0,Defender,1.3333333333333333,21.0,31.0,8.0,,35.0,9.0,Defender,1.4761904761904765,21.0,1.48,8.0,,45.0,9.0,Defender,0.0704761904761904,21.0,1.0,8.0,,80.0,9.0,Defender,0.0476190476190476,,,,,,,,,21.0,3.0,8.0,,28.0,9.0,Defender,0.1428571428571428,,,,,,,,,,,,,,,,
105,3088,Nitesh Kumar,24,58,30,,U.P.,46,9,Defender,U.P. Yoddhas,2.4166666666666665,,,,,,,,,24.0,1.0,30.0,,125.0,9.0,Defender,0.0416666666666666,24.0,53.0,30.0,,8.0,9.0,Defender,2.2083333333333335,24.0,57.0,30.0,,8.0,9.0,Defender,2.375,24.0,2.38,30.0,,15.0,9.0,Defender,0.0991666666666666,,,,,,,,,,,,,,,,,24.0,4.0,30.0,,12.0,9.0,Defender,0.1666666666666666,,,,,,,,,24.0,2.0,30.0,,14.0,9.0,Defender,0.0833333333333333
106,3094,Ravindra Kumavat,5,9,4,,KOL,126,8,Raider,Bengal Warriors,1.8,5.0,7.0,4.0,,66.0,8.0,Raider,1.4,5.0,8.0,4.0,,71.0,8.0,Raider,1.6,5.0,1.0,4.0,,143.0,8.0,Raider,0.2,5.0,1.0,4.0,,147.0,8.0,Raider,0.2,5.0,0.2,4.0,,143.0,8.0,Raider,0.04,5.0,4.0,4.0,,47.0,8.0,Raider,0.8,,,,,,,,,,,,,,,,,,,,,,,,,,,,,,,,
107,3095,Adarsh T,21,86,8,,HYD,28,0,Defender - Left Corner,Telugu Titans,4.095238095238095,21.0,55.0,8.0,,30.0,0.0,Defender - Left Corner,2.619047619047619,21.0,76.0,8.0,,28.0,0.0,Defender - Left Corner,3.619047619047619,21.0,9.0,8.0,,72.0,0.0,Defender - Left Corner,0.4285714285714285,21.0,10.0,8.0,,73.0,0.0,Defender - Left Corner,0.4761904761904761,21.0,0.48,8.0,,117.0,0.0,Defender - Left Corner,0.0228571428571428,21.0,18.0,8.0,,16.0,0.0,Defender - Left Corner,0.8571428571428571,21.0,3.0,8.0,,20.0,0.0,Defender - Left Corner,0.1428571428571428,21.0,1.0,8.0,,83.0,0.0,Defender - Left Corner,0.0476190476190476,21.0,1.0,8.0,,33.0,0.0,Defender - Left Corner,0.0476190476190476,,,,,,,,
108,3097,Ajinkya Pawar,18,114,29,,CHE,19,8,Raider,Tamil Thalaivas,6.333333333333333,18.0,81.0,29.0,,20.0,8.0,Raider,4.5,18.0,108.0,29.0,,19.0,8.0,Raider,6.0,18.0,4.0,29.0,,102.0,8.0,Raider,0.2222222222222222,18.0,6.0,29.0,,86.0,8.0,Raider,0.3333333333333333,18.0,0.33,29.0,,132.0,8.0,Raider,0.0183333333333333,18.0,42.0,29.0,,3.0,8.0,Raider,2.3333333333333335,18.0,1.0,29.0,,39.0,8.0,Raider,0.0555555555555555,18.0,2.0,29.0,,38.0,8.0,Raider,0.1111111111111111,18.0,5.0,29.0,,14.0,8.0,Raider,0.2777777777777778,,,,,,,,
109,3099,Ankit,6,7,1,,BLR,135,9,Defender,Bengaluru Bulls,1.1666666666666667,,,,,,,,,,,,,,,,,6.0,7.0,1.0,,81.0,9.0,Defender,1.1666666666666667,6.0,7.0,1.0,,85.0,9.0,Defender,1.1666666666666667,6.0,1.17,1.0,,54.0,9.0,Defender,0.1949999999999999,,,,,,,,,,,,,,,,,,,,,,,,,,,,,,,,,,,,,,,,
110,3100,Parveen Satpal,8,1,4,,KOL,197,0,Defender - Left Corner,Bengal Warriors,0.125,,,,,,,,,,,,,,,,,8.0,1.0,4.0,,146.0,0.0,Defender - Left Corner,0.125,8.0,1.0,4.0,,149.0,0.0,Defender - Left Corner,0.125,8.0,0.13,4.0,,152.0,0.0,Defender - Left Corner,0.01625,,,,,,,,,,,,,,,,,,,,,,,,,,,,,,,,,,,,,,,,
111,3103,Shubham Shinde,19,18,6,,PAT,105,0,Defender - Right Corner,Patna Pirates,0.9473684210526316,19.0,1.0,6.0,,100.0,0.0,Defender - Right Corner,0.0526315789473684,19.0,1.0,6.0,,126.0,0.0,Defender - Right Corner,0.0526315789473684,19.0,15.0,6.0,,53.0,0.0,Defender - Right Corner,0.7894736842105263,19.0,17.0,6.0,,52.0,0.0,Defender - Right Corner,0.8947368421052632,19.0,0.89,6.0,,74.0,0.0,Defender - Right Corner,0.0468421052631578,,,,,,,,,,,,,,,,,19.0,2.0,6.0,,39.0,0.0,Defender - Right Corner,0.1052631578947368,,,,,,,,,19.0,1.0,6.0,,36.0,0.0,Defender - Right Corner,0.0526315789473684
112,3106,Sunil,22,49,6,,PAT,58,0,Defender - Right Corner,Patna Pirates,2.227272727272727,,,,,,,,,,,,,,,,,22.0,48.0,6.0,,15.0,0.0,Defender - Right Corner,2.1818181818181817,22.0,49.0,6.0,,16.0,0.0,Defender - Right Corner,2.227272727272727,22.0,2.23,6.0,,20.0,0.0,Defender - Right Corner,0.1013636363636363,,,,,,,,,,,,,,,,,22.0,1.0,6.0,,80.0,0.0,Defender - Right Corner,0.0454545454545454,,,,,,,,,22.0,4.0,6.0,,9.0,0.0,Defender - Right Corner,0.1818181818181818
113,3107,Neeraj Kumar,23,54,6,,PAT,49,0,Defender - Right Cover,Patna Pirates,2.347826086956522,,,,,,,,,23.0,1.0,6.0,,127.0,0.0,Defender - Right Cover,0.0434782608695652,23.0,52.0,6.0,,9.0,0.0,Defender - Right Cover,2.260869565217391,23.0,53.0,6.0,,12.0,0.0,Defender - Right Cover,2.3043478260869565,23.0,2.3,6.0,,17.0,0.0,Defender - Right Cover,0.0999999999999999,,,,,,,,,,,,,,,,,23.0,1.0,6.0,,81.0,0.0,Defender - Right Cover,0.0434782608695652,,,,,,,,,23.0,2.0,6.0,,11.0,0.0,Defender - Right Cover,0.0869565217391304
114,3111,Ajeet,2,3,5,,MUM,165,9,Defender,U Mumba,1.5,,,,,,,,,,,,,,,,,2.0,3.0,5.0,,116.0,9.0,Defender,1.5,2.0,3.0,5.0,,115.0,9.0,Defender,1.5,2.0,1.5,5.0,,43.0,9.0,Defender,0.75,,,,,,,,,,,,,,,,,,,,,,,,,,,,,,,,,,,,,,,,
115,3115,Amit Sheoran,9,5,1,,BLR,146,9,Defender,Bengaluru Bulls,0.5555555555555556,,,,,,,,,,,,,,,,,9.0,3.0,1.0,,117.0,9.0,Defender,0.3333333333333333,9.0,5.0,1.0,,101.0,9.0,Defender,0.5555555555555556,9.0,0.56,1.0,,100.0,9.0,Defender,0.0622222222222222,,,,,,,,,,,,,,,,,9.0,2.0,1.0,,40.0,9.0,Defender,0.2222222222222222,,,,,,,,,,,,,,,,
116,3126,Amit Nirwal,16,31,4,,KOL,81,9,Defender,Bengal Warriors,1.9375,,,,,,,,,,,,,,,,,16.0,29.0,4.0,,34.0,9.0,Defender,1.8125,16.0,31.0,4.0,,34.0,9.0,Defender,1.9375,16.0,1.94,4.0,,28.0,9.0,Defender,0.12125,,,,,,,,,,,,,,,,,16.0,2.0,4.0,,41.0,9.0,Defender,0.125,,,,,,,,,16.0,2.0,4.0,,12.0,9.0,Defender,0.125
117,3138,Harendra Kumar,21,31,5,,MUM,82,0,Defender - Left Cover,U Mumba,1.4761904761904765,,,,,,,,,21.0,1.0,5.0,,128.0,0.0,Defender - Left Cover,0.0476190476190476,21.0,28.0,5.0,,38.0,0.0,Defender - Left Cover,1.3333333333333333,21.0,30.0,5.0,,38.0,0.0,Defender - Left Cover,1.4285714285714286,21.0,1.43,5.0,,48.0,0.0,Defender - Left Cover,0.0680952380952381,,,,,,,,,,,,,,,,,21.0,2.0,5.0,,42.0,0.0,Defender - Left Cover,0.0952380952380952,,,,,,,,,,,,,,,,
118,3151,Manoj Gowda,6,21,4,,KOL,100,0,All-Rounder,Bengal Warriors,3.5,6.0,10.0,4.0,,57.0,0.0,All-Rounder,1.6666666666666667,6.0,18.0,4.0,,54.0,0.0,All-Rounder,3.0,6.0,2.0,4.0,,123.0,0.0,All-Rounder,0.3333333333333333,6.0,3.0,4.0,,114.0,0.0,All-Rounder,0.5,6.0,0.5,4.0,,110.0,0.0,All-Rounder,0.0833333333333333,6.0,3.0,4.0,,51.0,0.0,All-Rounder,0.5,6.0,1.0,4.0,,40.0,0.0,All-Rounder,0.1666666666666666,6.0,1.0,4.0,,78.0,0.0,All-Rounder,0.1666666666666666,,,,,,,,,,,,,,,,
119,3152,Nitin Panwar,1,2,2,,DEL,171,8,Raider,Dabang Delhi K.C.,2.0,1.0,2.0,2.0,,99.0,8.0,Raider,2.0,1.0,2.0,2.0,,99.0,8.0,Raider,2.0,,,,,,,,,,,,,,,,,,,,,,,,,,,,,,,,,,,,,,,,,,,,,,,,,,,,,,,,,,,,,,,,
120,3154,Sachin Narwal,7,12,3,,JAI,119,0,All-Rounder,Jaipur Pink Panthers,1.7142857142857142,7.0,11.0,3.0,,56.0,0.0,All-Rounder,1.5714285714285714,7.0,12.0,3.0,,61.0,0.0,All-Rounder,1.7142857142857142,,,,,,,,,,,,,,,,,,,,,,,,,7.0,3.0,3.0,,52.0,0.0,All-Rounder,0.4285714285714285,,,,,,,,,,,,,,,,,,,,,,,,,,,,,,,,
121,3159,Vishal,21,39,3,,JAI,73,0,Defender - Left Cover,Jaipur Pink Panthers,1.8571428571428572,,,,,,,,,,,,,,,,,21.0,39.0,3.0,,24.0,0.0,Defender - Left Cover,1.8571428571428572,21.0,39.0,3.0,,27.0,0.0,Defender - Left Cover,1.8571428571428572,21.0,1.86,3.0,,31.0,0.0,Defender - Left Cover,0.0885714285714285,,,,,,,,,,,,,,,,,,,,,,,,,,,,,,,,,21.0,1.0,3.0,,38.0,0.0,Defender - Left Cover,0.0476190476190476
122,3161,Himanshu,10,40,29,,CHE,70,0,Defender - Left Corner,Tamil Thalaivas,4.0,10.0,30.0,29.0,,42.0,0.0,Defender - Left Corner,3.0,10.0,38.0,29.0,,43.0,0.0,Defender - Left Corner,3.8,10.0,2.0,29.0,,124.0,0.0,Defender - Left Corner,0.2,10.0,2.0,29.0,,130.0,0.0,Defender - Left Corner,0.2,10.0,0.2,29.0,,144.0,0.0,Defender - Left Corner,0.02,10.0,3.0,29.0,,53.0,0.0,Defender - Left Corner,0.3,10.0,1.0,29.0,,41.0,0.0,Defender - Left Corner,0.1,,,,,,,,,,,,,,,,,,,,,,,,
123,3162,Karamvir,11,7,7,,PUN,134,9,Defender,Puneri Paltan,0.6363636363636364,,,,,,,,,11.0,1.0,7.0,,129.0,9.0,Defender,0.0909090909090909,11.0,6.0,7.0,,84.0,9.0,Defender,0.5454545454545454,11.0,6.0,7.0,,87.0,9.0,Defender,0.5454545454545454,11.0,0.55,7.0,,102.0,9.0,Defender,0.05,11.0,1.0,7.0,,78.0,9.0,Defender,0.0909090909090909,,,,,,,,,,,,,,,,,,,,,,,,,,,,,,,,
124,3174,Daniel Odhiambo,1,2,6,,PAT,170,0,All-Rounder,Patna Pirates,2.0,1.0,2.0,6.0,,87.0,0.0,All-Rounder,2.0,1.0,2.0,6.0,,100.0,0.0,All-Rounder,2.0,,,,,,,,,,,,,,,,,,,,,,,,,,,,,,,,,,,,,,,,,,,,,,,,,,,,,,,,,,,,,,,,
125,3175,Mohammad Mahalli,6,4,28,,HAR,150,8,Raider,Haryana Steelers,0.6666666666666666,6.0,1.0,28.0,,111.0,8.0,Raider,0.1666666666666666,6.0,2.0,28.0,,101.0,8.0,Raider,0.3333333333333333,6.0,1.0,28.0,,145.0,8.0,Raider,0.1666666666666666,6.0,2.0,28.0,,131.0,8.0,Raider,0.3333333333333333,6.0,0.33,28.0,,131.0,8.0,Raider,0.055,,,,,,,,,,,,,,,,,6.0,1.0,28.0,,79.0,8.0,Raider,0.1666666666666666,,,,,,,,,,,,,,,,
126,3176,Mohammad Nabibakhsh,20,108,4,,KOL,21,0,All-Rounder,Bengal Warriors,5.4,20.0,66.0,4.0,,24.0,0.0,All-Rounder,3.3,20.0,89.0,4.0,,24.0,0.0,All-Rounder,4.45,20.0,17.0,4.0,,47.0,0.0,All-Rounder,0.85,20.0,19.0,4.0,,47.0,0.0,All-Rounder,0.95,20.0,0.95,4.0,,71.0,0.0,All-Rounder,0.0475,20.0,11.0,4.0,,25.0,0.0,All-Rounder,0.55,20.0,2.0,4.0,,30.0,0.0,All-Rounder,0.1,20.0,2.0,4.0,,34.0,0.0,All-Rounder,0.1,20.0,1.0,4.0,,32.0,0.0,All-Rounder,0.05,,,,,,,,
127,3177,Mohammad Taghi Paein Mahali,7,13,30,,U.P.,117,8,Raider,U.P. Yoddhas,1.8571428571428572,7.0,5.0,30.0,,69.0,8.0,Raider,0.7142857142857143,7.0,10.0,30.0,,67.0,8.0,Raider,1.4285714285714286,7.0,3.0,30.0,,118.0,8.0,Raider,0.4285714285714285,7.0,3.0,30.0,,113.0,8.0,Raider,0.4285714285714285,7.0,0.43,30.0,,121.0,8.0,Raider,0.0614285714285714,7.0,2.0,30.0,,55.0,8.0,Raider,0.2857142857142857,7.0,1.0,30.0,,31.0,8.0,Raider,0.1428571428571428,,,,,,,,,,,,,,,,,,,,,,,,
128,3180,Amirhossein Mohammad Maleki,2,5,3,,JAI,147,8,Raider,Jaipur Pink Panthers,2.5,2.0,4.0,3.0,,74.0,8.0,Raider,2.0,2.0,5.0,3.0,,78.0,8.0,Raider,2.5,,,,,,,,,,,,,,,,,,,,,,,,,,,,,,,,,,,,,,,,,,,,,,,,,,,,,,,,,,,,,,,,
129,3201,Asiri Alawathge,2,1,29,,CHE,196,8,Raider,Tamil Thalaivas,0.5,2.0,1.0,29.0,,112.0,8.0,Raider,0.5,2.0,1.0,29.0,,132.0,8.0,Raider,0.5,,,,,,,,,,,,,,,,,,,,,,,,,,,,,,,,,,,,,,,,,,,,,,,,,,,,,,,,,,,,,,,,
130,3222,Balram,2,2,2,,DEL,172,0,All Rounder,Dabang Delhi K.C.,1.0,,,,,,,,,2.0,1.0,2.0,,133.0,0.0,All Rounder,0.5,2.0,1.0,2.0,,144.0,0.0,All Rounder,0.5,2.0,1.0,2.0,,148.0,0.0,All Rounder,0.5,2.0,0.5,2.0,,109.0,0.0,All Rounder,0.25,,,,,,,,,,,,,,,,,,,,,,,,,,,,,,,,,,,,,,,,
131,3226,Sumit,5,4,31,,GUJ,151,9,Defender,Gujarat Giants,0.8,,,,,,,,,,,,,,,,,5.0,4.0,31.0,,100.0,9.0,Defender,0.8,5.0,4.0,31.0,,110.0,9.0,Defender,0.8,5.0,0.8,31.0,,83.0,9.0,Defender,0.16,,,,,,,,,,,,,,,,,,,,,,,,,,,,,,,,,,,,,,,,
132,3227,Ankit,11,9,31,,GUJ,127,9,Defender,Gujarat Giants,0.8181818181818182,,,,,,,,,,,,,,,,,11.0,8.0,31.0,,74.0,9.0,Defender,0.7272727272727273,11.0,9.0,31.0,,74.0,9.0,Defender,0.8181818181818182,11.0,0.82,31.0,,82.0,9.0,Defender,0.0745454545454545,,,,,,,,,,,,,,,,,11.0,1.0,31.0,,84.0,9.0,Defender,0.0909090909090909,,,,,,,,,,,,,,,,
133,3228,Saurabh Nandal,24,69,1,,BLR,36,0,Defender - Left Corner,Bengaluru Bulls,2.875,,,,,,,,,,,,,,,,,24.0,63.0,1.0,,3.0,0.0,Defender - Left Corner,2.625,24.0,69.0,1.0,,3.0,0.0,Defender - Left Corner,2.875,24.0,2.88,1.0,,5.0,0.0,Defender - Left Corner,0.12,,,,,,,,,,,,,,,,,24.0,6.0,1.0,,6.0,0.0,Defender - Left Corner,0.25,,,,,,,,,24.0,2.0,1.0,,25.0,0.0,Defender - Left Corner,0.0833333333333333
134,3233,Pankaj Mohite,7,23,7,,PUN,95,8,Raider,Puneri Paltan,3.2857142857142856,7.0,16.0,7.0,,49.0,8.0,Raider,2.2857142857142856,7.0,22.0,7.0,,48.0,8.0,Raider,3.142857142857143,7.0,1.0,7.0,,154.0,8.0,Raider,0.1428571428571428,7.0,1.0,7.0,,145.0,8.0,Raider,0.1428571428571428,7.0,0.14,7.0,,151.0,8.0,Raider,0.02,7.0,4.0,7.0,,46.0,8.0,Raider,0.5714285714285714,,,,,,,,,,,,,,,,,,,,,,,,,,,,,,,,
135,3234,Sanket Sawant,23,26,7,,PUN,90,0,Defender - Left Cover,Puneri Paltan,1.1304347826086956,,,,,,,,,,,,,,,,,23.0,24.0,7.0,,42.0,0.0,Defender - Left Cover,1.0434782608695652,23.0,26.0,7.0,,42.0,0.0,Defender - Left Cover,1.1304347826086956,23.0,1.13,7.0,,59.0,0.0,Defender - Left Cover,0.0491304347826086,,,,,,,,,,,,,,,,,23.0,2.0,7.0,,33.0,0.0,Defender - Left Cover,0.0869565217391304,,,,,,,,,,,,,,,,
136,3235,Sushant Sail,3,2,2,,DEL,173,8,Raider,Dabang Delhi K.C.,0.6666666666666666,3.0,1.0,2.0,,113.0,8.0,Raider,0.3333333333333333,3.0,2.0,2.0,,98.0,8.0,Raider,0.6666666666666666,,,,,,,,,,,,,,,,,,,,,,,,,,,,,,,,,,,,,,,,,,,,,,,,,,,,,,,,,,,,,,,,
137,3236,Sagar,22,83,29,,CHE,29,0,Defender - Right Corner,Tamil Thalaivas,3.772727272727273,,,,,,,,,22.0,1.0,29.0,,130.0,0.0,Defender - Right Corner,0.0454545454545454,22.0,74.0,29.0,,2.0,0.0,Defender - Right Corner,3.363636363636364,22.0,82.0,29.0,,2.0,0.0,Defender - Right Corner,3.727272727272727,22.0,3.73,29.0,,1.0,0.0,Defender - Right Corner,0.1695454545454545,,,,,,,,,,,,,,,,,22.0,8.0,29.0,,3.0,0.0,Defender - Right Corner,0.3636363636363636,,,,,,,,,22.0,8.0,29.0,,2.0,0.0,Defender - Right Corner,0.3636363636363636
138,3239,Ashu Singh,23,53,30,,U.P.,51,0,Defender - Right Cover,U.P. Yoddhas,2.3043478260869565,23.0,2.0,30.0,,86.0,0.0,Defender - Right Cover,0.0869565217391304,23.0,4.0,30.0,,79.0,0.0,Defender - Right Cover,0.1739130434782608,23.0,42.0,30.0,,19.0,0.0,Defender - Right Cover,1.826086956521739,23.0,49.0,30.0,,17.0,0.0,Defender - Right Cover,2.130434782608696,23.0,2.13,30.0,,23.0,0.0,Defender - Right Cover,0.0926086956521739,,,,,,,,,,,,,,,,,23.0,7.0,30.0,,4.0,0.0,Defender - Right Cover,0.3043478260869565,,,,,,,,,23.0,1.0,30.0,,37.0,0.0,Defender - Right Cover,0.0434782608695652
139,3240,Sumit,24,63,30,,U.P.,40,0,Defender - Left Corner,U.P. Yoddhas,2.625,,,,,,,,,24.0,1.0,30.0,,131.0,0.0,Defender - Left Corner,0.0416666666666666,24.0,59.0,30.0,,5.0,0.0,Defender - Left Corner,2.4583333333333335,24.0,62.0,30.0,,5.0,0.0,Defender - Left Corner,2.5833333333333335,24.0,2.58,30.0,,10.0,0.0,Defender - Left Corner,0.1075,,,,,,,,,,,,,,,,,24.0,3.0,30.0,,31.0,0.0,Defender - Left Corner,0.125,,,,,,,,,24.0,4.0,30.0,,7.0,0.0,Defender - Left Corner,0.1666666666666666
140,3241,Surender Gill,23,198,30,,U.P.,5,8,Raider,U.P. Yoddhas,8.608695652173912,23.0,140.0,30.0,,8.0,8.0,Raider,6.086956521739131,23.0,189.0,30.0,,5.0,8.0,Raider,8.217391304347826,23.0,7.0,30.0,,82.0,8.0,Raider,0.3043478260869565,23.0,9.0,30.0,,75.0,8.0,Raider,0.391304347826087,23.0,0.39,30.0,,125.0,8.0,Raider,0.0169565217391304,23.0,30.0,30.0,,9.0,8.0,Raider,1.3043478260869563,23.0,7.0,30.0,,3.0,8.0,Raider,0.3043478260869565,23.0,2.0,30.0,,32.0,8.0,Raider,0.0869565217391304,23.0,8.0,30.0,,7.0,8.0,Raider,0.3478260869565217,,,,,,,,
141,3301,Rohit Banne,6,2,4,,KOL,179,9,Defender,Bengal Warriors,0.3333333333333333,,,,,,,,,,,,,,,,,6.0,1.0,4.0,,155.0,9.0,Defender,0.1666666666666666,6.0,2.0,4.0,,136.0,9.0,Defender,0.3333333333333333,6.0,0.33,4.0,,129.0,9.0,Defender,0.055,,,,,,,,,,,,,,,,,6.0,1.0,4.0,,85.0,9.0,Defender,0.1666666666666666,,,,,,,,,,,,,,,,
142,3343,Sajin C,23,35,6,,PAT,76,0,All-Rounder,Patna Pirates,1.5217391304347827,,,,,,,,,,,,,,,,,23.0,30.0,6.0,,31.0,0.0,All-Rounder,1.3043478260869563,23.0,35.0,6.0,,31.0,0.0,All-Rounder,1.5217391304347827,23.0,1.52,6.0,,42.0,0.0,All-Rounder,0.0660869565217391,,,,,,,,,,,,,,,,,23.0,5.0,6.0,,9.0,0.0,All-Rounder,0.217391304347826,,,,,,,,,23.0,1.0,6.0,,42.0,0.0,All-Rounder,0.0434782608695652
143,3472,Rathan K,5,8,31,,GUJ,132,8,Raider,Gujarat Giants,1.6,5.0,3.0,31.0,,83.0,8.0,Raider,0.6,5.0,4.0,31.0,,81.0,8.0,Raider,0.8,5.0,3.0,31.0,,119.0,8.0,Raider,0.6,5.0,4.0,31.0,,111.0,8.0,Raider,0.8,5.0,0.8,31.0,,84.0,8.0,Raider,0.16,,,,,,,,,,,,,,,,,5.0,1.0,31.0,,86.0,8.0,Raider,0.2,,,,,,,,,,,,,,,,
144,3473,Prathap S,3,3,5,,MUM,161,8,Raider,U Mumba,1.0,3.0,2.0,5.0,,84.0,8.0,Raider,0.6666666666666666,3.0,3.0,5.0,,96.0,8.0,Raider,1.0,,,,,,,,,,,,,,,,,,,,,,,,,,,,,,,,,,,,,,,,,,,,,,,,,,,,,,,,,,,,,,,,
145,3593,Sourav Gulia,3,5,6,,PAT,141,9,Defender,Patna Pirates,1.6666666666666667,,,,,,,,,,,,,,,,,3.0,5.0,6.0,,99.0,9.0,Defender,1.6666666666666667,3.0,5.0,6.0,,100.0,9.0,Defender,1.6666666666666667,3.0,1.67,6.0,,36.0,9.0,Defender,0.5566666666666666,,,,,,,,,,,,,,,,,,,,,,,,,,,,,,,,,,,,,,,,
146,3594,Sahil,6,5,30,,U.P.,142,8,Raider,U.P. Yoddhas,0.8333333333333334,6.0,3.0,30.0,,82.0,8.0,Raider,0.5,6.0,5.0,30.0,,77.0,8.0,Raider,0.8333333333333334,,,,,,,,,,,,,,,,,,,,,,,,,,,,,,,,,,,,,,,,,,,,,,,,,,,,,,,,,,,,,,,,
147,3715,Ashok,1,4,3,,JAI,154,8,Raider,Jaipur Pink Panthers,4.0,1.0,2.0,3.0,,85.0,8.0,Raider,2.0,1.0,4.0,3.0,,80.0,8.0,Raider,4.0,,,,,,,,,,,,,,,,,,,,,,,,,,,,,,,,,1.0,1.0,3.0,,35.0,8.0,Raider,1.0,,,,,,,,,,,,,,,,,,,,,,,,
148,3747,Gaurav Kumar,6,2,30,,U.P.,180,9,Defender,U.P. Yoddhas,0.3333333333333333,,,,,,,,,,,,,,,,,6.0,1.0,30.0,,153.0,9.0,Defender,0.1666666666666666,6.0,2.0,30.0,,135.0,9.0,Defender,0.3333333333333333,6.0,0.33,30.0,,130.0,9.0,Defender,0.055,,,,,,,,,,,,,,,,,6.0,1.0,30.0,,87.0,9.0,Defender,0.1666666666666666,,,,,,,,,,,,,,,,
149,3964,Rinku,22,60,5,,MUM,43,0,Defender - Right Corner,U Mumba,2.727272727272727,,,,,,,,,,,,,,,,,22.0,53.0,5.0,,7.0,0.0,Defender - Right Corner,2.409090909090909,22.0,60.0,5.0,,6.0,0.0,Defender - Right Corner,2.727272727272727,22.0,2.73,5.0,,7.0,0.0,Defender - Right Corner,0.124090909090909,,,,,,,,,,,,,,,,,22.0,7.0,5.0,,5.0,0.0,Defender - Right Corner,0.3181818181818182,,,,,,,,,22.0,4.0,5.0,,8.0,0.0,Defender - Right Corner,0.1818181818181818
150,3965,Manjeet,5,11,2,,DEL,123,8,Raider,Dabang Delhi K.C.,2.2,5.0,8.0,2.0,,65.0,8.0,Raider,1.6,5.0,8.0,2.0,,70.0,8.0,Raider,1.6,5.0,2.0,2.0,,121.0,8.0,Raider,0.4,5.0,3.0,2.0,,112.0,8.0,Raider,0.6,5.0,0.6,2.0,,99.0,8.0,Raider,0.12,5.0,2.0,2.0,,57.0,8.0,Raider,0.4,,,,,,,,,5.0,1.0,2.0,,88.0,8.0,Raider,0.2,,,,,,,,,,,,,,,,
151,3966,Rakesh,22,140,31,,GUJ,15,8,Raider,Gujarat Giants,6.363636363636363,22.0,112.0,31.0,,15.0,8.0,Raider,5.090909090909091,22.0,140.0,31.0,,15.0,8.0,Raider,6.363636363636363,,,,,,,,,,,,,,,,,,,,,,,,,22.0,23.0,31.0,,12.0,8.0,Raider,1.0454545454545454,22.0,4.0,31.0,,13.0,8.0,Raider,0.1818181818181818,,,,,,,,,22.0,5.0,31.0,,15.0,8.0,Raider,0.2272727272727272,,,,,,,,
152,3969,Prince D,14,15,8,,HYD,113,0,Defender - Right Cover,Telugu Titans,1.0714285714285714,14.0,2.0,8.0,,89.0,0.0,Defender - Right Cover,0.1428571428571428,14.0,3.0,8.0,,97.0,0.0,Defender - Right Cover,0.2142857142857142,14.0,9.0,8.0,,73.0,0.0,Defender - Right Cover,0.6428571428571429,14.0,12.0,8.0,,67.0,0.0,Defender - Right Cover,0.8571428571428571,14.0,0.86,8.0,,77.0,0.0,Defender - Right Cover,0.0614285714285714,14.0,1.0,8.0,,76.0,0.0,Defender - Right Cover,0.0714285714285714,,,,,,,,,14.0,3.0,8.0,,29.0,0.0,Defender - Right Cover,0.2142857142857142,,,,,,,,,,,,,,,,
153,4021,Vikash D,4,2,2,,DEL,181,9,Defender,Dabang Delhi K.C.,0.5,,,,,,,,,,,,,,,,,4.0,2.0,2.0,,120.0,9.0,Defender,0.5,4.0,2.0,2.0,,139.0,9.0,Defender,0.5,4.0,0.5,2.0,,111.0,9.0,Defender,0.125,,,,,,,,,,,,,,,,,,,,,,,,,,,,,,,,,,,,,,,,
154,4022,Mohit Goyat,21,187,7,,PUN,8,8,Raider,Puneri Paltan,8.904761904761905,21.0,136.0,7.0,,10.0,8.0,Raider,6.476190476190476,21.0,159.0,7.0,,11.0,8.0,Raider,7.571428571428571,21.0,25.0,7.0,,40.0,8.0,Raider,1.1904761904761905,21.0,28.0,7.0,,40.0,8.0,Raider,1.3333333333333333,21.0,1.33,7.0,,49.0,8.0,Raider,0.0633333333333333,21.0,49.0,7.0,,1.0,8.0,Raider,2.3333333333333335,21.0,2.0,7.0,,29.0,8.0,Raider,0.0952380952380952,21.0,3.0,7.0,,30.0,8.0,Raider,0.1428571428571428,21.0,8.0,7.0,,8.0,8.0,Raider,0.3809523809523809,21.0,1.0,7.0,,41.0,8.0,Raider,0.0476190476190476
155,4183,Meetu,16,75,28,,HAR,34,8,Raider,Haryana Steelers,4.6875,16.0,65.0,28.0,,25.0,8.0,Raider,4.0625,16.0,75.0,28.0,,30.0,8.0,Raider,4.6875,,,,,,,,,,,,,,,,,,,,,,,,,16.0,10.0,28.0,,30.0,8.0,Raider,0.625,16.0,1.0,28.0,,33.0,8.0,Raider,0.0625,,,,,,,,,16.0,3.0,28.0,,22.0,8.0,Raider,0.1875,,,,,,,,
156,4184,Jaideep,22,66,28,,HAR,37,0,Defender - Left Cover,Haryana Steelers,3.0,,,,,,,,,,,,,,,,,22.0,61.0,28.0,,4.0,0.0,Defender - Left Cover,2.772727272727273,22.0,66.0,28.0,,4.0,0.0,Defender - Left Cover,3.0,22.0,3.0,28.0,,4.0,0.0,Defender - Left Cover,0.1363636363636363,,,,,,,,,,,,,,,,,22.0,5.0,28.0,,10.0,0.0,Defender - Left Cover,0.2272727272727272,,,,,,,,,22.0,5.0,28.0,,3.0,0.0,Defender - Left Cover,0.2272727272727272
157,4186,Rahul Sethpal,18,44,5,,MUM,65,0,Defender - Right Corner,U Mumba,2.4444444444444446,18.0,5.0,5.0,,72.0,0.0,Defender - Right Corner,0.2777777777777778,18.0,10.0,5.0,,66.0,0.0,Defender - Right Corner,0.5555555555555556,18.0,29.0,5.0,,33.0,0.0,Defender - Right Corner,1.6111111111111112,18.0,34.0,5.0,,32.0,0.0,Defender - Right Corner,1.8888888888888888,18.0,1.89,5.0,,30.0,0.0,Defender - Right Corner,0.105,18.0,1.0,5.0,,77.0,0.0,Defender - Right Corner,0.0555555555555555,,,,,,,,,18.0,5.0,5.0,,11.0,0.0,Defender - Right Corner,0.2777777777777778,,,,,,,,,18.0,1.0,5.0,,40.0,0.0,Defender - Right Corner,0.0555555555555555
158,4192,Abinesh Nadarajan,22,48,7,,PUN,60,0,Defender - Right Cover,Puneri Paltan,2.1818181818181817,22.0,2.0,7.0,,88.0,0.0,Defender - Right Cover,0.0909090909090909,22.0,4.0,7.0,,83.0,0.0,Defender - Right Cover,0.1818181818181818,22.0,38.0,7.0,,26.0,0.0,Defender - Right Cover,1.7272727272727273,22.0,44.0,7.0,,22.0,0.0,Defender - Right Cover,2.0,22.0,2.0,7.0,,24.0,0.0,Defender - Right Cover,0.0909090909090909,,,,,,,,,,,,,,,,,22.0,6.0,7.0,,8.0,0.0,Defender - Right Cover,0.2727272727272727,,,,,,,,,22.0,3.0,7.0,,10.0,0.0,Defender - Right Cover,0.1363636363636363
159,4222,Rohit Tomar,5,17,30,,U.P.,108,8,Raider,U.P. Yoddhas,3.4,5.0,15.0,30.0,,50.0,8.0,Raider,3.0,5.0,16.0,30.0,,55.0,8.0,Raider,3.2,5.0,1.0,30.0,,152.0,8.0,Raider,0.2,5.0,1.0,30.0,,142.0,8.0,Raider,0.2,5.0,0.2,30.0,,145.0,8.0,Raider,0.04,5.0,2.0,30.0,,56.0,8.0,Raider,0.4,,,,,,,,,,,,,,,,,,,,,,,,,,,,,,,,
160,4228,Shubham Kumar,21,32,30,,U.P.,80,0,Defender - Left Cover,U.P. Yoddhas,1.5238095238095235,,,,,,,,,21.0,1.0,30.0,,123.0,0.0,Defender - Left Cover,0.0476190476190476,21.0,27.0,30.0,,39.0,0.0,Defender - Left Cover,1.2857142857142858,21.0,31.0,30.0,,33.0,0.0,Defender - Left Cover,1.4761904761904765,21.0,1.48,30.0,,46.0,0.0,Defender - Left Cover,0.0704761904761904,,,,,,,,,,,,,,,,,21.0,4.0,30.0,,16.0,0.0,Defender - Left Cover,0.1904761904761904,,,,,,,,,,,,,,,,
161,4675,Akash Pikalmunde,7,16,4,,KOL,109,8,Raider,Bengal Warriors,2.2857142857142856,7.0,11.0,4.0,,55.0,8.0,Raider,1.5714285714285714,7.0,15.0,4.0,,56.0,8.0,Raider,2.142857142857143,7.0,1.0,4.0,,150.0,8.0,Raider,0.1428571428571428,7.0,1.0,4.0,,140.0,8.0,Raider,0.1428571428571428,7.0,0.14,4.0,,150.0,8.0,Raider,0.02,7.0,4.0,4.0,,49.0,8.0,Raider,0.5714285714285714,,,,,,,,,,,,,,,,,,,,,,,,,,,,,,,,
162,4693,Manuj,1,1,6,,PAT,184,0,Defender - Right Corner,Patna Pirates,1.0,,,,,,,,,,,,,,,,,1.0,1.0,6.0,,151.0,0.0,Defender - Right Corner,1.0,1.0,1.0,6.0,,141.0,0.0,Defender - Right Corner,1.0,1.0,1.0,6.0,,64.0,0.0,Defender - Right Corner,1.0,,,,,,,,,,,,,,,,,,,,,,,,,,,,,,,,,,,,,,,,
163,4723,Rohit,12,27,4,,KOL,89,0,All-Rounder,Bengal Warriors,2.25,12.0,12.0,4.0,,51.0,0.0,All-Rounder,1.0,12.0,21.0,4.0,,49.0,0.0,All-Rounder,1.75,12.0,5.0,4.0,,98.0,0.0,All-Rounder,0.4166666666666667,12.0,6.0,4.0,,89.0,0.0,All-Rounder,0.5,12.0,0.5,4.0,,112.0,0.0,All-Rounder,0.0416666666666666,12.0,4.0,4.0,,50.0,0.0,All-Rounder,0.3333333333333333,12.0,1.0,4.0,,34.0,0.0,All-Rounder,0.0833333333333333,12.0,1.0,4.0,,60.0,0.0,All-Rounder,0.0833333333333333,,,,,,,,,,,,,,,,
164,4757,Vishwas S,4,13,7,,PUN,118,8,Raider,Puneri Paltan,3.25,4.0,9.0,7.0,,63.0,8.0,Raider,2.25,4.0,12.0,7.0,,62.0,8.0,Raider,3.0,4.0,1.0,7.0,,147.0,8.0,Raider,0.25,4.0,1.0,7.0,,144.0,8.0,Raider,0.25,4.0,0.25,7.0,,139.0,8.0,Raider,0.0625,4.0,2.0,7.0,,64.0,8.0,Raider,0.5,,,,,,,,,,,,,,,,,,,,,,,,,,,,,,,,
165,4769,Sahul Kumar,18,45,3,,JAI,64,0,Defender - Right Corner,Jaipur Pink Panthers,2.5,,,,,,,,,,,,,,,,,18.0,43.0,3.0,,18.0,0.0,Defender - Right Corner,2.388888888888889,18.0,45.0,3.0,,20.0,0.0,Defender - Right Corner,2.5,18.0,2.5,3.0,,11.0,0.0,Defender - Right Corner,0.1388888888888889,,,,,,,,,,,,,,,,,18.0,2.0,3.0,,54.0,0.0,Defender - Right Corner,0.1111111111111111,,,,,,,,,18.0,1.0,3.0,,39.0,0.0,Defender - Right Corner,0.0555555555555555
166,4801,Ankit,4,9,30,,U.P.,129,8,Raider,U.P. Yoddhas,2.25,4.0,5.0,30.0,,70.0,8.0,Raider,1.25,4.0,7.0,30.0,,73.0,8.0,Raider,1.75,4.0,2.0,30.0,,122.0,8.0,Raider,0.5,4.0,2.0,30.0,,137.0,8.0,Raider,0.5,4.0,0.5,30.0,,113.0,8.0,Raider,0.125,4.0,1.0,30.0,,65.0,8.0,Raider,0.25,,,,,,,,,,,,,,,,,,,,,,,,,,,,,,,,
167,4848,Mayur Kadam,19,14,1,,BLR,114,0,Defender - Right Cover,Bengaluru Bulls,0.7368421052631579,,,,,,,,,,,,,,,,,19.0,14.0,1.0,,57.0,0.0,Defender - Right Cover,0.7368421052631579,19.0,14.0,1.0,,60.0,0.0,Defender - Right Cover,0.7368421052631579,19.0,0.74,1.0,,89.0,0.0,Defender - Right Cover,0.0389473684210526,,,,,,,,,,,,,,,,,,,,,,,,,,,,,,,,,,,,,,,,
168,4873,Akshay,7,6,28,,HAR,140,8,Raider,Haryana Steelers,0.8571428571428571,,,,,,,,,,,,,,,,,7.0,6.0,28.0,,83.0,8.0,Raider,0.8571428571428571,7.0,6.0,28.0,,88.0,8.0,Raider,0.8571428571428571,7.0,0.86,28.0,,76.0,8.0,Raider,0.1228571428571428,,,,,,,,,,,,,,,,,,,,,,,,,,,,,,,,,,,,,,,,
169,4925,Mohammadreza Chiyaneh,24,94,6,,PAT,25,0,All-Rounder,Patna Pirates,3.9166666666666665,24.0,5.0,6.0,,71.0,0.0,All-Rounder,0.2083333333333333,24.0,5.0,6.0,,76.0,0.0,All-Rounder,0.2083333333333333,24.0,86.0,6.0,,1.0,0.0,All-Rounder,3.5833333333333335,24.0,89.0,6.0,,1.0,0.0,All-Rounder,3.7083333333333335,24.0,3.71,6.0,,2.0,0.0,All-Rounder,0.1545833333333333,,,,,,,,,,,,,,,,,24.0,3.0,6.0,,17.0,0.0,All-Rounder,0.125,,,,,,,,,24.0,10.0,6.0,,1.0,0.0,All-Rounder,0.4166666666666667
170,4929,Soleiman Pahlevani,4,2,31,,GUJ,182,9,Defender,Gujarat Giants,0.5,,,,,,,,,,,,,,,,,4.0,1.0,31.0,,148.0,9.0,Defender,0.25,4.0,2.0,31.0,,138.0,9.0,Defender,0.5,4.0,0.5,31.0,,114.0,9.0,Defender,0.125,,,,,,,,,,,,,,,,,4.0,1.0,31.0,,59.0,9.0,Defender,0.25,,,,,,,,,,,,,,,,
171,4932,Hyunsu Park,3,4,8,,HYD,156,8,Raider,Telugu Titans,1.3333333333333333,3.0,2.0,8.0,,90.0,8.0,Raider,0.6666666666666666,3.0,4.0,8.0,,82.0,8.0,Raider,1.3333333333333333,,,,,,,,,,,,,,,,,,,,,,,,,,,,,,,,,,,,,,,,,,,,,,,,,,,,,,,,,,,,,,,,
172,4936,Mohammad Nosrati,2,1,3,,JAI,183,8,Raider,Jaipur Pink Panthers,0.5,,,,,,,,,,,,,,,,,2.0,1.0,3.0,,149.0,8.0,Raider,0.5,2.0,1.0,3.0,,143.0,8.0,Raider,0.5,2.0,0.5,3.0,,115.0,8.0,Raider,0.25,,,,,,,,,,,,,,,,,,,,,,,,,,,,,,,,,,,,,,,,
173,4939,Pardeep Kumar,17,79,31,,GUJ,33,8,Raider,Gujarat Giants,4.647058823529412,17.0,54.0,31.0,,31.0,8.0,Raider,3.176470588235294,17.0,75.0,31.0,,29.0,8.0,Raider,4.411764705882353,17.0,4.0,31.0,,104.0,8.0,Raider,0.2352941176470588,17.0,4.0,31.0,,106.0,8.0,Raider,0.2352941176470588,17.0,0.24,31.0,,140.0,8.0,Raider,0.0141176470588235,17.0,11.0,31.0,,27.0,8.0,Raider,0.6470588235294118,17.0,3.0,31.0,,14.0,8.0,Raider,0.1764705882352941,,,,,,,,,17.0,1.0,31.0,,34.0,8.0,Raider,0.0588235294117647,,,,,,,,
174,4941,Mohammad Malak,5,4,2,,DEL,155,9,Defender,Dabang Delhi K.C.,0.8,,,,,,,,,,,,,,,,,5.0,4.0,2.0,,105.0,9.0,Defender,0.8,5.0,4.0,2.0,,107.0,9.0,Defender,0.8,5.0,0.8,2.0,,85.0,9.0,Defender,0.16,,,,,,,,,,,,,,,,,,,,,,,,,,,,,,,,,,,,,,,,
175,4944,Bharat,23,129,1,,BLR,16,8,Raider,Bengaluru Bulls,5.608695652173913,23.0,95.0,1.0,,17.0,8.0,Raider,4.130434782608695,23.0,115.0,1.0,,17.0,8.0,Raider,5.0,23.0,14.0,1.0,,56.0,8.0,Raider,0.6086956521739131,23.0,14.0,1.0,,61.0,8.0,Raider,0.6086956521739131,23.0,0.61,1.0,,98.0,8.0,Raider,0.0265217391304347,23.0,10.0,1.0,,28.0,8.0,Raider,0.4347826086956521,23.0,3.0,1.0,,15.0,8.0,Raider,0.1304347826086956,,,,,,,,,23.0,3.0,1.0,,21.0,8.0,Raider,0.1304347826086956,,,,,,,,
176,4945,Rohit Kumar,2,1,1,,BLR,186,9,Defender,Bengaluru Bulls,0.5,,,,,,,,,,,,,,,,,2.0,1.0,1.0,,160.0,9.0,Defender,0.5,2.0,1.0,1.0,,159.0,9.0,Defender,0.5,2.0,0.5,1.0,,116.0,9.0,Defender,0.25,,,,,,,,,,,,,,,,,,,,,,,,,,,,,,,,,,,,,,,,
177,4947,Ashu Malik,22,59,2,,DEL,44,8,Raider,Dabang Delhi K.C.,2.6818181818181817,22.0,38.0,2.0,,37.0,8.0,Raider,1.7272727272727273,22.0,51.0,2.0,,37.0,8.0,Raider,2.3181818181818183,22.0,6.0,2.0,,89.0,8.0,Raider,0.2727272727272727,22.0,8.0,2.0,,83.0,8.0,Raider,0.3636363636363636,22.0,0.36,2.0,,126.0,8.0,Raider,0.0163636363636363,22.0,13.0,2.0,,22.0,8.0,Raider,0.5909090909090909,,,,,,,,,22.0,2.0,2.0,,55.0,8.0,Raider,0.0909090909090909,,,,,,,,,,,,,,,,
178,4949,Krishan,21,27,2,,DEL,88,9,Defender,Dabang Delhi K.C.,1.2857142857142858,,,,,,,,,,,,,,,,,21.0,25.0,2.0,,41.0,9.0,Defender,1.1904761904761905,21.0,27.0,2.0,,41.0,9.0,Defender,1.2857142857142858,21.0,1.29,2.0,,51.0,9.0,Defender,0.0614285714285714,,,,,,,,,,,,,,,,,21.0,2.0,2.0,,56.0,9.0,Defender,0.0952380952380952,,,,,,,,,21.0,1.0,2.0,,27.0,9.0,Defender,0.0476190476190476
179,4954,Mohit,22,42,28,,HAR,69,0,Defender - Right Cover,Haryana Steelers,1.9090909090909092,,,,,,,,,,,,,,,,,22.0,39.0,28.0,,25.0,0.0,Defender - Right Cover,1.7727272727272727,22.0,42.0,28.0,,25.0,0.0,Defender - Right Cover,1.9090909090909092,22.0,1.91,28.0,,29.0,0.0,Defender - Right Cover,0.0868181818181818,,,,,,,,,,,,,,,,,22.0,3.0,28.0,,18.0,0.0,Defender - Right Cover,0.1363636363636363,,,,,,,,,22.0,2.0,28.0,,23.0,0.0,Defender - Right Cover,0.0909090909090909
180,4956,Deepak Singh,14,16,3,,JAI,111,0,Defender - Right Cover,Jaipur Pink Panthers,1.1428571428571428,,,,,,,,,,,,,,,,,14.0,15.0,3.0,,55.0,0.0,Defender - Right Cover,1.0714285714285714,14.0,16.0,3.0,,56.0,0.0,Defender - Right Cover,1.1428571428571428,14.0,1.14,3.0,,57.0,0.0,Defender - Right Cover,0.0814285714285714,,,,,,,,,,,,,,,,,14.0,1.0,3.0,,57.0,0.0,Defender - Right Cover,0.0714285714285714,,,,,,,,,,,,,,,,
181,4958,Rohit,1,1,6,,PAT,185,8,Raider,Patna Pirates,1.0,1.0,1.0,6.0,,110.0,8.0,Raider,1.0,1.0,1.0,6.0,,122.0,8.0,Raider,1.0,,,,,,,,,,,,,,,,,,,,,,,,,,,,,,,,,,,,,,,,,,,,,,,,,,,,,,,,,,,,,,,,
182,4959,Akash Shinde,3,9,7,,PUN,130,8,Raider,Puneri Paltan,3.0,3.0,9.0,7.0,,64.0,8.0,Raider,3.0,3.0,9.0,7.0,,68.0,8.0,Raider,3.0,,,,,,,,,,,,,,,,,,,,,,,,,3.0,1.0,7.0,,66.0,8.0,Raider,0.3333333333333333,,,,,,,,,,,,,,,,,,,,,,,,,,,,,,,,
183,4960,Aslam Inamdar,23,189,7,,PUN,6,8,Raider,Puneri Paltan,8.217391304347826,23.0,135.0,7.0,,11.0,8.0,Raider,5.869565217391305,23.0,169.0,7.0,,10.0,8.0,Raider,7.3478260869565215,23.0,20.0,7.0,,46.0,8.0,Raider,0.8695652173913043,23.0,20.0,7.0,,46.0,8.0,Raider,0.8695652173913043,23.0,0.87,7.0,,75.0,8.0,Raider,0.0378260869565217,23.0,37.0,7.0,,6.0,8.0,Raider,1.608695652173913,23.0,7.0,7.0,,4.0,8.0,Raider,0.3043478260869565,,,,,,,,,23.0,5.0,7.0,,16.0,8.0,Raider,0.217391304347826,,,,,,,,
184,4961,Shubham Shelke,6,3,7,,PUN,160,8,Raider,Puneri Paltan,0.5,6.0,2.0,7.0,,91.0,8.0,Raider,0.3333333333333333,6.0,3.0,7.0,,95.0,8.0,Raider,0.5,,,,,,,,,,,,,,,,,,,,,,,,,,,,,,,,,,,,,,,,,,,,,,,,,,,,,,,,,,,,,,,,
185,4962,Aashish,3,4,29,,CHE,157,0,Defender - Left Cover,Tamil Thalaivas,1.3333333333333333,,,,,,,,,,,,,,,,,3.0,4.0,29.0,,106.0,0.0,Defender - Left Cover,1.3333333333333333,3.0,4.0,29.0,,108.0,0.0,Defender - Left Cover,1.3333333333333333,3.0,1.33,29.0,,50.0,0.0,Defender - Left Cover,0.4433333333333333,,,,,,,,,,,,,,,,,,,,,,,,,,,,,,,,,,,,,,,,
186,4963,Himanshu Singh,6,8,29,,CHE,131,8,Raider,Tamil Thalaivas,1.3333333333333333,6.0,5.0,29.0,,73.0,8.0,Raider,0.8333333333333334,6.0,7.0,29.0,,72.0,8.0,Raider,1.1666666666666667,6.0,1.0,29.0,,157.0,8.0,Raider,0.1666666666666666,6.0,1.0,29.0,,156.0,8.0,Raider,0.1666666666666666,6.0,0.17,29.0,,149.0,8.0,Raider,0.0283333333333333,6.0,1.0,29.0,,67.0,8.0,Raider,0.1666666666666666,,,,,,,,,,,,,,,,,,,,,,,,,,,,,,,,
187,4964,Mohit,20,24,29,,CHE,94,0,Defender - Left Cover,Tamil Thalaivas,1.2,,,,,,,,,,,,,,,,,20.0,23.0,29.0,,43.0,0.0,Defender - Left Cover,1.15,20.0,24.0,29.0,,44.0,0.0,Defender - Left Cover,1.2,20.0,1.2,29.0,,53.0,0.0,Defender - Left Cover,0.06,,,,,,,,,,,,,,,,,20.0,1.0,29.0,,58.0,0.0,Defender - Left Cover,0.05,,,,,,,,,,,,,,,,
188,4965,Sahil Gulia,18,30,29,,CHE,84,0,Defender - Left Corner,Tamil Thalaivas,1.6666666666666667,,,,,,,,,,,,,,,,,18.0,30.0,29.0,,32.0,0.0,Defender - Left Corner,1.6666666666666667,18.0,30.0,29.0,,39.0,0.0,Defender - Left Corner,1.6666666666666667,18.0,1.67,29.0,,37.0,0.0,Defender - Left Corner,0.0927777777777777,,,,,,,,,,,,,,,,,,,,,,,,,,,,,,,,,,,,,,,,
189,4966,Muhammed Shihas,8,16,8,,HYD,110,0,Defender - Left Corner,Telugu Titans,2.0,8.0,1.0,8.0,,108.0,0.0,Defender - Left Corner,0.125,8.0,2.0,8.0,,103.0,0.0,Defender - Left Corner,0.25,8.0,11.0,8.0,,66.0,0.0,Defender - Left Corner,1.375,8.0,14.0,8.0,,62.0,0.0,Defender - Left Corner,1.75,8.0,1.75,8.0,,34.0,0.0,Defender - Left Corner,0.21875,,,,,,,,,,,,,,,,,8.0,3.0,8.0,,19.0,0.0,Defender - Left Corner,0.375,,,,,,,,,8.0,2.0,8.0,,24.0,0.0,Defender - Left Corner,0.25
190,4967,Palla Ramakrishna,1,1,8,,HYD,188,0,Defender - Left Cover,Telugu Titans,1.0,,,,,,,,,,,,,,,,,1.0,1.0,8.0,,158.0,0.0,Defender - Left Cover,1.0,1.0,1.0,8.0,,157.0,0.0,Defender - Left Cover,1.0,1.0,1.0,8.0,,67.0,0.0,Defender - Left Cover,1.0,,,,,,,,,,,,,,,,,,,,,,,,,,,,,,,,,,,,,,,,
191,4968,Kamlesh,2,4,5,,MUM,158,8,Raider,U Mumba,2.0,2.0,1.0,5.0,,109.0,8.0,Raider,0.5,2.0,4.0,5.0,,84.0,8.0,Raider,2.0,,,,,,,,,,,,,,,,,,,,,,,,,2.0,1.0,5.0,,68.0,8.0,Raider,0.5,,,,,,,,,,,,,,,,,,,,,,,,,,,,,,,,
192,4969,Prince,3,1,5,,MUM,187,0,Defender - Left Cover,U Mumba,0.3333333333333333,,,,,,,,,,,,,,,,,3.0,1.0,5.0,,159.0,0.0,Defender - Left Cover,0.3333333333333333,3.0,1.0,5.0,,158.0,0.0,Defender - Left Cover,0.3333333333333333,3.0,0.33,5.0,,133.0,0.0,Defender - Left Cover,0.11,,,,,,,,,,,,,,,,,,,,,,,,,,,,,,,,,,,,,,,,
193,4970,Shivam,15,37,5,,MUM,75,8,Raider,U Mumba,2.466666666666667,15.0,25.0,5.0,,44.0,8.0,Raider,1.6666666666666667,15.0,32.0,5.0,,45.0,8.0,Raider,2.1333333333333333,15.0,3.0,5.0,,108.0,8.0,Raider,0.2,15.0,5.0,5.0,,104.0,8.0,Raider,0.3333333333333333,15.0,0.33,5.0,,134.0,8.0,Raider,0.022,15.0,6.0,5.0,,39.0,8.0,Raider,0.4,,,,,,,,,15.0,2.0,5.0,,52.0,8.0,Raider,0.1333333333333333,,,,,,,,,,,,,,,,
194,4971,Aman,1,1,30,,U.P.,190,8,Raider,U.P. Yoddhas,1.0,,,,,,,,,,,,,,,,,1.0,1.0,30.0,,156.0,8.0,Raider,1.0,1.0,1.0,30.0,,161.0,8.0,Raider,1.0,1.0,1.0,30.0,,68.0,8.0,Raider,1.0,,,,,,,,,,,,,,,,,,,,,,,,,,,,,,,,,,,,,,,,
195,4972,Aman,23,54,1,,BLR,50,0,Defender - Left Corner,Bengaluru Bulls,2.347826086956522,,,,,,,,,23.0,1.0,1.0,,121.0,0.0,Defender - Left Corner,0.0434782608695652,23.0,51.0,1.0,,11.0,0.0,Defender - Left Corner,2.217391304347826,23.0,53.0,1.0,,13.0,0.0,Defender - Left Corner,2.3043478260869565,23.0,2.3,1.0,,18.0,0.0,Defender - Left Corner,0.0999999999999999,,,,,,,,,,,,,,,,,23.0,2.0,1.0,,53.0,0.0,Defender - Left Corner,0.0869565217391304,,,,,,,,,23.0,1.0,1.0,,26.0,0.0,Defender - Left Corner,0.0434782608695652
196,4977,Ankit,4,4,28,,HAR,159,0,Defender - Right Corner,Haryana Steelers,1.0,,,,,,,,,,,,,,,,,4.0,4.0,28.0,,107.0,0.0,Defender - Right Corner,1.0,4.0,4.0,28.0,,105.0,0.0,Defender - Right Corner,1.0,4.0,1.0,28.0,,69.0,0.0,Defender - Right Corner,0.25,,,,,,,,,,,,,,,,,,,,,,,,,,,,,,,,,,,,,,,,
197,4978,Balaji D,1,1,6,,PAT,189,0,All-Rounder,Patna Pirates,1.0,,,,,,,,,,,,,,,,,1.0,1.0,6.0,,161.0,0.0,All-Rounder,1.0,1.0,1.0,6.0,,160.0,0.0,All-Rounder,1.0,1.0,1.0,6.0,,70.0,0.0,All-Rounder,1.0,,,,,,,,,,,,,,,,,,,,,,,,,,,,,,,,,,,,,,,,
