Unique_ID,season,team_id,Team,player_id_copy_backup,Defender Name,Total Tackles,Successful Tackles,Defender Success rate,,,,,,,,,
team_id_4|5|Surjeet Singh,5,4,Bengal Warriors,322,Surjeet Singh,142,72,51%,,Maninder Singh,143,,,,,Bengaluru Bulls,1
team_id_4|5|Ran Singh,5,4,Bengal Warriors,160,Ran Singh,103,49,48%,,Jang Kun Lee,12,,,,,Dabang Delhi,2
team_id_4|5|Shrikant Tewthia,5,4,Bengal Warriors,107,Shrikant Tewthia,91,31,34%,,Deepak Narwal,211,,,,,Jaipur Pink Panthers,3
team_id_4|5|Vinod Kumar,5,4,Bengal Warriors,387,Vinod Kumar,27,8,30%,,Surjeet Singh,322,,,,,Bengal Warriors,4
team_id_4|5|Rahul Kumar,5,4,Bengal Warriors,288,Rahul Kumar,25,6,24%,,Ran Singh,160,,,,,U Mumba,5
team_id_4|5|Young Chang Ko,5,4,Bengal Warriors,519,Young Chang Ko,23,2,9%,,Vinod Kumar,387,,,,,Patna Pirates,6
team_id_4|5|Vikash,5,4,Bengal Warriors,741,Vikash ,11,5,45%,,Shrikant Tewthia,107,s5_beng,,,,Puneri Paltan,7
team_id_4|5|Shashank Wankhede,5,4,Bengal Warriors,279,Shashank Wankhede,11,2,18%,,Bhupender Singh,34,,,,,Telugu Titans,8
team_id_4|5|Jang Kun Lee,5,4,Bengal Warriors,12,Jang Kun Lee,11,0,0%,,Virender Singh,313,,,,,Haryana Steelers,28
team_id_4|5|Maninder Singh,5,4,Bengal Warriors,143,Maninder Singh,10,2,20%,,Rahul Kumar,288,,,,,Tamil Thalaivas,29
team_id_4|5|Deepak Narwal,5,4,Bengal Warriors,211,Deepak Narwal,9,2,22%,,Vikash ,741,,,,,U.P. Yoddha,30
team_id_4|5|Kuldeep,5,4,Bengal Warriors,392,Kuldeep,4,2,50%,,Shashank Wankhede,279,,,,,Gujarat Giants,31
team_id_4|5|Bhupender Singh,5,4,Bengal Warriors,34,Bhupender Singh,4,0,0%,,Young Chang Ko,519,,,,,,
team_id_4|5|Sandeep Malik,5,4,Bengal Warriors,#N/A,Sandeep Malik,3,0,0%,,Ravindra Kumavat,3094,,,,,,
team_id_1|5|Mahender Singh,5,1,Bengaluru Bulls,769,Mahender Singh,112,56,50%,,Kuldeep,392,,,,,,
team_id_1|5|Ravinder Pahal,5,1,Bengaluru Bulls,157,Ravinder Pahal,105,49,47%,,Anil Kumar,765,,,,,,
team_id_1|5|Kuldeep Singh,5,1,Bengaluru Bulls,61,Kuldeep Singh,62,30,48%,,,,,,,,,
team_id_1|5|Ashish Kumar,5,1,Bengaluru Bulls,#N/A,Ashish Kumar,40,13,33%,,Rohit Kumar,326,,,,,,
team_id_1|5|Sunil Jaipal,5,1,Bengaluru Bulls,141,Sunil Jaipal,27,12,44%,,Ajay Kumar,389,,,,,,
team_id_1|5|Rohit Kumar,5,1,Bengaluru Bulls,326,Rohit Kumar,23,11,48%,,Mahender Singh,769,,,,,,
team_id_1|5|Sachin Kumar,5,1,Bengaluru Bulls,218,Sachin Kumar,20,6,30%,,Ravinder Pahal,157,,,,,,
team_id_1|5|Gurvinder Singh,5,1,Bengaluru Bulls,46,Gurvinder Singh,17,6,35%,,Kuldeep Singh,61,s5_bulls,,,,,
team_id_1|5|Preetam Chhillar,5,1,Bengaluru Bulls,167,Preetam Chhillar,16,4,25%,,Ashish Sangwan,202,,,,,,
team_id_1|5|Pardeep Kandola,5,1,Bengaluru Bulls,#N/A,Pardeep Kandola,9,0,0%,,Sunil Jaipal,141,,,,,,
team_id_1|5|Amit Sheoran,5,1,Bengaluru Bulls,#N/A,Amit Sheoran,6,0,0%,,GURVINDER SINGH,46,,,,,,
team_id_1|5|Harish Naik,5,1,Bengaluru Bulls,3091,Harish Naik,4,0,0%,,Harish Naik,3091,,,,,,
team_id_1|5|Ajay Kumar,5,1,Bengaluru Bulls,389,Ajay Kumar,4,0,0%,,Preetam Chhillar,167,,,,,,
team_id_2|5|Sunil,5,2,Dabang Delhi,207,Sunil,61,24,39%,,Sachin Kumar,218,,,,,,
team_id_2|5|Nilesh Shinde,5,2,Dabang Delhi,73,Nilesh Shinde,51,19,37%,,Rohit,3066,,,,,,
team_id_2|5|Vishnu Landge,5,2,Dabang Delhi,784,Vishnu Landge,46,16,35%,,,,,,,,,
team_id_2|5|Satpal,5,2,Dabang Delhi,773,Satpal,42,22,52%,,Meraj Sheykh,251,,,,,,
team_id_2|5|Bajirao Hodage,5,2,Dabang Delhi,164,Bajirao Hodage,39,11,28%,,Abolfazel Maghsodlo,300,,,,,,
team_id_2|5|Swapnil Shinde,5,2,Dabang Delhi,170,Swapnil Shinde,38,13,34%,,Rohit Baliyan,261,,,,,,
team_id_2|5|Meraj Sheykh,5,2,Dabang Delhi,251,Meraj Sheykh,31,8,26%,,R. Sriram,718,,,,,,1
team_id_2|5|Yatharth,5,2,Dabang Delhi,736,Yatharth ,24,11,46%,,Anand Patil,576,s5_del,,,,,2
team_id_2|5|Rohit Baliyan,5,2,Dabang Delhi,261,Rohit Baliyan,24,9,38%,,Satpal,773,,,,,,3
team_id_2|5|Vishal,5,2,Dabang Delhi,3159,Vishal,20,6,30%,,Sunil,207,,,,,,4
team_id_2|5|Tapas Pal,5,2,Dabang Delhi,661,Tapas Pal,15,9,60%,,Nilesh Shinde,73,,,,,,5
team_id_2|5|Abolfazel Maghsodlo,5,2,Dabang Delhi,300,Abolfazel Maghsodlo,13,5,38%,,Vishnu Landge,784,,,,,,6
team_id_2|5|Tushar Bhoir,5,2,Dabang Delhi,792,Tushar Bhoir,12,3,25%,,Swapnil Shinde,170,,,,,,7
team_id_2|5|Ravi Dalal,5,2,Dabang Delhi,92,Ravi Dalal,7,3,43%,,Yatharth ,736,,,,,,8
team_id_2|5|R. Sriram,5,2,Dabang Delhi,718,R. Sriram,5,1,20%,,Bajirao Hodage,164,,,,,,28
team_id_2|5|Shubham Palkar,5,2,Dabang Delhi,605,Shubham Palkar,3,0,0%,,Vishal,3159,,,,,,29
team_id_2|5|Anand Patil,5,2,Dabang Delhi,576,Anand Patil,3,0,0%,,Tapas Pal,661,,,,,,30
team_id_2|5|Rupesh Tomar,5,2,Dabang Delhi,97,Rupesh Tomar,2,1,50%,,Ravi Dalal,92,,,,,,31
team_id_31|5|Abozar Mighani,5,31,Gujarat Giants,489,Abozar Mighani,113,65,58%,,Shubham Palkar,605,,,,,,
team_id_31|5|Fazel Atrachali,5,31,Gujarat Giants,259,Fazel Atrachali,95,54,57%,,Tushar Bhoir,792,,,,,,
team_id_31|5|Sunil Kumar,5,31,Gujarat Giants,368,Sunil Kumar,91,56,62%,,Suresu Kumar,173,,,,,,
team_id_31|5|Parvesh Bhainswal,5,31,Gujarat Giants,357,Parvesh Bhainswal,87,44,51%,,Rupesh Tomar,97,,,,,,
team_id_31|5|Sachin,5,31,Gujarat Giants,757,Sachin,18,13,72%,,,,,,,,,
team_id_31|5|Rohit Gulia,5,31,Gujarat Giants,3023,Rohit Gulia,17,3,18%,,Sachin,757,,,,,,
team_id_31|5|Mahendra Rajput,5,31,Gujarat Giants,163,Mahendra Rajput,13,5,38%,,Sukesh Hegde,111,,,,,,
team_id_31|5|Sukesh Hegde,5,31,Gujarat Giants,111,Sukesh Hegde,7,2,29%,,Abozar Mighani,489,,,,,,
team_id_31|5|Chandran Ranjit,5,31,Gujarat Giants,36,Chandran Ranjit,4,0,0%,,Mahendra Rajput,163,,,,,,
team_id_31|5|Manoj Kumar,5,31,Gujarat Giants,70,Manoj Kumar,3,1,33%,,Sunil Kumar,368,s5_guj,,,,,
team_id_31|5|Mahipal Narwal,5,31,Gujarat Giants,#N/A,Mahipal Narwal,3,0,0%,,Fazel Atrachali,259,,,,,,
team_id_31|5|Rakesh Narwal,5,31,Gujarat Giants,204,Rakesh Narwal,2,1,50%,,Chandran Ranjit,36,,,,,,
team_id_31|5|Vikas Kale,5,31,Gujarat Giants,#N/A,Vikas Kale,1,0,0%,,Parvesh Bhainswal,357,,,,,,
team_id_31|5|Pawan Sehrawat,5,31,Gujarat Giants,318,Pawan Sehrawat,1,1,100%,,Rohit Gulia,3023,,,,,,
team_id_31|5|C Kalai Arasan,5,31,Gujarat Giants,#N/A,C Kalai Arasan,1,0,0%,,Rakesh Narwal,204,,,,,,
team_id_28|5|Surender Nada,5,28,Haryana Steelers,146,Surender Nada,133,74,56%,,Pawan Sehrawat,318,,,,,,
team_id_28|5|Rakesh Singh Kumar,5,28,Haryana Steelers,158,Rakesh Singh Kumar,79,28,35%,,Manoj Kumar,70,,,,,,
team_id_28|5|Mohit Chhillar,5,28,Haryana Steelers,71,Mohit Chhillar,74,35,47%,,,,,,,,,
team_id_28|5|Vikas,5,28,Haryana Steelers,734,Vikas,52,24,46%,,Wazir Singh,124,,,,,,
team_id_28|5|Neeraj Kumar,5,28,Haryana Steelers,637,Neeraj Kumar,40,12,30%,,Surender Nada,146,,,,,,
team_id_28|5|Wazir Singh,5,28,Haryana Steelers,124,Wazir Singh,28,11,39%,,Prashanth Kumar Rai,155,,,,,,
team_id_28|5|Parmod Narwal,5,28,Haryana Steelers,150,Parmod Narwal,15,2,13%,,Deepak Kumar Dahiya,174,,,,,,
team_id_28|5|Kuldeep Singh,5,28,Haryana Steelers,732,Kuldeep Singh,12,6,50%,,Surjeet Singh,119,,,,,,
team_id_28|5|Surjeet Singh,5,28,Haryana Steelers,119,Surjeet Singh,10,4,40%,,Vikash Kandola,366,,,,,,
team_id_28|5|Prashanth Kumar Rai,5,28,Haryana Steelers,155,Prashanth Kumar Rai,9,1,11%,,Mohit Chhillar,71,s5_haranya,,,,,
team_id_28|5|Jeeva Gopal,5,28,Haryana Steelers,53,Jeeva Gopal,9,3,33%,,Vikas,734,,,,,,
team_id_28|5|Deepak Kumar Dahiya,5,28,Haryana Steelers,174,Deepak Kumar Dahiya,8,2,25%,,Rakesh Singh Kumar,158,,,,,,
team_id_28|5|Babu M,5,28,Haryana Steelers,726,Babu M,8,2,25%,,Neeraj Kumar,637,,,,,,
team_id_28|5|Ashish Chhokar,5,28,Haryana Steelers,195,Ashish Chhokar,7,3,43%,,Ashish Chhokar,195,,,,,,
team_id_28|5|Deepak Kumar,5,28,Haryana Steelers,275,Deepak Kumar,6,3,50%,,Kuldeep Singh,732,,,,,,
team_id_28|5|Vikash Kandola,5,28,Haryana Steelers,366,Vikash Kandola,2,0,0%,,Deepak Kumar,275,,,,,,
team_id_28|5|Mayur Shivtarkar,5,28,Haryana Steelers,3045,Mayur Shivtarkar,2,1,50%,,Mayur Shivtarkar,3045,,,,,,
team_id_28|5|Mahendra Singh Dhaka,5,28,Haryana Steelers,#N/A,Mahendra Singh Dhaka,2,0,0%,,Jeeva Gopal,53,,,,,,
team_id_3|5|Somvir Shekhar,5,3,Jaipur Pink Panthers,109,Somvir Shekhar,93,30,32%,,Parmod Narwal,150,,,,,,
team_id_3|5|Manjeet Chhillar,5,3,Jaipur Pink Panthers,69,Manjeet Chhillar,87,46,53%,,Babu M,726,,,,,,
team_id_3|5|Sidharth,5,3,Jaipur Pink Panthers,611,Sidharth ,63,24,38%,,David Mosambayi,266,,,,,,
team_id_3|5|Nitin Rawal,5,3,Jaipur Pink Panthers,3065,Nitin Rawal,51,19,37%,,,,,,,,,
team_id_3|5|Sunil Siddhgavali,5,3,Jaipur Pink Panthers,613,Sunil Siddhgavali,43,16,37%,,Pawan Kadian,156,,,,,,
team_id_3|5|Santhapanaselvam,5,3,Jaipur Pink Panthers,3076,Santhapanaselvam,30,17,57%,,Nitin Rawal,3065,,,,,,
team_id_3|5|Manoj Dhull,5,3,Jaipur Pink Panthers,233,Manoj Dhull,18,6,33%,,Tushar Patil,242,,,,,,
team_id_3|5|Jasvir Singh,5,3,Jaipur Pink Panthers,52,Jasvir Singh,14,5,36%,,Jasvir Singh,52,,,,,,
team_id_3|5|Tushar Patil,5,3,Jaipur Pink Panthers,242,Tushar Patil,12,3,25%,,Manjeet Chhillar,69,,,,,,
team_id_3|5|Pawan Kumar,5,3,Jaipur Pink Panthers,#N/A,Pawan Kumar,12,0,0%,,Sidharth ,611,s5_jaipur,,,,,
team_id_3|5|Navneet Gautam,5,3,Jaipur Pink Panthers,#N/A,Navneet Gautam,4,0,0%,,Somvir Shekhar,109,,,,,,
team_id_3|5|Ravinder Kumar,5,3,Jaipur Pink Panthers,292,Ravinder Kumar,3,1,33%,,Ajit Singh,3056,,,,,,
team_id_3|5|Rahul Choudhary,5,3,Jaipur Pink Panthers,738,Rahul Choudhary,2,1,50%,,Sunil Siddhgavali,613,,,,,,
team_id_6|5|Jaideep,5,6,Patna Pirates,579,Jaideep,149,69,46%,,Santhapanaselvam,3076,,,,,,
team_id_6|5|Vishal Mane,5,6,Patna Pirates,123,Vishal Mane,103,38,37%,,Manoj Dhull,233,,,,,,
team_id_6|5|Vijay,5,6,Patna Pirates,#N/A,Vijay,80,34,43%,,Rahul Choudhary ,738,,,,,,
team_id_6|5|Jawahar,5,6,Patna Pirates,390,Jawahar,64,26,41%,,Selvamani K,264,,,,,,
team_id_6|5|Sachin Shingade,5,6,Patna Pirates,165,Sachin Shingade,58,23,40%,,Ravinder Kumar,292,,,,,,
team_id_6|5|Manish,5,6,Patna Pirates,728,Manish,35,17,49%,,,,,,,,,
team_id_6|5|Monu Goyat,5,6,Patna Pirates,388,Monu Goyat,30,10,33%,,Pardeep Narwal,197,,,,,,
team_id_6|5|Satish,5,6,Patna Pirates,790,Satish ,20,3,15%,,Monu Goyat,388,,,,,,
team_id_6|5|Vinod Kumar,5,6,Patna Pirates,764,Vinod Kumar,19,9,47%,,Jaideep,579,,,,,,
team_id_6|5|Vikash Jaglan,5,6,Patna Pirates,121,Vikash Jaglan,8,3,38%,,Vijay Malik,3081,,,,,,
team_id_6|5|Pardeep Narwal,5,6,Patna Pirates,197,Pardeep Narwal,7,0,0%,,Vinod Kumar,764,s5_patna,,,,,
team_id_6|5|Virender Singh,5,6,Patna Pirates,#N/A,Virender Singh,4,0,0%,,Vishal Mane,123,,,,,,
team_id_6|5|Vishnu Uthaman,5,6,Patna Pirates,580,Vishnu Uthaman,1,1,100%,,Jawahar,390,,,,,,
team_id_6|5|Md. Zakir Hossain,5,6,Patna Pirates,#N/A,Md. Zakir Hossain,1,0,0%,,Sachin Shingade,165,,,,,,
team_id_6|5|Anup Kumar,5,6,Patna Pirates,#N/A,Anup Kumar,1,0,0%,,Manish,728,,,,,,
team_id_7|5|Girish Maruti Ernak,5,7,Puneri Paltan,161,Girish Maruti Ernak,105,60,57%,,Vikash Jaglan,121,,,,,,
team_id_7|5|Sandeep Narwal,5,7,Puneri Paltan,142,Sandeep Narwal,101,50,50%,,Satish ,790,,,,,,
team_id_7|5|Ravi Kumar,5,7,Puneri Paltan,240,Ravi Kumar,64,29,45%,,Vishnu Uthaman,580,,,,,,
team_id_7|5|Dharmaraj Cheralathan,5,7,Puneri Paltan,42,Dharmaraj Cheralathan,58,24,41%,,,,,,,,,
team_id_7|5|Monu,5,7,Puneri Paltan,3082,Monu,49,29,59%,,Deepak Hooda,41,,,,,,
team_id_7|5|Ziaur Rahman,5,7,Puneri Paltan,536,Ziaur Rahman,45,18,40%,,Rajesh Mondal,85,,,,,,
team_id_7|5|Deepak Hooda,5,7,Puneri Paltan,41,Deepak Hooda,33,13,39%,,Sandeep Narwal,142,,,,,,
team_id_7|5|Rinku Narwal,5,7,Puneri Paltan,3084,Rinku Narwal,32,18,56%,,Girish Maruti Ernak,161,,,,,,
team_id_7|5|Akshay Jadhav,5,7,Puneri Paltan,365,Akshay Jadhav,14,10,71%,,Monu,3082,,,,,,
team_id_7|5|Rajesh Mondal,5,7,Puneri Paltan,85,Rajesh Mondal,4,1,25%,,Ravi Kumar,240,s5_puneri,,,,,
team_id_7|5|Rohit Kumar Choudary,5,7,Puneri Paltan,217,Rohit Kumar Choudary,3,0,0%,,Dharmaraj Cheralathan,42,,,,,,
team_id_7|5|More G B,5,7,Puneri Paltan,772,More G B,3,2,67%,,Rinku Narwal,3084,,,,,,
team_id_29|5|Amit Hooda,5,29,Tamil Thalaivas,212,Amit Hooda,116,56,48%,,Suresh Kumar,771,,,,,,
team_id_29|5|Darshan J.,5,29,Tamil Thalaivas,724,Darshan J.,87,39,45%,,Akshay Jadhav,365,,,,,,
team_id_29|5|C. Arun,5,29,Tamil Thalaivas,191,C. Arun,68,31,46%,,Ziaur Rahman,536,,,,,,
team_id_29|5|D. Pradap,5,29,Tamil Thalaivas,3085,D. Pradap,43,20,47%,,More G B,772,,,,,,
team_id_29|5|Vineet Kumar,5,29,Tamil Thalaivas,#N/A,Vineet Kumar,39,14,36%,,Rohit Kumar Choudary,217,,,,,,
team_id_29|5|Ajay Thakur,5,29,Tamil Thalaivas,26,Ajay Thakur,23,9,39%,,Umesh Mhatre,272,,,,,,
team_id_29|5|Vijin Thangadurai,5,29,Tamil Thalaivas,185,Vijin Thangadurai,18,3,17%,,,,,,,,,
team_id_29|5|Anil Kumar,5,29,Tamil Thalaivas,386,Anil Kumar,14,3,21%,,Ajay Thakur,26,,,,,,
team_id_29|5|Vijay Kumar,5,29,Tamil Thalaivas,768,Vijay Kumar,12,3,25%,,K. Prapanjan,219,,,,,,
team_id_29|5|K. Prapanjan,5,29,Tamil Thalaivas,219,K. Prapanjan,12,1,8%,,Amit Hooda,212,,,,,,
team_id_29|5|Sanket Chavan,5,29,Tamil Thalaivas,360,Sanket Chavan,11,4,36%,,Darshan J.,724,,,,,,
team_id_29|5|Muruthu M,5,29,Tamil Thalaivas,776,Muruthu M,10,3,30%,,C. Arun,191,,,,,,
team_id_29|5|M. Thivakaran,5,29,Tamil Thalaivas,696,M. Thivakaran,5,2,40%,,Vineet Sharma,268,,,,,,
team_id_29|5|Dong Geon Lee,5,29,Tamil Thalaivas,522,Dong Geon Lee,3,0,0%,,D. Pradap,3085,s5_tamil,,,,,
team_id_29|5|Chan Sik Park,5,29,Tamil Thalaivas,#N/A,Chan Sik Park,3,0,0%,,Dong Geon Lee,522,,,,,,
team_id_29|5|Rajesh Manokaran,5,29,Tamil Thalaivas,#N/A,Rajesh Manokaran,2,0,0%,,M. Thivakaran,696,,,,,,
team_id_29|5|T. Prabhakaran,5,29,Tamil Thalaivas,#N/A,T. Prabhakaran,1,0,0%,,Vijay Kumar,768,,,,,,
team_id_29|5|Sujit Maharana,5,29,Tamil Thalaivas,#N/A,Sujit Maharana,1,0,0%,,Vijin Thangadurai,185,,,,,,
team_id_29|5|Bhavani Rajput,5,29,Tamil Thalaivas,660,Bhavani Rajput,1,0,0%,,Sanket Chavan,360,,,,,,
team_id_8|5|Vishal Bhardwaj,5,8,Telugu Titans,3083,Vishal Bhardwaj,133,69,52%,,Muruthu M,776,,,,,,
team_id_8|5|Rohit Rana,5,8,Telugu Titans,96,Rohit Rana,81,24,30%,,Bhavani Rajput,660,,,,,,
team_id_8|5|Sombir,5,8,Telugu Titans,3000,Sombir,80,33,41%,,Anil Kumar,386,,,,,,
team_id_8|5|Farhad Milaghardan,5,8,Telugu Titans,482,Farhad Milaghardan,50,22,44%,,Anil Kumar,311,,,,,,
team_id_8|5|Rakesh Kumar,5,8,Telugu Titans,88,Rakesh Kumar,29,15,52%,,,,,,,,,
team_id_8|5|Rahul Chaudhari,5,8,Telugu Titans,81,Rahul Chaudhari,29,10,34%,,Rahul Chaudhari,81,,,,,,
team_id_8|5|Nilesh Salunke,5,8,Telugu Titans,293,Nilesh Salunke,16,5,31%,,Nilesh Salunke,293,,,,,,
team_id_8|5|Vinod Kumar,5,8,Telugu Titans,215,Vinod Kumar,14,2,14%,,Vishal Bhardwaj,3083,,,,,,
team_id_8|5|Mohsen Maghsoudlou,5,8,Telugu Titans,567,Mohsen Maghsoudlou,14,5,36%,,Mohsen Maghsoudlou,567,,,,,,
team_id_8|5|Vikas,5,8,Telugu Titans,#N/A,Vikas,13,4,31%,,Sombir,3000,,,,,,
team_id_8|5|Elangeshwaran R,5,8,Telugu Titans,667,Elangeshwaran R,5,2,40%,,Vikas Kumar,762,,,,,,
team_id_8|5|Rakshith,5,8,Telugu Titans,3090,Rakshith,3,2,67%,,Farhad Milaghardan,482,s5_telugu,,,,,
team_id_8|5|Vinoth Kumar,5,8,Telugu Titans,172,Vinoth Kumar,1,0,0%,,Rohit Rana,96,,,,,,
team_id_8|5|Ankit Malik,5,8,Telugu Titans,#N/A,Ankit Malik,1,0,0%,,Rakesh Kumar,88,,,,,,
team_id_5|5|Surinder Singh,5,5,U Mumba,3086,Surinder Singh,148,60,41%,,Elangeshwaran R,667,,,,,,
team_id_5|5|Kuldeep Singh,5,5,U Mumba,252,Kuldeep Singh,73,25,34%,,Rakshith,3090,,,,,,
team_id_5|5|Anup Kumar,5,5,U Mumba,29,Anup Kumar,58,20,34%,,Vinoth Kumar,172,,,,,,
team_id_5|5|Hadi Oshtorak,5,5,U Mumba,249,Hadi Oshtorak,55,17,31%,,Vikrant ,746,,,,,,
team_id_5|5|Joginder Narwal,5,5,U Mumba,194,Joginder Narwal,26,9,35%,,Vinod Kumar,215,,,,,,
team_id_5|5|N. Renjith,5,5,U Mumba,710,N. Renjith,25,11,44%,,Munish ,774,,,,,,
team_id_5|5|Shrikant Jadhav,5,5,U Mumba,106,Shrikant Jadhav,21,10,48%,,,,,,,,,
team_id_5|5|Darshan Kadian,5,5,U Mumba,324,Darshan Kadian,19,4,21%,,Anup Kumar,29,,,,,,
team_id_5|5|Kashiling Adake,5,5,U Mumba,58,Kashiling Adake,15,7,47%,,Kashiling Adake,58,,,,,,
team_id_5|5|D. Suresh Kumar,5,5,U Mumba,162,D. Suresh Kumar,14,6,43%,,Shrikant Jadhav,106,,,,,,
team_id_5|5|Deepak Yadav,5,5,U Mumba,694,Deepak Yadav,12,7,58%,,Surinder Singh,3086,,,,,,
team_id_5|5|Shabeer Bappu,5,5,U Mumba,105,Shabeer Bappu,8,2,25%,,Kuldeep Singh,252,,,,,,
team_id_5|5|Subash E,5,5,U Mumba,3087,Subash E,6,2,33%,,Darshan Kadian,324,,,,,,
team_id_5|5|Nitin Madane,5,5,U Mumba,75,Nitin Madane,5,0,0%,,Shabeer Bappu,105,s5_mumba,,,,,
team_id_5|5|Shiv Om,5,5,U Mumba,#N/A,Shiv Om,3,0,0%,,Hadi Oshtorak,249,,,,,,
team_id_5|5|Dong Ju Hong,5,5,U Mumba,11,Dong Ju Hong,2,0,0%,,Nitin Madane,75,,,,,,
team_id_5|5|Yong Joo Ok,5,5,U Mumba,513,Yong Joo Ok,1,0,0%,,N. Renjith,710,,,,,,
team_id_30|5|Jeeva Kumar,5,30,U.P. Yoddha,54,Jeeva Kumar,99,38,38%,,Joginder Narwal,194,,,,,,
team_id_30|5|Nitesh Kumar,5,30,U.P. Yoddha,3088,Nitesh Kumar,83,47,57%,,D. SURESH KUMAR,162,,,,,,
team_id_30|5|Sagar Krishna,5,30,U.P. Yoddha,347,Sagar Krishna,63,29,46%,,Mohan Raman G,689,,,,,,
team_id_30|5|Rajesh Narwal,5,30,U.P. Yoddha,86,Rajesh Narwal,53,15,28%,,Deepak Yadav,694,,,,,,
team_id_30|5|Pankaj,5,30,U.P. Yoddha,3089,Pankaj,49,17,35%,,Subash E,3087,,,,,,
team_id_30|5|Nitin Tomar,5,30,U.P. Yoddha,320,Nitin Tomar,26,10,38%,,Dong Ju Hong,11,,,,,,
team_id_30|5|Mahesh Goud,5,30,U.P. Yoddha,66,Mahesh Goud,22,4,18%,,Yong Joo Ok,513,,,,,,
team_id_30|5|Santosh B.S.,5,30,U.P. Yoddha,101,Santosh B.S. ,21,8,38%,,,,,,,,,
team_id_30|5|Hadi Tajik,5,30,U.P. Yoddha,301,Hadi Tajik,21,6,29%,,Nitin Tomar,320,,,,,,
team_id_30|5|Surender Singh,5,30,U.P. Yoddha,234,Surender Singh,18,2,11%,,Rishank Devadiga,94,,,,,,
team_id_30|5|Rohit Kumar,5,30,U.P. Yoddha,712,Rohit Kumar,16,1,6%,,Surender Singh,234,,,,,,
team_id_30|5|Rishank Devadiga,5,30,U.P. Yoddha,94,Rishank Devadiga,15,3,20%,,Nitesh Kumar,3088,,,,,,
team_id_30|5|Gurvinder Singh,5,30,U.P. Yoddha,751,Gurvinder Singh,12,5,42%,,Jeeva Kumar,54,,,,,,
team_id_30|5|Sanoj Kumar,5,30,U.P. Yoddha,640,Sanoj Kumar,7,1,14%,,Mahesh Goud,66,,,,,,
team_id_30|5|Ajvender Singh,5,30,U.P. Yoddha,705,Ajvender Singh,2,1,50%,,Sagar Krishna,347,s5_up,,,,,
team_id_30|5|Sunil,5,30,U.P. Yoddha,#N/A,Sunil,1,0,0%,,Rajesh Narwal,86,,,,,,
team_id_4|6|Surjeet Singh,6,4,Bengal Warriors,322,Surjeet Singh,123,52,42%,,Pankaj,3089,,,,,,
team_id_4|6|Ran Singh,6,4,Bengal Warriors,160,Ran Singh,92,42,46%,,Santosh B.S. ,101,,,,,,
team_id_4|6|Baldev Singh,6,4,Bengal Warriors,621,Baldev Singh,63,24,38%,,Hadi Tajik,301,,,,,,
team_id_4|6|Ziaur Rahman,6,4,Bengal Warriors,536,Ziaur Rahman,42,12,29%,,Gurvinder Singh,751,,,,,,
team_id_4|6|Shrikant Tewthia,6,4,Bengal Warriors,107,Shrikant Tewthia,24,10,42%,,Gulveer Singh,647,,,,,,
team_id_4|6|Vijin Thangadurai,6,4,Bengal Warriors,185,Vijin Thangadurai,21,8,38%,,Rohit Kumar,712,,,,,,
team_id_4|6|Adarsh T,6,4,Bengal Warriors,3095,Adarsh T,21,9,43%,,Sanoj Kumar,640,,,,,,
team_id_4|6|Mahesh Goud,6,4,Bengal Warriors,66,Mahesh Goud,17,8,47%,,Ajvender Singh,705,,,,,,
team_id_4|6|Ravindra Kumavat,6,4,Bengal Warriors,3094,Ravindra Kumavat,16,6,38%,,,,,,,,,
team_id_4|6|Manoj Dhull,6,4,Bengal Warriors,233,Manoj Dhull,16,3,19%,,Maninder Singh,143,,,,,,
team_id_4|6|Amit Nagar,6,4,Bengal Warriors,371,Amit Nagar,15,6,40%,,Jang Lee,12,,,,,,
team_id_4|6|Jang Lee,6,4,Bengal Warriors,12,Jang Lee,11,2,18%,,Ran Singh,160,,,,,,
team_id_4|6|Amit Kumar,6,4,Bengal Warriors,267,Amit Kumar,8,3,38%,,Surjeet Singh,322,,,,,,
team_id_4|6|Maninder Singh,6,4,Bengal Warriors,143,Maninder Singh,6,0,0%,,Mahesh Goud,66,,,,,,
team_id_4|6|Bhupender Singh,6,4,Bengal Warriors,34,Bhupender Singh,4,2,50%,,Ravindra Kumavat,3094,s6_beng,,,,,
team_id_4|6|Rakesh Narwal,6,4,Bengal Warriors,204,Rakesh Narwal,2,1,50%,,Baldev Singh,621,,,,,,
team_id_4|6|Amaresh Mondal,6,4,Bengal Warriors,#N/A,Amaresh Mondal,2,0,0%,,Amit Nagar,371,,,,,,
team_id_1|6|Mahender Singh,6,1,Bengaluru Bulls,769,Mahender Singh,118,63,53%,,Adarsh T,3095,,,,,,
team_id_1|6|Ashish Kumar,6,1,Bengaluru Bulls,202,Ashish Kumar,82,37,45%,,Shrikant Tewthia,107,,,,,,
team_id_1|6|Amit Sheoran,6,1,Bengaluru Bulls,3115,Amit Sheoran,69,36,52%,,Bhupender Singh,34,,,,,,
team_id_1|6|Raju Choudhary,6,1,Bengaluru Bulls,87,Raju Choudhary,49,19,39%,,Ziaur Rahman,536,,,,,,
team_id_1|6|Kashiling Adake,6,1,Bengaluru Bulls,58,Kashiling Adake,45,15,33%,,Rakesh Narwal,204,,,,,,
team_id_1|6|Pawan Sehrawat,6,1,Bengaluru Bulls,318,Pawan Sehrawat,35,11,31%,,Vijin Thangadurai,185,,,,,,
team_id_1|6|Sandeep,6,1,Bengaluru Bulls,299,Sandeep ,34,13,38%,,Manoj Dhull,233,,,,,,
team_id_1|6|Rohit Kumar,6,1,Bengaluru Bulls,326,Rohit Kumar,27,9,33%,,Amit Kumar,267,,,,,,
team_id_1|6|Jasmer Gulia,6,1,Bengaluru Bulls,51,Jasmer Gulia,21,4,19%,,Mithin Kumar,2302,,,,,,
team_id_1|6|Ankit,6,1,Bengaluru Bulls,3099,Ankit ,12,3,25%,,,,,,,,,
team_id_1|6|Ajay,6,1,Bengaluru Bulls,3096,Ajay ,11,4,36%,,,,,,,,,
team_id_1|6|Sumit Singh,6,1,Bengaluru Bulls,3104,Sumit Singh,10,4,40%,,,,,,,,,
team_id_1|6|Nithesh B R,6,1,Bengaluru Bulls,74,Nithesh B R,3,1,33%,,,,,,,,,
team_id_1|6|Jawahar Vivek,6,1,Bengaluru Bulls,#N/A,Jawahar Vivek,3,0,0%,,,,,,,,,
team_id_1|6|Anand V,6,1,Bengaluru Bulls,2021,Anand V,1,0,0%,,,,,,,,,
team_id_2|6|Ravinder Pahal,6,2,Dabang Delhi,157,Ravinder Pahal,118,55,47%,,,,,,,,,
team_id_2|6|Joginder Narwal,6,2,Dabang Delhi,194,Joginder Narwal,109,47,43%,,,,,,,,,
team_id_2|6|Vishal Mane,6,2,Dabang Delhi,123,Vishal Mane,81,37,46%,,,,,,,,,
team_id_2|6|Rajesh Narwal,6,2,Dabang Delhi,86,Rajesh Narwal,41,13,32%,,,,,,,,,
team_id_2|6|Satpal,6,2,Dabang Delhi,773,Satpal ,24,10,42%,,,,,,,,,
team_id_2|6|Viraj Vishnu Landge,6,2,Dabang Delhi,784,Viraj Vishnu Landge,23,7,30%,,,,,,,,,
team_id_2|6|Vishal,6,2,Dabang Delhi,3159,Vishal ,22,7,32%,,,,,,,,,
team_id_2|6|Anil Kumar,6,2,Dabang Delhi,386,Anil Kumar,16,6,38%,,,,,,,,,
team_id_2|6|Chandran Ranjit,6,2,Dabang Delhi,36,Chandran Ranjit,15,4,27%,,,,,,,,,
team_id_2|6|Yogesh Hooda,6,2,Dabang Delhi,245,Yogesh Hooda,13,5,38%,,,,,,,,,
team_id_2|6|Meraj Sheykh,6,2,Dabang Delhi,251,Meraj Sheykh,13,3,23%,,,,,,,,,
team_id_2|6|Naveen Kumar,6,2,Dabang Delhi,2296,Naveen Kumar,12,4,33%,,,,,,,,,
team_id_2|6|Pawan Kumar,6,2,Dabang Delhi,156,Pawan Kumar,5,0,0%,,,,,,,,,
team_id_2|6|Tushar Bhoir,6,2,Dabang Delhi,#N/A,Tushar Bhoir,4,0,0%,,,,,,,,,
team_id_2|6|Tapas Pal,6,2,Dabang Delhi,3148,Tapas Pal,3,1,33%,,,,,,,,,
team_id_2|6|Shabeer Bappu,6,2,Dabang Delhi,105,Shabeer Bappu,3,0,0%,,,,,,,,,
team_id_2|6|Sumit Kumar,6,2,Dabang Delhi,#N/A,Sumit Kumar,1,0,0%,,,,,,,,,
team_id_31|6|Sunil Kumar,6,31,Gujarat Giants,368,Sunil Kumar,134,72,54%,,,,,,,,,
team_id_31|6|Parvesh Bhainswal,6,31,Gujarat Giants,357,Parvesh Bhainswal,132,82,62%,,,,,,,,,
team_id_31|6|Ruturaj Koravi,6,31,Gujarat Giants,2023,Ruturaj Koravi,119,46,39%,,,,,,,,,
team_id_31|6|Sachin Vittala,6,31,Gujarat Giants,232,Sachin Vittala,58,26,45%,,,,,,,,,
team_id_31|6|Hadi Oshtorak,6,31,Gujarat Giants,249,Hadi Oshtorak,29,12,41%,,,,,,,,,
team_id_31|6|Sachin,6,31,Gujarat Giants,757,Sachin ,19,12,63%,,,,,,,,,
team_id_31|6|Rohit Gulia,6,31,Gujarat Giants,3023,Rohit Gulia,12,3,25%,,,,,,,,,
team_id_31|6|Vikram Kandola,6,31,Gujarat Giants,2351,Vikram Kandola,8,2,25%,,,,,,,,,
team_id_31|6|Mahendra Rajput,6,31,Gujarat Giants,163,Mahendra Rajput,8,1,13%,,,,,,,,,
team_id_31|6|K.Prapanjan,6,31,Gujarat Giants,219,K.Prapanjan ,8,1,13%,,,,,,,,,
team_id_31|6|C Kalai Arasan,6,31,Gujarat Giants,#N/A,C Kalai Arasan,7,0,0%,,,,,,,,,
team_id_31|6|Amit,6,31,Gujarat Giants,3001,Amit ,6,1,17%,,,,,,,,,
team_id_31|6|Ajay Kumar,6,31,Gujarat Giants,389,Ajay Kumar,5,1,20%,,,,,,,,,
team_id_31|6|Lalit Chaudhary,6,31,Gujarat Giants,2306,Lalit Chaudhary,4,3,75%,,,,,,,,,
team_id_31|6|Anil,6,31,Gujarat Giants,#N/A,Anil,2,0,0%,,,,,,,,,
team_id_31|6|Dong Geon Lee,6,31,Gujarat Giants,522,Dong Geon Lee,1,0,0%,,,,,,,,,
team_id_28|6|Sunil,6,28,Haryana Steelers,3106,Sunil ,116,41,35%,,,,,,,,,
team_id_28|6|Kuldeep Singh,6,28,Haryana Steelers,732,Kuldeep Singh,100,46,46%,,,,,,,,,
team_id_28|6|Sachin Shingade,6,28,Haryana Steelers,165,Sachin Shingade,64,22,34%,,,,,,,,,
team_id_28|6|Mayur Shivtarkar,6,28,Haryana Steelers,3045,Mayur Shivtarkar,58,19,33%,,,,,,,,,
team_id_28|6|Parveen,6,28,Haryana Steelers,3100,Parveen ,53,19,36%,,,,,,,,,
team_id_28|6|Naveen,6,28,Haryana Steelers,2357,Naveen ,32,12,38%,,,,,,,,,
team_id_28|6|Sudhanshu Tyagi,6,28,Haryana Steelers,2328,Sudhanshu Tyagi,25,4,16%,,,,,,,,,
team_id_28|6|Monu Goyat,6,28,Haryana Steelers,388,Monu Goyat,22,4,18%,,,,,,,,,
team_id_28|6|Vikash Khandola,6,28,Haryana Steelers,366,Vikash Khandola,14,6,43%,,,,,,,,,
team_id_28|6|Surender Nada,6,28,Haryana Steelers,146,Surender Nada,6,4,67%,,,,,,,,,
team_id_28|6|Prateek,6,28,Haryana Steelers,608,Prateek ,5,2,40%,,,,,,,,,
team_id_28|6|Anand Tomar,6,28,Haryana Steelers,644,Anand Tomar,4,1,25%,,,,,,,,,
team_id_28|6|Wazir Singh,6,28,Haryana Steelers,124,Wazir Singh,2,0,0%,,,,,,,,,
team_id_28|6|Arun Kumar,6,28,Haryana Steelers,2318,Arun Kumar,1,0,0%,,,,,,,,,
team_id_3|6|Sandeep Dhull,6,3,Jaipur Pink Panthers,290,Sandeep Dhull,124,63,51%,,,,,,,,,
team_id_3|6|Sunil Siddhgavali,6,3,Jaipur Pink Panthers,613,Sunil Siddhgavali,71,30,42%,,,,,,,,,
team_id_3|6|Mohit Chhillar,6,3,Jaipur Pink Panthers,71,Mohit Chhillar,67,29,43%,,,,,,,,,
team_id_3|6|Amit Kumar,6,3,Jaipur Pink Panthers,3133,Amit Kumar,58,20,34%,,,,,,,,,
team_id_3|6|Santhapanaselvam,6,3,Jaipur Pink Panthers,3076,Santhapanaselvam ,40,12,30%,,,,,,,,,
team_id_3|6|Deepak Hooda,6,3,Jaipur Pink Panthers,41,Deepak Hooda,32,11,34%,,,,,,,,,
team_id_3|6|Anup Kumar,6,3,Jaipur Pink Panthers,29,Anup Kumar,28,12,43%,,,,,,,,,
team_id_3|6|Young Chang Ko,6,3,Jaipur Pink Panthers,519,Young Chang Ko,27,11,41%,,,,,,,,,
team_id_3|6|Bajirao Hodage,6,3,Jaipur Pink Panthers,164,Bajirao Hodage,11,1,9%,,,,,,,,,
team_id_3|6|Nitin Rawal,6,3,Jaipur Pink Panthers,3065,Nitin Rawal,10,5,50%,,,,,,,,,
team_id_3|6|Ajinkya Ashok Pawar,6,3,Jaipur Pink Panthers,3097,Ajinkya Ashok Pawar,10,3,30%,,,,,,,,,
team_id_3|6|Selvamani K,6,3,Jaipur Pink Panthers,264,Selvamani K ,7,3,43%,,,,,,,,,
team_id_3|6|Gangadhari Mallesh,6,3,Jaipur Pink Panthers,44,Gangadhari Mallesh,5,1,20%,,,,,,,,,
team_id_3|6|Lokesh Kaushik,6,3,Jaipur Pink Panthers,599,Lokesh Kaushik,3,2,67%,,,,,,,,,
team_id_3|6|Ajit Singh,6,3,Jaipur Pink Panthers,3056,Ajit Singh,2,0,0%,,,,,,,,,
team_id_3|6|N. Shiva Ramakrishna,6,3,Jaipur Pink Panthers,708,N. Shiva Ramakrishna,1,1,100%,,,,,,,,,
team_id_3|6|David Mosambayi,6,3,Jaipur Pink Panthers,266,David Mosambayi,1,0,0%,,,,,,,,,
team_id_3|6|Anand Patil,6,3,Jaipur Pink Panthers,576,Anand Patil,1,0,0%,,,,,,,,,
team_id_6|6|Jaideep,6,6,Patna Pirates,579,Jaideep ,129,55,43%,,,,,,,,,
team_id_6|6|Vikas Kale,6,6,Patna Pirates,179,Vikas Kale,105,36,34%,,,,,,,,,
team_id_6|6|Jawahar Dagar,6,6,Patna Pirates,390,Jawahar Dagar,53,17,32%,,,,,,,,,
team_id_6|6|Vijay,6,6,Patna Pirates,3081,Vijay ,41,12,29%,,,,,,,,,
team_id_6|6|Vikash Jaglan,6,6,Patna Pirates,121,Vikash Jaglan,36,17,47%,,,,,,,,,
team_id_6|6|Manjeet,6,6,Patna Pirates,763,Manjeet ,32,14,44%,,,,,,,,,
team_id_6|6|Kuldeep Singh,6,6,Patna Pirates,252,Kuldeep Singh,24,8,33%,,,,,,,,,
team_id_6|6|Ravinder Kumar,6,6,Patna Pirates,292,Ravinder Kumar,23,8,35%,,,,,,,,,
team_id_6|6|Manish,6,6,Patna Pirates,728,Manish ,22,13,59%,,,,,,,,,
team_id_6|6|Taedeok Eom,6,6,Patna Pirates,14,Taedeok Eom,12,1,8%,,,,,,,,,
team_id_6|6|Vijay Kumar,6,6,Patna Pirates,768,Vijay Kumar,10,1,10%,,,,,,,,,
team_id_6|6|Deepak Narwal,6,6,Patna Pirates,211,Deepak Narwal,8,5,63%,,,,,,,,,
team_id_6|6|Tushar Patil,6,6,Patna Pirates,242,Tushar Patil,3,0,0%,,,,,,,,,
team_id_7|6|Girish Maruti Ernak,6,7,Puneri Paltan,,Girish Maruti Ernak,107,51,48%,,,,,,,,,
team_id_7|6|Ravi Kumar,6,7,Puneri Paltan,,Ravi Kumar,89,33,37%,,,,,,,,,
team_id_7|6|Sandeep Narwal,6,7,Puneri Paltan,,Sandeep Narwal,73,34,47%,,,,,,,,,
team_id_7|6|Rinku Narwal,6,7,Puneri Paltan,,Rinku Narwal,46,21,46%,,,,,,,,,
team_id_7|6|Shubham Shinde,6,7,Puneri Paltan,,Shubham Shinde,30,10,33%,,,,,,,,,
team_id_7|6|Akshay Jadhav,6,7,Puneri Paltan,,Akshay Jadhav,27,12,44%,,,,,,,,,
team_id_7|6|Monu,6,7,Puneri Paltan,,Monu,22,10,45%,,,,,,,,,
team_id_7|6|More G B,6,7,Puneri Paltan,,More G B,21,10,48%,,,,,,,,,
team_id_7|6|Sandeep,6,7,Puneri Paltan,,Sandeep,10,2,20%,,,,,,,,,
team_id_7|6|Parvesh,6,7,Puneri Paltan,,Parvesh,10,4,40%,,,,,,,,,
team_id_7|6|Nitin Tomar,6,7,Puneri Paltan,,Nitin Tomar,9,2,22%,,,,,,,,,
team_id_7|6|Vinod Kumar,6,7,Puneri Paltan,,Vinod Kumar,6,0,0%,,,,,,,,,
team_id_7|6|Deepak Kumar Dahiya,6,7,Puneri Paltan,,Deepak Kumar Dahiya,6,2,33%,,,,,,,,,
team_id_7|6|Rajesh Mondal,6,7,Puneri Paltan,,Rajesh Mondal,2,0,0%,,,,,,,,,
team_id_7|6|Amit Kumar,6,7,Puneri Paltan,,Amit Kumar,2,0,0%,,,,,,,,,
team_id_29|6|Manjeet Chhillar,6,29,Tamil Thalaivas,69,Manjeet Chhillar,121,54,45%,,,,,,,,,
team_id_29|6|Amit Hooda,6,29,Tamil Thalaivas,212,Amit Hooda,84,46,55%,,,,,,,,,
team_id_29|6|Ponparthiban Subramanian,6,29,Tamil Thalaivas,3101,Ponparthiban Subramanian,50,16,32%,,,,,,,,,
team_id_29|6|Darshan J.,6,29,Tamil Thalaivas,724,Darshan J.,34,6,18%,,,,,,,,,
team_id_29|6|C.Arun,6,29,Tamil Thalaivas,191,C.Arun ,30,8,27%,,,,,,,,,
team_id_29|6|Sunil,6,29,Tamil Thalaivas,207,Sunil ,29,13,45%,,,,,,,,,
team_id_29|6|D. Pradap,6,29,Tamil Thalaivas,#N/A,D. Pradap,29,12,41%,,,,,,,,,
team_id_29|6|Anil Kumar,6,29,Tamil Thalaivas,765,Anil Kumar,18,8,44%,,,,,,,,,
team_id_29|6|Jasvir Singh,6,29,Tamil Thalaivas,52,Jasvir Singh,16,5,31%,,,,,,,,,
team_id_29|6|Gopu D,6,29,Tamil Thalaivas,152,Gopu D,13,5,38%,,,,,,,,,
team_id_29|6|Sukesh Hegde,6,29,Tamil Thalaivas,111,Sukesh Hegde,10,2,20%,,,,,,,,,
team_id_29|6|Athul M S,6,29,Tamil Thalaivas,376,Athul M S,10,1,10%,,,,,,,,,
team_id_29|6|Ajay Thakur,6,29,Tamil Thalaivas,26,Ajay Thakur,9,1,11%,,,,,,,,,
team_id_29|6|Vimal Raj V,6,29,Tamil Thalaivas,2335,Vimal Raj V,3,0,0%,,,,,,,,,
team_id_29|6|Surjeet Singh,6,29,Tamil Thalaivas,119,Surjeet Singh,3,0,0%,,,,,,,,,
team_id_29|6|Narender,6,29,Tamil Thalaivas,#N/A,Narender,1,1,100%,,,,,,,,,
team_id_8|6|Abozar Mighani,6,8,Telugu Titans,489,Abozar Mighani,95,47,49%,,,,,,,,,
team_id_8|6|Vishal Bharadwaj,6,8,Telugu Titans,3083,Vishal Bharadwaj,92,53,58%,,,,,,,,,
team_id_8|6|Farhad Milaghardan,6,8,Telugu Titans,482,Farhad Milaghardan,67,21,31%,,,,,,,,,
team_id_8|6|Anil Kumar,6,8,Telugu Titans,311,Anil Kumar,52,24,46%,,,,,,,,,
team_id_8|6|Mohsen Maghsoudlou,6,8,Telugu Titans,567,Mohsen Maghsoudlou,51,25,49%,,,,,,,,,
team_id_8|6|Krushna Madane,6,8,Telugu Titans,274,Krushna Madane,20,11,55%,,,,,,,,,
team_id_8|6|Rahul Chaudhari,6,8,Telugu Titans,81,Rahul Chaudhari,18,6,33%,,,,,,,,,
team_id_8|6|Nilesh Salunke,6,8,Telugu Titans,293,Nilesh Salunke,14,4,29%,,,,,,,,,
team_id_8|6|C Manoj Kumar,6,8,Telugu Titans,2274,C Manoj Kumar ,11,4,36%,,,,,,,,,
team_id_8|6|Anuj Kumar,6,8,Telugu Titans,2336,Anuj Kumar,10,4,40%,,,,,,,,,
team_id_8|6|Sombir,6,8,Telugu Titans,3000,Sombir ,8,1,13%,,,,,,,,,
team_id_8|6|Kamal Singh,6,8,Telugu Titans,2307,Kamal Singh ,5,1,20%,,,,,,,,,
team_id_8|6|Rakshith,6,8,Telugu Titans,3090,Rakshith ,3,0,0%,,,,,,,,,
team_id_8|6|Deepak,6,8,Telugu Titans,#N/A,Deepak,1,0,0%,,,,,,,,,
team_id_8|6|Armaan,6,8,Telugu Titans,2298,Armaan ,1,1,100%,,,,,,,,,
team_id_5|6|Fazel Atrachali,6,5,U Mumba,259,Fazel Atrachali,133,80,60%,,,,,,,,,
team_id_5|6|Surinder Singh,6,5,U Mumba,3086,Surinder Singh,116,61,53%,,,,,,,,,
team_id_5|6|Rohit Rana,6,5,U Mumba,96,Rohit Rana,77,37,48%,,,,,,,,,
team_id_5|6|Dharmaraj Cheralathan,6,5,U Mumba,42,Dharmaraj Cheralathan,66,39,59%,,,,,,,,,
team_id_5|6|Vinod Kumar,6,5,U Mumba,764,Vinod Kumar,40,25,63%,,,,,,,,,
team_id_5|6|Rohit Baliyan,6,5,U Mumba,261,Rohit Baliyan,33,14,42%,,,,,,,,,
team_id_5|6|Rajaguru Subramanian,6,5,U Mumba,84,Rajaguru Subramanian,20,10,50%,,,,,,,,,
team_id_5|6|Abhishek Singh,6,5,U Mumba,2028,Abhishek Singh,18,6,33%,,,,,,,,,
team_id_5|6|Siddharth Desai,6,5,U Mumba,2026,Siddharth Desai,10,3,30%,,,,,,,,,
team_id_5|6|Abolfazel Maghsodlo,6,5,U Mumba,300,Abolfazel Maghsodlo,7,2,29%,,,,,,,,,
team_id_5|6|Hadi Tajik,6,5,U Mumba,#N/A,Hadi Tajik,4,0,0%,,,,,,,,,
team_id_5|6|Darshan Kadian,6,5,U Mumba,#N/A,Darshan Kadian,2,1,50%,,,,,,,,,
team_id_5|6|E Subash,6,5,U Mumba,Subash E,E Subash,1,1,100%,,,,,,,,,
team_id_30|6|Nitesh Kumar,6,30,U.P. Yoddha,3088,Nitesh Kumar,157,93,59%,,,,,,,,,
team_id_30|6|Narender,6,30,U.P. Yoddha,778,Narender ,111,36,32%,,,,,,,,,
team_id_30|6|Sachin Kumar,6,30,U.P. Yoddha,218,Sachin Kumar,91,39,43%,,,,,,,,,
team_id_30|6|Jeeva Kumar,6,30,U.P. Yoddha,54,Jeeva Kumar,80,36,45%,,,,,,,,,
team_id_30|6|Sagar B Krishna,6,30,U.P. Yoddha,347,Sagar B Krishna,47,18,38%,,,,,,,,,
team_id_30|6|Amit,6,30,U.P. Yoddha,3126,Amit ,28,5,18%,,,,,,,,,
team_id_30|6|Rishank Devadiga,6,30,U.P. Yoddha,94,Rishank Devadiga,16,5,31%,,,,,,,,,
team_id_30|6|Shrikant Jadhav,6,30,U.P. Yoddha,106,Shrikant Jadhav,8,4,50%,,,,,,,,,
team_id_30|6|Prashanth Rai,6,30,U.P. Yoddha,155,Prashanth Rai,8,2,25%,,,,,,,,,
team_id_30|6|Azad Singh,6,30,U.P. Yoddha,2316,Azad Singh,5,2,40%,,,,,,,,,
team_id_30|6|Pankaj,6,30,U.P. Yoddha,3089,Pankaj ,3,1,33%,,,,,,,,,
team_id_30|6|Aashish Nagar,6,30,U.P. Yoddha,3093,Aashish Nagar,3,1,33%,,,,,,,,,
team_id_30|6|Bhanu Tomar,6,30,U.P. Yoddha,2278,Bhanu Tomar,2,0,0%,,,,,,,,,
team_id_30|6|Raju Lal Choudhary,6,30,U.P. Yoddha,#N/A,Raju Lal Choudhary,1,1,100%,,,,,,,,,
team_id_30|6|Amit Hooda,6,30,U.P. Yoddha,#N/A,Amit Hooda,1,0,0%,,,,,,,,,
team_id_4|7|Rinku Narwal,7,4,Bengal Warriors,3084,Rinku Narwal,128,61,48%,,,,,,,,,
team_id_4|7|Baldev Singh,7,4,Bengal Warriors,621,Baldev Singh,113,61,54%,,,,,,,,,
team_id_4|7|Jeeva Kumar,7,4,Bengal Warriors,54,Jeeva Kumar,94,39,41%,,,,,,,,,
team_id_4|7|Mohammad Esmaeil Nabi..,7,4,Bengal Warriors,#N/A,Mohammad Esmaeil Nabi..,65,29,45%,,,,,,,,,
team_id_4|7|Viraj Vishnu Landge,7,4,Bengal Warriors,784,Viraj Vishnu Landge,40,9,23%,,,,,,,,,
team_id_4|7|Mayur Shivtarkar,7,4,Bengal Warriors,3045,Mayur Shivtarkar,28,7,25%,,,,,,,,,
team_id_4|7|Adarsh T,7,4,Bengal Warriors,3095,Adarsh T,16,7,44%,,,,,,,,,
team_id_4|7|K. Prapanjan,7,4,Bengal Warriors,#N/A,K. Prapanjan,12,4,33%,,,,,,,,,
team_id_4|7|Naveen Narwal,7,4,Bengal Warriors,3220,Naveen Narwal,9,1,11%,,,,,,,,,
team_id_4|7|Maninder Singh,7,4,Bengal Warriors,143,Maninder Singh,8,0,0%,,,,,,,,,
team_id_4|7|Sukesh Hegde,7,4,Bengal Warriors,111,Sukesh Hegde,6,3,50%,,,,,,,,,
team_id_4|7|Mohammad Taghi Paein ..,7,4,Bengal Warriors,#N/A,Mohammad Taghi Paein ..,6,1,17%,,,,,,,,,
team_id_4|7|Sunil Manik Dubile,7,4,Bengal Warriors,#N/A,Sunil Manik Dubile,4,0,0%,,,,,,,,,
team_id_4|7|Vijin Thangadurai,7,4,Bengal Warriors,185,Vijin Thangadurai,2,1,50%,,,,,,,,,
team_id_4|7|Ravindra Ramesh Kumaw..,7,4,Bengal Warriors,#N/A,Ravindra Ramesh Kumaw..,2,1,50%,,,,,,,,,
team_id_4|7|Sourabh Tanaji Patil,7,4,Bengal Warriors,#N/A,Sourabh Tanaji Patil,1,0,0%,,,,,,,,,
team_id_4|7|Rakesh Narwal,7,4,Bengal Warriors,204,Rakesh Narwal,1,0,0%,,,,,,,,,
team_id_4|7|Avinash A. R.,7,4,Bengal Warriors,#N/A,Avinash A. R.,1,0,0%,,,,,,,,,
team_id_4|7|Amit,7,4,Bengal Warriors,#N/A,Amit,1,0,0%,,,,,,,,,
team_id_1|7|Mahender Singh,7,1,Bengaluru Bulls,769,Mahender Singh,110,51,46%,,,,,,,,,
team_id_1|7|Saurabh Nandal,7,1,Bengaluru Bulls,3228,Saurabh Nandal,105,50,48%,,,,,,,,,
team_id_1|7|Amit Sheoran,7,1,Bengaluru Bulls,3115,Amit Sheoran,102,49,48%,,,,,,,,,
team_id_1|7|Ankit,7,1,Bengaluru Bulls,3099,Ankit,36,9,25%,,,,,,,,,
team_id_1|7|Pawan Sehrawat,7,1,Bengaluru Bulls,#N/A,Pawan Sehrawat,33,13,39%,,,,,,,,,
team_id_1|7|Mohit Sehrawat,7,1,Bengaluru Bulls,3019,Mohit Sehrawat,31,9,29%,,,,,,,,,
team_id_1|7|Ajay,7,1,Bengaluru Bulls,3096,Ajay,22,2,9%,,,,,,,,,
team_id_1|7|Ashish Kumar,7,1,Bengaluru Bulls,202,Ashish Kumar,19,3,16%,,,,,,,,,
team_id_1|7|Vijay Kumar,7,1,Bengaluru Bulls,768,Vijay Kumar,17,4,24%,,,,,,,,,
team_id_1|7|Rohit Kumar,7,1,Bengaluru Bulls,326,Rohit Kumar,17,6,35%,,,,,,,,,
team_id_1|7|Sumit Singh,7,1,Bengaluru Bulls,3104,Sumit Singh,14,5,36%,,,,,,,,,
team_id_1|7|Banty,7,1,Bengaluru Bulls,3029,Banty,12,3,25%,,,,,,,,,
team_id_1|7|Sandeep,7,1,Bengaluru Bulls,299,Sandeep,4,1,25%,,,,,,,,,
team_id_1|7|Aman,7,1,Bengaluru Bulls,3158,Aman,3,1,33%,,,,,,,,,
team_id_1|7|Vinod Kumar,7,1,Bengaluru Bulls,#N/A,Vinod Kumar,2,0,0%,,,,,,,,,
team_id_2|7|Ravinder Pahal,7,2,Dabang Delhi,157,Ravinder Pahal,148,64,43%,,,,,,,,,
team_id_2|7|Joginder Narwal,7,2,Dabang Delhi,194,Joginder Narwal,99,45,45%,,,,,,,,,
team_id_2|7|Anil Kumar,7,2,Dabang Delhi,311,Anil Kumar,85,38,45%,,,,,,,,,
team_id_2|7|Vishal Mane,7,2,Dabang Delhi,123,Vishal Mane,73,31,42%,,,,,,,,,
team_id_2|7|Vijay,7,2,Dabang Delhi,3081,Vijay,46,14,30%,,,,,,,,,
team_id_2|7|Chandran Ranjit,7,2,Dabang Delhi,36,Chandran Ranjit,22,6,27%,,,,,,,,,
team_id_2|7|Saeid Gha?ari,7,2,Dabang Delhi,#N/A,Saeid Gha?ari,18,8,44%,,,,,,,,,
team_id_2|7|Sombir,7,2,Dabang Delhi,3000,Sombir,14,5,36%,,,,,,,,,
team_id_2|7|Sumit,7,2,Dabang Delhi,3224,Sumit,7,2,29%,,,,,,,,,
team_id_2|7|Naveen Kumar,7,2,Dabang Delhi,2296,Naveen Kumar,7,2,29%,,,,,,,,,
team_id_2|7|Satywan,7,2,Dabang Delhi,3169,Satywan,4,1,25%,,,,,,,,,
team_id_2|7|Mohit,7,2,Dabang Delhi,#N/A,Mohit,4,0,0%,,,,,,,,,
team_id_2|7|Meraj Sheykh,7,2,Dabang Delhi,251,Meraj Sheykh,4,1,25%,,,,,,,,,
team_id_2|7|Aman Kadian,7,2,Dabang Delhi,3098,Aman Kadian,4,1,25%,,,,,,,,,
team_id_2|7|Pratik Patil,7,2,Dabang Delhi,#N/A,Pratik Patil,3,0,0%,,,,,,,,,
team_id_2|7|Neeraj Narwal,7,2,Dabang Delhi,3038,Neeraj Narwal,2,1,50%,,,,,,,,,
team_id_2|7|Balram,7,2,Dabang Delhi,3222,Balram,2,0,0%,,,,,,,,,
team_id_31|7|Parvesh Bhainswal,7,31,Gujarat Giants,357,Parvesh Bhainswal,92,51,55%,,,,,,,,,
team_id_31|7|Sunil Kumar,7,31,Gujarat Giants,368,Sunil Kumar,77,39,51%,,,,,,,,,
team_id_31|7|Ruturaj Shivaji Koravi,7,31,Gujarat Giants,#N/A,Ruturaj Shivaji Koravi,53,17,32%,,,,,,,,,
team_id_31|7|Pankaj,7,31,Gujarat Giants,3089,Pankaj,53,28,53%,,,,,,,,,
team_id_31|7|More G B,7,31,Gujarat Giants,772,More G B,41,24,59%,,,,,,,,,
team_id_31|7|Ankit,7,31,Gujarat Giants,3227,Ankit,31,11,35%,,,,,,,,,
team_id_31|7|Sumit Malik,7,31,Gujarat Giants,#N/A,Sumit Malik,30,12,40%,,,,,,,,,
team_id_31|7|Rohit Gulia,7,31,Gujarat Giants,3023,Rohit Gulia,20,10,50%,,,,,,,,,
team_id_31|7|Amit Kharb,7,31,Gujarat Giants,#N/A,Amit Kharb,13,2,15%,,,,,,,,,
team_id_31|7|Vinod Kumar,7,31,Gujarat Giants,764,Vinod Kumar,9,4,44%,,,,,,,,,
team_id_31|7|Sonu Jaglan,7,31,Gujarat Giants,#N/A,Sonu Jaglan,5,3,60%,,,,,,,,,
team_id_31|7|Sachin,7,31,Gujarat Giants,757,Sachin,5,1,20%,,,,,,,,,
team_id_31|7|Lalit Chaudhary,7,31,Gujarat Giants,2306,Lalit Chaudhary,2,2,100%,,,,,,,,,
team_id_31|7|Sonu Gahlawat,7,31,Gujarat Giants,#N/A,Sonu Gahlawat,1,1,100%,,,,,,,,,
team_id_28|7|Sunil,7,28,Haryana Steelers,3106,Sunil,115,54,47%,,,,,,,,,
team_id_28|7|Vikas Kale,7,28,Haryana Steelers,179,Vikas Kale,108,39,36%,,,,,,,,,
team_id_28|7|Ravi Kumar,7,28,Haryana Steelers,240,Ravi Kumar,106,47,44%,,,,,,,,,
team_id_28|7|Dharmaraj Cheralathan,7,28,Haryana Steelers,42,Dharmaraj Cheralathan,91,41,45%,,,,,,,,,
team_id_28|7|Kuldeep Singh,7,28,Haryana Steelers,#N/A,Kuldeep Singh,35,11,31%,,,,,,,,,
team_id_28|7|Chand Singh,7,28,Haryana Steelers,3221,Chand Singh,22,6,27%,,,,,,,,,
team_id_28|7|Vinay,7,28,Haryana Steelers,3054,Vinay,15,4,27%,,,,,,,,,
team_id_28|7|Parveen,7,28,Haryana Steelers,3100,Parveen,15,3,20%,,,,,,,,,
team_id_28|7|Vikash Khandola,7,28,Haryana Steelers,366,Vikash Khandola,12,5,42%,,,,,,,,,
team_id_28|7|Naveen,7,28,Haryana Steelers,2357,Naveen,9,2,22%,,,,,,,,,
team_id_28|7|Prashanth Kumar Rai,7,28,Haryana Steelers,#N/A,Prashanth Kumar Rai,6,0,0%,,,,,,,,,
team_id_28|7|Vikram Kandola,7,28,Haryana Steelers,#N/A,Vikram Kandola,4,0,0%,,,,,,,,,
team_id_28|7|Selvamani K,7,28,Haryana Steelers,264,Selvamani K,4,2,50%,,,,,,,,,
team_id_28|7|Phonchoo Tin,7,28,Haryana Steelers,335,Phonchoo Tin,1,0,0%,,,,,,,,,
team_id_3|7|Sandeep Dhull,7,3,Jaipur Pink Panthers,290,Sandeep Dhull,140,66,47%,,,,,,,,,
team_id_3|7|Amit Hooda,7,3,Jaipur Pink Panthers,212,Amit Hooda,82,42,51%,,,,,,,,,
team_id_3|7|Vishal,7,3,Jaipur Pink Panthers,3159,Vishal,77,39,51%,,,,,,,,,
team_id_3|7|Sunil Siddhgavali,7,3,Jaipur Pink Panthers,613,Sunil Siddhgavali,41,7,17%,,,,,,,,,
team_id_3|7|Pavan T. R.,7,3,Jaipur Pink Panthers,#N/A,Pavan T. R.,33,10,30%,,,,,,,,,
team_id_3|7|Nitin Rawal,7,3,Jaipur Pink Panthers,3065,Nitin Rawal,29,15,52%,,,,,,,,,
team_id_3|7|Santhapanaselvam,7,3,Jaipur Pink Panthers,3076,Santhapanaselvam,27,13,48%,,,,,,,,,
team_id_3|7|Deepak Hooda,7,3,Jaipur Pink Panthers,41,Deepak Hooda,23,10,43%,,,,,,,,,
team_id_3|7|Nilesh Salunke,7,3,Jaipur Pink Panthers,293,Nilesh Salunke,9,3,33%,,,,,,,,,
team_id_3|7|Elavarasan A,7,3,Jaipur Pink Panthers,#N/A,Elavarasan A,8,3,38%,,,,,,,,,
team_id_3|7|Sachin Narwal,7,3,Jaipur Pink Panthers,3154,Sachin Narwal,5,1,20%,,,,,,,,,
team_id_3|7|Deepak Narwal,7,3,Jaipur Pink Panthers,211,Deepak Narwal,5,1,20%,,,,,,,,,
team_id_3|7|Sushil Gulia,7,3,Jaipur Pink Panthers,3052,Sushil Gulia,2,1,50%,,,,,,,,,
team_id_3|7|Ajinkya Ashok Pawar,7,3,Jaipur Pink Panthers,3097,Ajinkya Ashok Pawar,2,0,0%,,,,,,,,,
team_id_3|7|Milinda Chathuranga,7,3,Jaipur Pink Panthers,#N/A,Milinda Chathuranga,1,0,0%,,,,,,,,,
team_id_3|7|Lokesh Kaushik,7,3,Jaipur Pink Panthers,599,Lokesh Kaushik,1,0,0%,,,,,,,,,
team_id_3|7|Karamvir,7,3,Jaipur Pink Panthers,#N/A,Karamvir,1,0,0%,,,,,,,,,
team_id_6|7|Neeraj Kumar,7,6,Patna Pirates,3107,Neeraj Kumar,121,54,45%,,,,,,,,,
team_id_6|7|Jaideep,7,6,Patna Pirates,579,Jaideep,111,49,44%,,,,,,,,,
team_id_6|7|Hadi Oshtorak,7,6,Patna Pirates,249,Hadi Oshtorak,85,33,39%,,,,,,,,,
team_id_6|7|Vikas Jaglan,7,6,Patna Pirates,#N/A,Vikas Jaglan,61,23,38%,,,,,,,,,
team_id_6|7|Monu,7,6,Patna Pirates,3082,Monu,40,19,48%,,,,,,,,,
team_id_6|7|Mohammad Esmaeil Mag..,7,6,Patna Pirates,#N/A,Mohammad Esmaeil Mag..,25,10,40%,,,,,,,,,
team_id_6|7|Jawahar Dagar,7,6,Patna Pirates,390,Jawahar Dagar,15,5,33%,,,,,,,,,
team_id_6|7|Jang Kun Lee,7,6,Patna Pirates,#N/A,Jang Kun Lee,11,2,18%,,,,,,,,,
team_id_6|7|Ravinder,7,6,Patna Pirates,3208,Ravinder,8,2,25%,,,,,,,,,
team_id_6|7|Pardeep Narwal,7,6,Patna Pirates,197,Pardeep Narwal,3,1,33%,,,,,,,,,
team_id_6|7|Ashish,7,6,Patna Pirates,3028,Ashish,2,0,0%,,,,,,,,,
team_id_6|7|Purna Singh,7,6,Patna Pirates,3075,Purna Singh,1,0,0%,,,,,,,,,
team_id_6|7|Amit Kumar,7,6,Patna Pirates,#N/A,Amit Kumar,1,0,0%,,,,,,,,,
team_id_7|7|Surjeet Singh,7,7,Puneri Paltan,322,Surjeet Singh,120,57,48%,,,,,,,,,
team_id_7|7|Girish Maruti Ernak,7,7,Puneri Paltan,161,Girish Maruti Ernak,82,31,38%,,,,,,,,,
team_id_7|7|Jadhav Balasaheb Shahaji,7,7,Puneri Paltan,#N/A,Jadhav Balasaheb Shahaji,66,30,45%,,,,,,,,,
team_id_7|7|Manjeet,7,7,Puneri Paltan,763,Manjeet,55,27,49%,,,,,,,,,
team_id_7|7|Amit Kumar,7,7,Puneri Paltan,3110,Amit Kumar,55,27,49%,,,,,,,,,
team_id_7|7|Shubham Shinde,7,7,Puneri Paltan,3103,Shubham Shinde,38,15,39%,,,,,,,,,
team_id_7|7|Sagar Krishna,7,7,Puneri Paltan,#N/A,Sagar Krishna,34,12,35%,,,,,,,,,
team_id_7|7|Hadi Tajik,7,7,Puneri Paltan,301,Hadi Tajik,32,15,47%,,,,,,,,,
team_id_7|7|Nitin Tomar,7,7,Puneri Paltan,320,Nitin Tomar,31,7,23%,,,,,,,,,
team_id_7|7|Sanket Sawant,7,7,Puneri Paltan,3234,Sanket Sawant,15,7,47%,,,,,,,,,
team_id_7|7|Pankaj Mohite,7,7,Puneri Paltan,3233,Pankaj Mohite,12,3,25%,,,,,,,,,
team_id_7|7|Darshan Kadian,7,7,Puneri Paltan,#N/A,Darshan Kadian,11,1,9%,,,,,,,,,
team_id_7|7|Sushant Sail,7,7,Puneri Paltan,3235,Sushant Sail,7,3,43%,,,,,,,,,
team_id_7|7|Sandeep,7,7,Puneri Paltan,3102,Sandeep,5,2,40%,,,,,,,,,
team_id_7|7|Deepak Yadav,7,7,Puneri Paltan,#N/A,Deepak Yadav,5,0,0%,,,,,,,,,
team_id_7|7|Emad Sedaghatnia,7,7,Puneri Paltan,3179,Emad Sedaghatnia,3,0,0%,,,,,,,,,
team_id_7|7|Pawan Kumar,7,7,Puneri Paltan,156,Pawan Kumar,2,0,0%,,,,,,,,,
team_id_7|7|R. Sriram,7,7,Puneri Paltan,#N/A,R. Sriram,1,0,0%,,,,,,,,,
team_id_29|7|Manjeet Chhillar,7,29,Tamil Thalaivas,69,Manjeet Chhillar,78,35,45%,,,,,,,,,
team_id_29|7|Mohit Chhillar,7,29,Tamil Thalaivas,71,Mohit Chhillar,77,34,44%,,,,,,,,,
team_id_29|7|Ran Singh,7,29,Tamil Thalaivas,160,Ran Singh,74,33,45%,,,,,,,,,
team_id_29|7|Ajeet,7,29,Tamil Thalaivas,3111,Ajeet,51,14,27%,,,,,,,,,
team_id_29|7|M. Abishek,7,29,Tamil Thalaivas,3014,M. Abishek,40,14,35%,,,,,,,,,
team_id_29|7|Sagar,7,29,Tamil Thalaivas,3236,Sagar,37,19,51%,,,,,,,,,
team_id_29|7|Rahul Chaudhari,7,29,Tamil Thalaivas,81,Rahul Chaudhari,26,8,31%,,,,,,,,,
team_id_29|7|Vineet Kumar,7,29,Tamil Thalaivas,#N/A,Vineet Kumar,20,9,45%,,,,,,,,,
team_id_29|7|Shabeer Bappu,7,29,Tamil Thalaivas,105,Shabeer Bappu,18,6,33%,,,,,,,,,
team_id_29|7|Ponparthiban Subramani..,7,29,Tamil Thalaivas,#N/A,Ponparthiban Subramani..,14,4,29%,,,,,,,,,
team_id_29|7|V. Ajith Kumar,7,29,Tamil Thalaivas,#N/A,V. Ajith Kumar,8,0,0%,,,,,,,,,
team_id_29|7|Victor Obiero,7,29,Tamil Thalaivas,#N/A,Victor Obiero,7,2,29%,,,,,,,,,
team_id_29|7|Hemant Chauhan,7,29,Tamil Thalaivas,3073,Hemant Chauhan,7,1,14%,,,,,,,,,
team_id_29|7|Himanshu,7,29,Tamil Thalaivas,3161,Himanshu,6,2,33%,,,,,,,,,
team_id_29|7|Ajay Thakur,7,29,Tamil Thalaivas,26,Ajay Thakur,5,0,0%,,,,,,,,,
team_id_29|7|Anand,7,29,Tamil Thalaivas,2325,Anand,2,0,0%,,,,,,,,,
team_id_29|7|Yashwant Bishnoi,7,29,Tamil Thalaivas,2282,Yashwant Bishnoi,1,0,0%,,,,,,,,,
team_id_8|7|Vishal Bhardwaj,7,8,Telugu Titans,#N/A,Vishal Bhardwaj,114,53,46%,,,,,,,,,
team_id_8|7|Abozar Mighani,7,8,Telugu Titans,489,Abozar Mighani,83,37,45%,,,,,,,,,
team_id_8|7|Farhad Milaghardan,7,8,Telugu Titans,482,Farhad Milaghardan,76,31,41%,,,,,,,,,
team_id_8|7|C. Arun,7,8,Telugu Titans,#N/A,C. Arun,59,22,37%,,,,,,,,,
team_id_8|7|Krushna Madane,7,8,Telugu Titans,274,Krushna Madane,33,15,45%,,,,,,,,,
team_id_8|7|Aakash Dattu Arsul,7,8,Telugu Titans,#N/A,Aakash Dattu Arsul,25,8,32%,,,,,,,,,
team_id_8|7|Akash Choudhary,7,8,Telugu Titans,3004,Akash Choudhary,24,7,29%,,,,,,,,,
team_id_8|7|Rakesh Gowda,7,8,Telugu Titans,3046,Rakesh Gowda,21,8,38%,,,,,,,,,
team_id_8|7|Amit Kumar,7,8,Telugu Titans,267,Amit Kumar,20,8,40%,,,,,,,,,
team_id_8|7|Manish,7,8,Telugu Titans,3167,Manish,8,2,25%,,,,,,,,,
team_id_8|7|Siddharth Sirish Desai,7,8,Telugu Titans,#N/A,Siddharth Sirish Desai,7,3,43%,,,,,,,,,
team_id_8|7|Suraj Desai,7,8,Telugu Titans,3058,Suraj Desai,6,1,17%,,,,,,,,,
team_id_8|7|Armaan,7,8,Telugu Titans,2298,Armaan,5,1,20%,,,,,,,,,
team_id_8|7|Rajnish,7,8,Telugu Titans,2290,Rajnish,4,2,50%,,,,,,,,,
team_id_8|7|Kamal Singh,7,8,Telugu Titans,2307,Kamal Singh,4,2,50%,,,,,,,,,
team_id_8|7|Ankit Beniwal,7,8,Telugu Titans,2322,Ankit Beniwal,4,1,25%,,,,,,,,,
team_id_8|7|Palle Mallikarjun,7,8,Telugu Titans,3062,Palle Mallikarjun,2,1,50%,,,,,,,,,
team_id_5|7|Fazel Atrachali,7,5,U Mumba,259,Fazel Atrachali,139,78,56%,,,,,,,,,
team_id_5|7|Surender Singh,7,5,U Mumba,#N/A,Surender Singh,126,55,44%,,,,,,,,,
team_id_5|7|Sandeep Narwal,7,5,U Mumba,142,Sandeep Narwal,98,51,52%,,,,,,,,,
team_id_5|7|Harendra Kumar,7,5,U Mumba,3138,Harendra Kumar,55,19,35%,,,,,,,,,
team_id_5|7|Young Chang Ko,7,5,U Mumba,519,Young Chang Ko,23,8,35%,,,,,,,,,
team_id_5|7|Abhishek Singh,7,5,U Mumba,2028,Abhishek Singh,13,2,15%,,,,,,,,,
team_id_5|7|Rohit Baliyan,7,5,U Mumba,261,Rohit Baliyan,12,3,25%,,,,,,,,,
team_id_5|7|Rajaguru Subramanian,7,5,U Mumba,84,Rajaguru Subramanian,7,3,43%,,,,,,,,,
team_id_5|7|Harsh Vardhan,7,5,U Mumba,#N/A,Harsh Vardhan,5,0,0%,,,,,,,,,
team_id_5|7|Athul MS,7,5,U Mumba,#N/A,Athul MS,4,0,0%,,,,,,,,,
team_id_5|7|Arjun Deshwal,7,5,U Mumba,2024,Arjun Deshwal,4,2,50%,,,,,,,,,
team_id_5|7|Mohit Balyan,7,5,U Mumba,2320,Mohit Balyan,3,1,33%,,,,,,,,,
team_id_5|7|Anil,7,5,U Mumba,2345,Anil,3,0,0%,,,,,,,,,
team_id_5|7|Ajinkya Rohidas Kapre,7,5,U Mumba,#N/A,Ajinkya Rohidas Kapre,3,1,33%,,,,,,,,,
team_id_5|7|Vinoth Kumar,7,5,U Mumba,#N/A,Vinoth Kumar,1,0,0%,,,,,,,,,
team_id_30|7|Sumit,7,30,U.P. Yoddha,3240,Sumit,141,76,54%,,,,,,,,,
team_id_30|7|Nitesh Kumar,7,30,U.P. Yoddha,3088,Nitesh Kumar,120,69,58%,,,,,,,,,
team_id_30|7|Ashu Singh,7,30,U.P. Yoddha,3239,Ashu Singh,90,41,46%,,,,,,,,,
team_id_30|7|Amit,7,30,U.P. Yoddha,3126,Amit,68,30,44%,,,,,,,,,
team_id_30|7|Sachin Kumar,7,30,U.P. Yoddha,218,Sachin Kumar,16,6,38%,,,,,,,,,
team_id_30|7|Surender Gill,7,30,U.P. Yoddha,3241,Surender Gill,13,8,62%,,,,,,,,,
team_id_30|7|Shrikant Jadhav,7,30,U.P. Yoddha,106,Shrikant Jadhav,11,4,36%,,,,,,,,,
team_id_30|7|Monu Goyat,7,30,U.P. Yoddha,388,Monu Goyat,11,3,27%,,,,,,,,,
team_id_30|7|Gurdeep,7,30,U.P. Yoddha,2041,Gurdeep,10,4,40%,,,,,,,,,
team_id_30|7|Mohsen Maghsoudlou,7,30,U.P. Yoddha,567,Mohsen Maghsoudlou,8,2,25%,,,,,,,,,
team_id_30|7|Rishank Devadiga,7,30,U.P. Yoddha,94,Rishank Devadiga,7,2,29%,,,,,,,,,
team_id_30|7|Narender,7,30,U.P. Yoddha,#N/A,Narender,5,0,0%,,,,,,,,,
team_id_30|7|Surender Singh,7,30,U.P. Yoddha,234,Surender Singh,4,1,25%,,,,,,,,,
team_id_30|7|Azad Singh,7,30,U.P. Yoddha,2316,Azad Singh,1,0,0%,,,,,,,,,
team_id_30|7|Ankush,7,30,U.P. Yoddha,3027,Ankush,1,1,100%,,,,,,,,,
team_id_30|7|Aashish Nagar,7,30,U.P. Yoddha,#N/A,Aashish Nagar,1,0,0%,,,,,,,,,
team_id_4|8|Abozar Mohajermighani,8,4,Bengal Warriors,#N/A,Abozar Mohajermighani,97,42,43%,,,,,,,,,
team_id_4|8|Ran Singh,8,4,Bengal Warriors,160,Ran Singh,77,34,44%,,,,,,,,,
team_id_4|8|Amit Nirwal,8,4,Bengal Warriors,3126,Amit Nirwal,67,30,45%,,,,,,,,,
team_id_4|8|Esmaeil Nabibakhsh,8,4,Bengal Warriors,#N/A,Esmaeil Nabibakhsh,44,18,41%,,,,,,,,,
team_id_4|8|Darshan J,8,4,Bengal Warriors,#N/A,Darshan J,38,14,37%,,,,,,,,,
team_id_4|8|Vishal Mane,8,4,Bengal Warriors,123,Vishal Mane,19,5,26%,,,,,,,,,
team_id_4|8|Sachin Vittala,8,4,Bengal Warriors,232,Sachin Vittala,19,5,26%,,,,,,,,,
team_id_4|8|Rohit,8,4,Bengal Warriors,4723,Rohit,16,5,31%,,,,,,,,,
team_id_4|8|Rinku Narwal,8,4,Bengal Warriors,3084,Rinku Narwal,16,5,31%,,,,,,,,,
team_id_4|8|Vijin Thangadurai,8,4,Bengal Warriors,185,Vijin Thangadurai,12,3,25%,,,,,,,,,
team_id_4|8|Parveen Satpal,8,4,Bengal Warriors,3100,Parveen Satpal,12,1,8%,,,,,,,,,
team_id_4|8|Maninder Singh,8,4,Bengal Warriors,143,Maninder Singh,10,2,20%,,,,,,,,,
team_id_4|8|Tapas Pal,8,4,Bengal Warriors,661,Tapas Pal,5,1,20%,,,,,,,,,
team_id_4|8|Sukesh Hegde,8,4,Bengal Warriors,111,Sukesh Hegde,5,0,0%,,,,,,,,,
team_id_4|8|Ravindra Kumawat,8,4,Bengal Warriors,#N/A,Ravindra Kumawat,5,1,20%,,,,,,,,,
team_id_4|8|Manoj Gowda,8,4,Bengal Warriors,3151,Manoj Gowda,5,2,40%,,,,,,,,,
team_id_4|8|Rohit Banne,8,4,Bengal Warriors,3301,Rohit Banne,4,1,25%,,,,,,,,,
team_id_4|8|Akash Pikalmunde,8,4,Bengal Warriors,4675,Akash Pikalmunde,4,1,25%,,,,,,,,,
team_id_4|8|Rishank Devadiga,8,4,Bengal Warriors,94,Rishank Devadiga,3,0,0%,,,,,,,,,
team_id_4|8|Anand V,8,4,Bengal Warriors,2021,Anand V,2,0,0%,,,,,,,,,
team_id_1|8|Saurabh Nandal,8,1,Bengaluru Bulls,3228,Saurabh Nandal,109,63,58%,,,,,,,,,
team_id_1|8|Aman,8,1,Bengaluru Bulls,4972,Aman,104,51,49%,,,,,,,,,
team_id_1|8|Mahender Singh,8,1,Bengaluru Bulls,769,Mahender Singh,74,34,46%,,,,,,,,,
team_id_1|8|Mayur Kadam,8,1,Bengaluru Bulls,4848,Mayur Kadam,48,14,29%,,,,,,,,,
team_id_1|8|Bharat Naresh,8,1,Bengaluru Bulls,#N/A,Bharat Naresh,39,14,36%,,,,,,,,,
team_id_1|8|Pawan Sehrawat,8,1,Bengaluru Bulls,318,Pawan Sehrawat,34,13,38%,,,,,,,,,
team_id_1|8|More GB,8,1,Bengaluru Bulls,#N/A,More GB,32,15,47%,,,,,,,,,
team_id_1|8|Mohit Sehrawat,8,1,Bengaluru Bulls,3019,Mohit Sehrawat,28,9,32%,,,,,,,,,
team_id_1|8|Jaideep,8,1,Bengaluru Bulls,579,Jaideep,16,5,31%,,,,,,,,,
team_id_1|8|Chandran Ranjit,8,1,Bengaluru Bulls,36,Chandran Ranjit,14,9,64%,,,,,,,,,
team_id_1|8|Ankit,8,1,Bengaluru Bulls,3099,Ankit,12,7,58%,,,,,,,,,
team_id_1|8|Amit Sheoran,8,1,Bengaluru Bulls,3115,Amit Sheoran,11,3,27%,,,,,,,,,
team_id_1|8|Rohit Kumar,8,1,Bengaluru Bulls,4945,Rohit Kumar,3,1,33%,,,,,,,,,
team_id_1|8|Deepak Narwal,8,1,Bengaluru Bulls,211,Deepak Narwal,3,0,0%,,,,,,,,,
team_id_1|8|Rohit Sangwan,8,1,Bengaluru Bulls,#N/A,Rohit Sangwan,1,0,0%,,,,,,,,,
team_id_1|8|Dong Geon Lee,8,1,Bengaluru Bulls,522,Dong Geon Lee,1,0,0%,,,,,,,,,
team_id_1|8|Banty,8,1,Bengaluru Bulls,#N/A,Banty,1,0,0%,,,,,,,,,
team_id_2|8|Manjeet Chhillar,8,2,Dabang Delhi,69,Manjeet Chhillar,131,51,39%,,,,,,,,,
team_id_2|8|Sandeep Narwal,8,2,Dabang Delhi,142,Sandeep Narwal,90,37,41%,,,,,,,,,
team_id_2|8|Joginder Narwal,8,2,Dabang Delhi,194,Joginder Narwal,82,30,37%,,,,,,,,,
team_id_2|8|Jeeva Kumar,8,2,Dabang Delhi,54,Jeeva Kumar,76,23,30%,,,,,,,,,
team_id_2|8|Krishan Dhull,8,2,Dabang Delhi,#N/A,Krishan Dhull,60,25,42%,,,,,,,,,
team_id_2|8|Ashu Malik,8,2,Dabang Delhi,4947,Ashu Malik,18,6,33%,,,,,,,,,
team_id_2|8|Vijay Jaglan,8,2,Dabang Delhi,#N/A,Vijay Jaglan,17,6,35%,,,,,,,,,
team_id_2|8|Mohammad Malak,8,2,Dabang Delhi,4941,Mohammad Malak,9,4,44%,,,,,,,,,
team_id_2|8|Vikash Kumar D,8,2,Dabang Delhi,#N/A,Vikash Kumar D,8,2,25%,,,,,,,,,
team_id_2|8|Neeraj Narwal,8,2,Dabang Delhi,3038,Neeraj Narwal,7,2,29%,,,,,,,,,
team_id_2|8|Naveen Kumar,8,2,Dabang Delhi,2296,Naveen Kumar,6,3,50%,,,,,,,,,
team_id_2|8|Manjeet,8,2,Dabang Delhi,3965,Manjeet,5,2,40%,,,,,,,,,
team_id_2|8|Deepak Kala,8,2,Dabang Delhi,#N/A,Deepak Kala,4,0,0%,,,,,,,,,
team_id_2|8|Ajay Thakur,8,2,Dabang Delhi,26,Ajay Thakur,4,1,25%,,,,,,,,,
team_id_2|8|Vinay Kumar,8,2,Dabang Delhi,#N/A,Vinay Kumar,1,0,0%,,,,,,,,,
team_id_2|8|Sushant Sail,8,2,Dabang Delhi,3235,Sushant Sail,1,0,0%,,,,,,,,,
team_id_2|8|Surjeet Singh,8,2,Dabang Delhi,#N/A,Surjeet Singh,1,0,0%,,,,,,,,,
team_id_2|8|Sagar,8,2,Dabang Delhi,#N/A,Sagar,1,0,0%,,,,,,,,,
team_id_2|8|Balram,8,2,Dabang Delhi,3222,Balram,1,1,100%,,,,,,,,,
team_id_31|8|Unnamed,8,31,Gujarat Giants,#N/A,Unnamed,453,12,3%,,,,,,,,,
team_id_31|8|Girish Maruti Ernak,8,31,Gujarat Giants,161,Girish Maruti Ernak,111,45,41%,,,,,,,,,
team_id_31|8|Parvesh Bhainswal,8,31,Gujarat Giants,357,Parvesh Bhainswal,105,47,45%,,,,,,,,,
team_id_31|8|Sunil Kumar,8,31,Gujarat Giants,368,Sunil Kumar,83,37,45%,,,,,,,,,
team_id_31|8|Hadi Oshtorak,8,31,Gujarat Giants,249,Hadi Oshtorak,42,16,38%,,,,,,,,,
team_id_31|8|Ravinder Pahal,8,31,Gujarat Giants,157,Ravinder Pahal,36,13,36%,,,,,,,,,
team_id_31|8|Ankit,8,31,Gujarat Giants,3227,Ankit,27,8,30%,,,,,,,,,
team_id_31|8|Rakesh Narwal,8,31,Gujarat Giants,204,Rakesh Narwal,17,6,35%,,,,,,,,,
team_id_31|8|Sumit Malik,8,31,Gujarat Giants,#N/A,Sumit Malik,16,4,25%,,,,,,,,,
team_id_31|8|Pardeep Kumar,8,31,Gujarat Giants,4939,Pardeep Kumar,16,4,25%,,,,,,,,,
team_id_31|8|Mahendra Rajput,8,31,Gujarat Giants,163,Mahendra Rajput,8,4,50%,,,,,,,,,
team_id_31|8|Rathan K,8,31,Gujarat Giants,3472,Rathan K,6,3,50%,,,,,,,,,
team_id_31|8|Rakesh Sungroya,8,31,Gujarat Giants,#N/A,Rakesh Sungroya,6,0,0%,,,,,,,,,
team_id_31|8|Soleiman Pahlevani,8,31,Gujarat Giants,4929,Soleiman Pahlevani,5,1,20%,,,,,,,,,
team_id_31|8|Ajay Kumar,8,31,Gujarat Giants,389,Ajay Kumar,5,1,20%,,,,,,,,,
team_id_31|8|Harmanjit Singh,8,31,Gujarat Giants,#N/A,Harmanjit Singh,1,0,0%,,,,,,,,,
team_id_31|8|Bhuvneshwar Gaur,8,31,Gujarat Giants,2315,Bhuvneshwar Gaur,1,0,0%,,,,,,,,,
team_id_28|8|Jaideep,8,28,Haryana Steelers,4184,Jaideep,117,62,53%,,,,,,,,,
team_id_28|8|Surender Nada,8,28,Haryana Steelers,146,Surender Nada,103,42,41%,,,,,,,,,
team_id_28|8|Mohit,8,28,Haryana Steelers,4954,Mohit,76,40,53%,,,,,,,,,
team_id_28|8|Ravi Kumar,8,28,Haryana Steelers,240,Ravi Kumar,65,21,32%,,,,,,,,,
team_id_28|8|Ashish,8,28,Haryana Steelers,3028,Ashish,28,15,54%,,,,,,,,,
team_id_28|8|Rohit Gulia,8,28,Haryana Steelers,3023,Rohit Gulia,16,2,13%,,,,,,,,,
team_id_28|8|Ankit,8,28,Haryana Steelers,4977,Ankit,15,4,27%,,,,,,,,,
team_id_28|8|Akshay Kumar,8,28,Haryana Steelers,#N/A,Akshay Kumar,15,6,40%,,,,,,,,,
team_id_28|8|Vikash Kandola,8,28,Haryana Steelers,366,Vikash Kandola,14,6,43%,,,,,,,,,
team_id_28|8|Vijay Kumar,8,28,Haryana Steelers,768,Vijay Kumar,6,1,17%,,,,,,,,,
team_id_28|8|Shrikant Tewthia,8,28,Haryana Steelers,107,Shrikant Tewthia,6,1,17%,,,,,,,,,
team_id_28|8|Mohammad Esmaeil,8,28,Haryana Steelers,#N/A,Mohammad Esmaeil,6,1,17%,,,,,,,,,
team_id_28|8|Vinay,8,28,Haryana Steelers,3054,Vinay,4,1,25%,,,,,,,,,
team_id_28|8|Meetu,8,28,Haryana Steelers,4183,Meetu,3,0,0%,,,,,,,,,
team_id_28|8|Rajesh Narwal,8,28,Haryana Steelers,86,Rajesh Narwal,1,0,0%,,,,,,,,,
team_id_3|8|Sandeep Dhull,8,3,Jaipur Pink Panthers,290,Sandeep Dhull,118,52,44%,,,,,,,,,
team_id_3|8|Vishal Lather,8,3,Jaipur Pink Panthers,#N/A,Vishal Lather,100,40,40%,,,,,,,,,
team_id_3|8|Shaul Kumar,8,3,Jaipur Pink Panthers,#N/A,Shaul Kumar,94,43,46%,,,,,,,,,
team_id_3|8|Deepak Rajendar Singh,8,3,Jaipur Pink Panthers,#N/A,Deepak Rajendar Singh,55,15,27%,,,,,,,,,
team_id_3|8|Nitin Rawal,8,3,Jaipur Pink Panthers,3065,Nitin Rawal,27,12,44%,,,,,,,,,
team_id_3|8|Amit Kharb,8,3,Jaipur Pink Panthers,#N/A,Amit Kharb,26,8,31%,,,,,,,,,
team_id_3|8|Brijendra Singh Chaudha..,8,3,Jaipur Pink Panthers,#N/A,Brijendra Singh Chaudha..,17,8,47%,,,,,,,,,
team_id_3|8|Naveen,8,3,Jaipur Pink Panthers,2357,Naveen,16,7,44%,,,,,,,,,
team_id_3|8|Deepak Hooda,8,3,Jaipur Pink Panthers,41,Deepak Hooda,14,3,21%,,,,,,,,,
team_id_3|8|Pavan TR,8,3,Jaipur Pink Panthers,3021,Pavan TR,13,4,31%,,,,,,,,,
team_id_3|8|Dharmaraj Cheralathan,8,3,Jaipur Pink Panthers,42,Dharmaraj Cheralathan,11,2,18%,,,,,,,,,
team_id_3|8|Amit Nagar,8,3,Jaipur Pink Panthers,371,Amit Nagar,8,3,38%,,,,,,,,,
team_id_3|8|Amit Hooda,8,3,Jaipur Pink Panthers,212,Amit Hooda,5,2,40%,,,,,,,,,
team_id_3|8|Arjun Deshwal,8,3,Jaipur Pink Panthers,2024,Arjun Deshwal,4,1,25%,,,,,,,,,
team_id_3|8|Sachin Narwal,8,3,Jaipur Pink Panthers,3154,Sachin Narwal,2,0,0%,,,,,,,,,
team_id_3|8|Amin Nosrati,8,3,Jaipur Pink Panthers,#N/A,Amin Nosrati,2,1,50%,,,,,,,,,
team_id_6|8|Shadloui Chianeh,8,6,Patna Pirates,#N/A,Shadloui Chianeh,146,88,60%,,,,,,,,,
team_id_6|8|Neeraj Kumar,8,6,Patna Pirates,3107,Neeraj Kumar,118,52,44%,,,,,,,,,
team_id_6|8|Sunil,8,6,Patna Pirates,3106,Sunil,100,48,48%,,,,,,,,,
team_id_6|8|C Sajin,8,6,Patna Pirates,#N/A,C Sajin,64,31,48%,,,,,,,,,
team_id_6|8|Monu Goyat,8,6,Patna Pirates,388,Monu Goyat,30,15,50%,,,,,,,,,
team_id_6|8|Shubham Shinde,8,6,Patna Pirates,3103,Shubham Shinde,28,16,57%,,,,,,,,,
team_id_6|8|Monu Sandhu,8,6,Patna Pirates,#N/A,Monu Sandhu,20,9,45%,,,,,,,,,
team_id_6|8|Sachin Tanwar,8,6,Patna Pirates,#N/A,Sachin Tanwar,14,7,50%,,,,,,,,,
team_id_6|8|Sourav Gulia,8,6,Patna Pirates,3593,Sourav Gulia,10,5,50%,,,,,,,,,
team_id_6|8|Guman Singh,8,6,Patna Pirates,3032,Guman Singh,9,2,22%,,,,,,,,,
team_id_6|8|Prashanth Kumar Rai,8,6,Patna Pirates,155,Prashanth Kumar Rai,4,1,25%,,,,,,,,,
team_id_6|8|Rajveersinh Chavan,8,6,Patna Pirates,#N/A,Rajveersinh Chavan,2,0,0%,,,,,,,,,
team_id_6|8|Balaji D,8,6,Patna Pirates,4978,Balaji D,2,1,50%,,,,,,,,,
team_id_6|8|Sandeep,8,6,Patna Pirates,#N/A,Sandeep,1,0,0%,,,,,,,,,
team_id_6|8|Manuj,8,6,Patna Pirates,4693,Manuj,1,1,100%,,,,,,,,,
team_id_6|8|Daniel Omondi Odhiambo,8,6,Patna Pirates,#N/A,Daniel Omondi Odhiambo,1,0,0%,,,,,,,,,
team_id_7|8|Sombir,8,7,Puneri Paltan,3000,Sombir,107,54,50%,,,,,,,,,
team_id_7|8|Vishal Bhardwaj,8,7,Puneri Paltan,3083,Vishal Bhardwaj,95,42,44%,,,,,,,,,
team_id_7|8|Abinesh Nadarajan,8,7,Puneri Paltan,4192,Abinesh Nadarajan,85,40,47%,,,,,,,,,
team_id_7|8|Sanket Sawant,8,7,Puneri Paltan,3234,Sanket Sawant,75,26,35%,,,,,,,,,
team_id_7|8|Asalam Inamdar,8,7,Puneri Paltan,#N/A,Asalam Inamdar,49,21,43%,,,,,,,,,
team_id_7|8|Mohit Goyat,8,7,Puneri Paltan,4022,Mohit Goyat,41,25,61%,,,,,,,,,
team_id_7|8|Nitin Tomar,8,7,Puneri Paltan,320,Nitin Tomar,25,12,48%,,,,,,,,,
team_id_7|8|Karamvir,8,7,Puneri Paltan,3162,Karamvir,20,6,30%,,,,,,,,,
team_id_7|8|Baldev Singh,8,7,Puneri Paltan,621,Baldev Singh,11,5,45%,,,,,,,,,
team_id_7|8|Jadhav Shahaji,8,7,Puneri Paltan,#N/A,Jadhav Shahaji,10,2,20%,,,,,,,,,
team_id_7|8|Pankaj Mohite,8,7,Puneri Paltan,3233,Pankaj Mohite,4,1,25%,,,,,,,,,
team_id_7|8|Vishwas S,8,7,Puneri Paltan,4757,Vishwas S,1,1,100%,,,,,,,,,
team_id_7|8|Shubham Shelke,8,7,Puneri Paltan,4961,Shubham Shelke,1,0,0%,,,,,,,,,
team_id_7|8|Rahul Chaudhari,8,7,Puneri Paltan,81,Rahul Chaudhari,1,0,0%,,,,,,,,,
team_id_7|8|Hadi Tajik,8,7,Puneri Paltan,301,Hadi Tajik,1,1,100%,,,,,,,,,
team_id_7|8|Akash Shinde,8,7,Puneri Paltan,4959,Akash Shinde,1,0,0%,,,,,,,,,
team_id_29|8|Sagar,8,29,Tamil Thalaivas,3236,Sagar,134,75,56%,,,,,,,,,
team_id_29|8|Surjeet Singh,8,29,Tamil Thalaivas,322,Surjeet Singh,100,50,50%,,,,,,,,,
team_id_29|8|Sahil,8,29,Tamil Thalaivas,#N/A,Sahil,86,30,35%,,,,,,,,,
team_id_29|8|Mohit,8,29,Tamil Thalaivas,4964,Mohit,64,23,36%,,,,,,,,,
team_id_29|8|M. Abishek,8,29,Tamil Thalaivas,3014,M. Abishek,31,13,42%,,,,,,,,,
team_id_29|8|Sagar Krishna,8,29,Tamil Thalaivas,347,Sagar Krishna,24,5,21%,,,,,,,,,
team_id_29|8|Manjeet,8,29,Tamil Thalaivas,763,Manjeet,24,8,33%,,,,,,,,,
team_id_29|8|Ajinkya Pawar,8,29,Tamil Thalaivas,3097,Ajinkya Pawar,10,4,40%,,,,,,,,,
team_id_29|8|Aashish,8,29,Tamil Thalaivas,4962,Aashish,10,4,40%,,,,,,,,,
team_id_29|8|Himanshu,8,29,Tamil Thalaivas,3161,Himanshu,9,2,22%,,,,,,,,,
team_id_29|8|Athul MS,8,29,Tamil Thalaivas,376,Athul MS,5,0,0%,,,,,,,,,
team_id_29|8|Himanshu Singh,8,29,Tamil Thalaivas,4963,Himanshu Singh,4,1,25%,,,,,,,,,
team_id_29|8|Bhavani Rajput,8,29,Tamil Thalaivas,660,Bhavani Rajput,4,0,0%,,,,,,,,,
team_id_29|8|Santhapanaselvam,8,29,Tamil Thalaivas,#N/A,Santhapanaselvam,3,0,0%,,,,,,,,,
team_id_29|8|Sandaruwan Asiri,8,29,Tamil Thalaivas,#N/A,Sandaruwan Asiri,1,0,0%,,,,,,,,,
team_id_8|8|Surinder Singh,8,8,Telugu Titans,3086,Surinder Singh,100,30,30%,,,,,,,,,
team_id_8|8|Sandeep Kandola,8,8,Telugu Titans,248,Sandeep Kandola,80,40,50%,,,,,,,,,
team_id_8|8|Akash Choudhary,8,8,Telugu Titans,3004,Akash Choudhary,73,29,40%,,,,,,,,,
team_id_8|8|Ruturaj Koravi,8,8,Telugu Titans,2023,Ruturaj Koravi,37,15,41%,,,,,,,,,
team_id_8|8|Prince D,8,8,Telugu Titans,3969,Prince D,32,9,28%,,,,,,,,,
team_id_8|8|Muhammed Shihas S,8,8,Telugu Titans,#N/A,Muhammed Shihas S,31,11,35%,,,,,,,,,
team_id_8|8|C. Arun,8,8,Telugu Titans,191,C. Arun,30,9,30%,,,,,,,,,
team_id_8|8|Ankit Beniwal,8,8,Telugu Titans,2322,Ankit Beniwal,27,15,56%,,,,,,,,,
team_id_8|8|Adarsh T,8,8,Telugu Titans,3095,Adarsh T,24,9,38%,,,,,,,,,
team_id_8|8|Rohit Kumar,8,8,Telugu Titans,326,Rohit Kumar,19,6,32%,,,,,,,,,
team_id_8|8|Rajnish,8,8,Telugu Titans,2290,Rajnish,13,6,46%,,,,,,,,,
team_id_8|8|Galla Raju,8,8,Telugu Titans,3031,Galla Raju,11,7,64%,,,,,,,,,
team_id_8|8|Rakesh Gowda,8,8,Telugu Titans,3046,Rakesh Gowda,7,4,57%,,,,,,,,,
team_id_8|8|Palla Ramakrishna,8,8,Telugu Titans,4967,Palla Ramakrishna,6,1,17%,,,,,,,,,
team_id_8|8|Manish,8,8,Telugu Titans,#N/A,Manish,3,0,0%,,,,,,,,,
team_id_8|8|Siddharth Desai,8,8,Telugu Titans,2026,Siddharth Desai,1,1,100%,,,,,,,,,
team_id_8|8|Aakash Dattu Arsul,8,8,Telugu Titans,#N/A,Aakash Dattu Arsul,1,0,0%,,,,,,,,,
team_id_5|8|Fazel Atrachali,8,5,U Mumba,259,Fazel Atrachali,112,50,45%,,,,,,,,,
team_id_5|8|Rinku Hc,8,5,U Mumba,#N/A,Rinku Hc,110,53,48%,,,,,,,,,
team_id_5|8|Harendra Kumar,8,5,U Mumba,3138,Harendra Kumar,70,28,40%,,,,,,,,,
team_id_5|8|Rahul Rana,8,5,U Mumba,#N/A,Rahul Rana,66,29,44%,,,,,,,,,
team_id_5|8|Ashish Kumar,8,5,U Mumba,#N/A,Ashish Kumar,26,12,46%,,,,,,,,,
team_id_5|8|Mohsen Maghsoudlou,8,5,U Mumba,567,Mohsen Maghsoudlou,20,9,45%,,,,,,,,,
team_id_5|8|Shivam,8,5,U Mumba,4970,Shivam,13,4,31%,,,,,,,,,
team_id_5|8|Sunil Siddhgavali,8,5,U Mumba,613,Sunil Siddhgavali,10,3,30%,,,,,,,,,
team_id_5|8|Ajeet,8,5,U Mumba,3111,Ajeet,9,3,33%,,,,,,,,,
team_id_5|8|Abhishek Singh,8,5,U Mumba,2028,Abhishek Singh,8,2,25%,,,,,,,,,
team_id_5|8|Ajinkya Kapre,8,5,U Mumba,2025,Ajinkya Kapre,7,3,43%,,,,,,,,,
team_id_5|8|V. Ajith Kumar,8,5,U Mumba,#N/A,V. Ajith Kumar,3,0,0%,,,,,,,,,
team_id_5|8|Prince,8,5,U Mumba,4969,Prince,3,1,33%,,,,,,,,,
team_id_5|8|Prathap S,8,5,U Mumba,3473,Prathap S,1,0,0%,,,,,,,,,
team_id_5|8|Pankaj,8,5,U Mumba,#N/A,Pankaj,1,0,0%,,,,,,,,,
team_id_5|8|Baljinder Darshan Singh,8,5,U Mumba,#N/A,Baljinder Darshan Singh,1,0,0%,,,,,,,,,
team_id_30|8|Sumit,8,30,U.P. Yoddha,3240,Sumit,141,59,42%,,,,,,,,,
team_id_30|8|Nitesh Kumar,8,30,U.P. Yoddha,3088,Nitesh Kumar,104,53,51%,,,,,,,,,
team_id_30|8|Ashu Singh,8,30,U.P. Yoddha,3239,Ashu Singh,104,42,40%,,,,,,,,,
team_id_30|8|Shubham Kumar,8,30,U.P. Yoddha,4228,Shubham Kumar,69,27,39%,,,,,,,,,
team_id_30|8|Gurdeep,8,30,U.P. Yoddha,2041,Gurdeep,43,14,33%,,,,,,,,,
team_id_30|8|Surender Gill,8,30,U.P. Yoddha,3241,Surender Gill,19,7,37%,,,,,,,,,
team_id_30|8|Shrikant Jadhav,8,30,U.P. Yoddha,106,Shrikant Jadhav,11,5,45%,,,,,,,,,
team_id_30|8|Mohammad Taghi,8,30,U.P. Yoddha,#N/A,Mohammad Taghi,6,3,50%,,,,,,,,,
team_id_30|8|Rohit Tomar,8,30,U.P. Yoddha,4222,Rohit Tomar,5,1,20%,,,,,,,,,
team_id_30|8|Pardeep Narwal,8,30,U.P. Yoddha,197,Pardeep Narwal,4,0,0%,,,,,,,,,
team_id_30|8|Gaurav Kumar,8,30,U.P. Yoddha,3747,Gaurav Kumar,4,1,25%,,,,,,,,,
team_id_30|8|Ankit,8,30,U.P. Yoddha,4801,Ankit,4,2,50%,,,,,,,,,
team_id_30|8|Aman Hooda,8,30,U.P. Yoddha,#N/A,Aman Hooda,2,1,50%,,,,,,,,,
team_id_30|8|Aashish Nagar,8,30,U.P. Yoddha,#N/A,Aashish Nagar,2,0,0%,,,,,,,,,
team_id_30|8|Nitin Panwar,8,30,U.P. Yoddha,#N/A,Nitin Panwar,1,0,0%,,,,,,,,,
team_id_30|8|Mohit,8,30,U.P. Yoddha,#N/A,Mohit,1,0,0%,,,,,,,,,
team_id_4|9|Girish Maruti Ernak,9,4,Bengal Warriors,161,Girish Maruti Ernak,113,50,44%,,,,,,,,,
team_id_4|9|Shubham Shinde,9,4,Bengal Warriors,3103,Shubham Shinde,89,39,44%,,,,,,,,,
team_id_4|9|Vaibhav Garje,9,4,Bengal Warriors,5114,Vaibhav Garje,75,30,40%,,,,,,,,,
team_id_4|9|Balaji D,9,4,Bengal Warriors,4978,Balaji D,63,24,38%,,,,,,,,,
team_id_4|9|Surender Nada,9,4,Bengal Warriors,146,Surender Nada,33,11,33%,,,,,,,,,
team_id_4|9|Ashish Kumar,9,4,Bengal Warriors,#N/A,Ashish Kumar,23,9,39%,,,,,,,,,
team_id_4|9|Deepak Hooda,9,4,Bengal Warriors,41,Deepak Hooda,18,9,50%,,,,,,,,,
team_id_4|9|Sakthivel R,9,4,Bengal Warriors,4195,Sakthivel R,17,5,29%,,,,,,,,,
team_id_4|9|Parveen Satpal,9,4,Bengal Warriors,3100,Parveen Satpal,17,7,41%,,,,,,,,,
team_id_4|9|Manoj Gowda,9,4,Bengal Warriors,3151,Manoj Gowda,17,5,29%,,,,,,,,,
team_id_4|9|Shrikant Jadhav,9,4,Bengal Warriors,106,Shrikant Jadhav,13,6,46%,,,,,,,,,
team_id_4|9|Maninder Singh,9,4,Bengal Warriors,143,Maninder Singh,8,2,25%,,,,,,,,,
team_id_4|9|Vinod Kumar,9,4,Bengal Warriors,764,Vinod Kumar,6,0,0%,,,,,,,,,
team_id_4|9|Soleiman Pahlevani,9,4,Bengal Warriors,4929,Soleiman Pahlevani,6,1,17%,,,,,,,,,
team_id_4|9|Amit Sheoran,9,4,Bengal Warriors,3115,Amit Sheoran,6,3,50%,,,,,,,,,
team_id_4|9|Suyog Gaikar,9,4,Bengal Warriors,5115,Suyog Gaikar,3,0,0%,,,,,,,,,
team_id_4|9|Ajinkya Kapre,9,4,Bengal Warriors,2025,Ajinkya Kapre,3,3,100%,,,,,,,,,
team_id_4|9|Akash Pikalmunde,9,4,Bengal Warriors,4675,Akash Pikalmunde,1,1,100%,,,,,,,,,
team_id_1|9|Saurabh Nandal,9,1,Bengaluru Bulls,3228,Saurabh Nandal,127,65,51%,,,,,,,,,
team_id_1|9|Aman,9,1,Bengaluru Bulls,4972,Aman,114,51,45%,,,,,,,,,
team_id_1|9|Mahender Singh,9,1,Bengaluru Bulls,769,Mahender Singh,103,42,41%,,,,,,,,,
team_id_1|9|Neeraj Narwal,9,1,Bengaluru Bulls,3038,Neeraj Narwal,42,19,45%,,,,,,,,,
team_id_1|9|Mayur Kadam,9,1,Bengaluru Bulls,4848,Mayur Kadam,38,15,39%,,,,,,,,,
team_id_1|9|Ponparthiban Subramani..,9,1,Bengaluru Bulls,#N/A,Ponparthiban Subramani..,22,12,55%,,,,,,,,,
team_id_1|9|Bharat Naresh,9,1,Bengaluru Bulls,#N/A,Bharat Naresh,18,3,17%,,,,,,,,,
team_id_1|9|,9,1,Bengaluru Bulls,#N/A,,17,0,0%,,,,,,,,,
team_id_1|9|Sudhakar Krishant,9,1,Bengaluru Bulls,4849,Sudhakar Krishant,16,6,38%,,,,,,,,,
team_id_1|9|Vikash Kandola,9,1,Bengaluru Bulls,366,Vikash Kandola,13,4,31%,,,,,,,,,
team_id_1|9|Rajnesh,9,1,Bengaluru Bulls,5098,Rajnesh,10,1,10%,,,,,,,,,
team_id_1|9|Ran Singh,9,1,Bengaluru Bulls,160,Ran Singh,9,2,22%,,,,,,,,,
team_id_1|9|Narender Hooda,9,1,Bengaluru Bulls,629,Narender Hooda,9,3,33%,,,,,,,,,
team_id_1|9|Sachin Narwal,9,1,Bengaluru Bulls,3154,Sachin Narwal,6,1,17%,,,,,,,,,
team_id_1|9|More G B,9,1,Bengaluru Bulls,772,More G B,5,2,40%,,,,,,,,,
team_id_1|9|Rajesh Narwal,9,1,Bengaluru Bulls,#N/A,Rajesh Narwal,1,0,0%,,,,,,,,,
team_id_2|9|Vishal Lather,9,2,Dabang Delhi,#N/A,Vishal Lather,129,58,45%,,,,,,,,,
team_id_2|9|Krishan,9,2,Dabang Delhi,4949,Krishan,92,31,34%,,,,,,,,,
team_id_2|9|Sandeep Dhull,9,2,Dabang Delhi,290,Sandeep Dhull,71,28,39%,,,,,,,,,
team_id_2|9|Ravi Kumar,9,2,Dabang Delhi,240,Ravi Kumar,71,21,30%,,,,,,,,,
team_id_2|9|Amit Hooda,9,2,Dabang Delhi,212,Amit Hooda,56,27,48%,,,,,,,,,
team_id_2|9|Vijay,9,2,Dabang Delhi,#N/A,Vijay,53,18,34%,,,,,,,,,
team_id_2|9|Ashu Malik,9,2,Dabang Delhi,4947,Ashu Malik,34,13,38%,,,,,,,,,
team_id_2|9|Deepak,9,2,Dabang Delhi,#N/A,Deepak,25,10,40%,,,,,,,,,
team_id_2|9|Manjeet,9,2,Dabang Delhi,3965,Manjeet,20,6,30%,,,,,,,,,
team_id_2|9|,9,2,Dabang Delhi,#N/A,,17,0,0%,,,,,,,,,
team_id_2|9|Vijay Jaglan,9,2,Dabang Delhi,#N/A,Vijay Jaglan,16,6,38%,,,,,,,,,
team_id_2|9|Naveen Kumar,9,2,Dabang Delhi,2296,Naveen Kumar,11,3,27%,,,,,,,,,
team_id_2|9|Anil Kumar Narwal,9,2,Dabang Delhi,#N/A,Anil Kumar Narwal,7,3,43%,,,,,,,,,
team_id_31|9|Arkam Shaikh,9,31,Gujarat Giants,2297,Arkam Shaikh,96,37,39%,,,,,,,,,
team_id_31|9|Rinku Narwal,9,31,Gujarat Giants,3084,Rinku Narwal,89,36,40%,,,,,,,,,
team_id_31|9|Sourav Gulia,9,31,Gujarat Giants,3593,Sourav Gulia,75,35,47%,,,,,,,,,
team_id_31|9|Shankar Bhimraj Gadai,9,31,Gujarat Giants,#N/A,Shankar Bhimraj Gadai,65,21,32%,,,,,,,,,
team_id_31|9|Manuj,9,31,Gujarat Giants,4693,Manuj,30,10,33%,,,,,,,,,
team_id_31|9|Parteek Dhaiya,9,31,Gujarat Giants,#N/A,Parteek Dhaiya,26,5,19%,,,,,,,,,
team_id_31|9|Kapil,9,31,Gujarat Giants,4750,Kapil,24,9,38%,,,,,,,,,
team_id_31|9|Sandeep Kandola,9,31,Gujarat Giants,248,Sandeep Kandola,21,6,29%,,,,,,,,,
team_id_31|9|Sonu,9,31,Gujarat Giants,3128,Sonu,13,5,38%,,,,,,,,,
team_id_31|9|Baldev Singh,9,31,Gujarat Giants,621,Baldev Singh,13,2,15%,,,,,,,,,
team_id_31|9|Chandran Ranjit,9,31,Gujarat Giants,36,Chandran Ranjit,12,4,33%,,,,,,,,,
team_id_31|9|Vijin Thangadurai,9,31,Gujarat Giants,185,Vijin Thangadurai,9,1,11%,,,,,,,,,
team_id_31|9|Rakesh Sangroya,9,31,Gujarat Giants,#N/A,Rakesh Sangroya,9,2,22%,,,,,,,,,
team_id_31|9|Dong Geon Lee,9,31,Gujarat Giants,522,Dong Geon Lee,8,1,13%,,,,,,,,,
team_id_31|9|Gaurav Chhikara,9,31,Gujarat Giants,#N/A,Gaurav Chhikara,6,1,17%,,,,,,,,,
team_id_31|9|Pardeep Kumar,9,31,Gujarat Giants,4939,Pardeep Kumar,4,0,0%,,,,,,,,,
team_id_31|9|Mahendra Ganesh Rajput,9,31,Gujarat Giants,#N/A,Mahendra Ganesh Rajput,4,0,0%,,,,,,,,,
team_id_31|9|Priyank Chandel,9,31,Gujarat Giants,5132,Priyank Chandel,2,0,0%,,,,,,,,,
team_id_31|9|Sonu Singh,9,31,Gujarat Giants,#N/A,Sonu Singh,1,0,0%,,,,,,,,,
team_id_31|9|Rohan Singh,9,31,Gujarat Giants,#N/A,Rohan Singh,1,0,0%,,,,,,,,,
team_id_31|9|Purna Singh,9,31,Gujarat Giants,3075,Purna Singh,1,0,0%,,,,,,,,,
team_id_31|9|Mohammad Ghorbani,9,31,Gujarat Giants,5019,Mohammad Ghorbani,1,1,100%,,,,,,,,,
team_id_31|9|Abinesh Nadarajan,9,31,Gujarat Giants,#N/A,Abinesh Nadarajan,1,0,0%,,,,,,,,,
team_id_28|9|Nitin Rawal,9,28,Haryana Steelers,3065,Nitin Rawal,80,33,41%,,,,,,,,,
team_id_28|9|Jaideep Dahiya,9,28,Haryana Steelers,4184,Jaideep Dahiya,66,30,45%,,,,,,,,,
team_id_28|9|Amirhossein Bastami,9,28,Haryana Steelers,4928,Amirhossein Bastami,62,22,35%,,,,,,,,,
team_id_28|9|Mohit Nandal,9,28,Haryana Steelers,4954,Mohit Nandal,52,24,46%,,,,,,,,,
team_id_28|9|Jaideep,9,28,Haryana Steelers,#N/A,Jaideep,40,19,48%,,,,,,,,,
team_id_28|9|Monu,9,28,Haryana Steelers,#N/A,Monu,33,16,48%,,,,,,,,,
team_id_28|9|Mohit,9,28,Haryana Steelers,#N/A,Mohit,28,16,57%,,,,,,,,,
team_id_28|9|Sunny,9,28,Haryana Steelers,#N/A,Sunny,20,8,40%,,,,,,,,,
team_id_28|9|Manjeet Dahiya,9,28,Haryana Steelers,#N/A,Manjeet Dahiya,20,7,35%,,,,,,,,,
team_id_28|9|Joginder Singh Narwal,9,28,Haryana Steelers,#N/A,Joginder Singh Narwal,18,5,28%,,,,,,,,,
team_id_28|9|Rakesh Narwal,9,28,Haryana Steelers,204,Rakesh Narwal,13,2,15%,,,,,,,,,
team_id_28|9|Naveen,9,28,Haryana Steelers,#N/A,Naveen,13,9,69%,,,,,,,,,
team_id_28|9|Manjeet,9,28,Haryana Steelers,763,Manjeet,11,6,55%,,,,,,,,,
team_id_28|9|Harsh,9,28,Haryana Steelers,5103,Harsh,9,5,56%,,,,,,,,,
team_id_28|9|Meetu Mahender,9,28,Haryana Steelers,#N/A,Meetu Mahender,4,1,25%,,,,,,,,,
team_id_28|9|Lovepreet Singh,9,28,Haryana Steelers,4157,Lovepreet Singh,4,2,50%,,,,,,,,,
team_id_28|9|Manish Gulia,9,28,Haryana Steelers,5055,Manish Gulia,3,1,33%,,,,,,,,,
team_id_28|9|Vinay Tevatia,9,28,Haryana Steelers,#N/A,Vinay Tevatia,2,0,0%,,,,,,,,,
team_id_28|9|Sushil,9,28,Haryana Steelers,4179,Sushil,2,0,0%,,,,,,,,,
team_id_28|9|Mohammad Esmaeil Mag..,9,28,Haryana Steelers,#N/A,Mohammad Esmaeil Mag..,2,1,50%,,,,,,,,,
team_id_28|9|Ankit Dhull,9,28,Haryana Steelers,#N/A,Ankit Dhull,2,0,0%,,,,,,,,,
team_id_28|9|Vinay,9,28,Haryana Steelers,3054,Vinay,1,0,0%,,,,,,,,,
team_id_28|9|Navneet,9,28,Haryana Steelers,#N/A,Navneet,1,0,0%,,,,,,,,,
team_id_28|9|Ankit,9,28,Haryana Steelers,#N/A,Ankit,1,0,0%,,,,,,,,,
team_id_3|9|Sahul Kumar,9,3,Jaipur Pink Panthers,4769,Sahul Kumar,108,44,41%,,,,,,,,,
team_id_3|9|Ankush Rathee,9,3,Jaipur Pink Panthers,#N/A,Ankush Rathee,96,57,59%,,,,,,,,,
team_id_3|9|Sunil Kumar,9,3,Jaipur Pink Panthers,368,Sunil Kumar,94,61,65%,,,,,,,,,
team_id_3|9|Reza Mirbagheri,9,3,Jaipur Pink Panthers,5022,Reza Mirbagheri,61,31,51%,,,,,,,,,
team_id_3|9|Abhishek K S,9,3,Jaipur Pink Panthers,#N/A,Abhishek K S,59,23,39%,,,,,,,,,
team_id_3|9|Ankush,9,3,Jaipur Pink Panthers,3574,Ankush,32,22,69%,,,,,,,,,
team_id_3|9|,9,3,Jaipur Pink Panthers,#N/A,,18,1,6%,,,,#NAME?,,,,,
team_id_3|9|Lucky Sharma,9,3,Jaipur Pink Panthers,5042,Lucky Sharma,15,8,53%,,,,#NAME?,,,,,
team_id_3|9|Ajith V Kumar,9,3,Jaipur Pink Panthers,#N/A,Ajith V Kumar,12,3,25%,,,,#NAME?,,,,,
team_id_3|9|Rahul Chaudhari,9,3,Jaipur Pink Panthers,81,Rahul Chaudhari,11,2,18%,,,,#NAME?,,,,,
team_id_3|9|Nitin Chandel,9,3,Jaipur Pink Panthers,4036,Nitin Chandel,9,1,11%,,,,#NAME?,,,,,
team_id_3|9|Deepak Singh,9,3,Jaipur Pink Panthers,4956,Deepak Singh,9,2,22%,,,,#NAME?,,,,,
team_id_3|9|Ashish Bajar,9,3,Jaipur Pink Panthers,#N/A,Ashish Bajar,6,1,17%,,,,#NAME?,,,,,
team_id_3|9|Bhavani Rajput,9,3,Jaipur Pink Panthers,660,Bhavani Rajput,4,0,0%,,,,#NAME?,,,,,
team_id_3|9|Arjun Deshwal,9,3,Jaipur Pink Panthers,2024,Arjun Deshwal,2,0,0%,,,,#NAME?,,,,,
team_id_3|9|Navneet,9,3,Jaipur Pink Panthers,3238,Navneet,1,0,0%,,,,#NAME?,,,,,
team_id_3|9|Ashish,9,3,Jaipur Pink Panthers,5105,Ashish,1,0,0%,,,,#NAME?,,,,,
team_id_6|9|Shadloui Chianeh,9,6,Patna Pirates,#N/A,Shadloui Chianeh,130,74,57%,,,,#NAME?,,,,,
team_id_6|9|Sunil,9,6,Patna Pirates,3106,Sunil,97,39,40%,,,,,,,,,
team_id_6|9|Neeraj Kumar,9,6,Patna Pirates,3107,Neeraj Kumar,78,27,35%,,,,,,,,,
team_id_6|9|Monu Sandhu,9,6,Patna Pirates,#N/A,Monu Sandhu,47,21,45%,,,,,,,,,
team_id_6|9|Sajin Chandrasekar,9,6,Patna Pirates,#N/A,Sajin Chandrasekar,36,9,25%,,,,,,,,,
team_id_6|9|Manish,9,6,Patna Pirates,4957,Manish,30,6,20%,,,,,,,,,
team_id_6|9|Thiyagarajan Yuvaraj,9,6,Patna Pirates,5092,Thiyagarajan Yuvaraj,13,5,38%,,,,,,,,,
team_id_6|9|Naveen Sharma,9,6,Patna Pirates,5090,Naveen Sharma,12,3,25%,,,,,,,,,
team_id_6|9|Sagar Kumar,9,6,Patna Pirates,#N/A,Sagar Kumar,9,7,78%,,,,,,,,,
team_id_6|9|Rohit Gulia,9,6,Patna Pirates,3023,Rohit Gulia,8,0,0%,,,,,,,,,
team_id_6|9|Sachin Tanwar,9,6,Patna Pirates,#N/A,Sachin Tanwar,6,1,17%,,,,,,,,,
team_id_6|9|Sachin,9,6,Patna Pirates,757,Sachin,5,2,40%,,,,,,,,,
team_id_6|9|Shivam Chaudhari,9,6,Patna Pirates,#N/A,Shivam Chaudhari,3,0,0%,,,,,,,,,
team_id_6|9|Ranjit Venkatramana Naik,9,6,Patna Pirates,#N/A,Ranjit Venkatramana Naik,3,2,67%,,,,,,,,,
team_id_6|9|Daniel Omondi Odhiambo,9,6,Patna Pirates,#N/A,Daniel Omondi Odhiambo,2,0,0%,,,,,,,,,
team_id_6|9|Anand Surendra Tomar,9,6,Patna Pirates,#N/A,Anand Surendra Tomar,2,0,0%,,,,,,,,,
team_id_6|9|Vishwas S,9,6,Patna Pirates,4757,Vishwas S,1,0,0%,,,,,,,,,
team_id_6|9|Anuj Kumar,9,6,Patna Pirates,5107,Anuj Kumar,1,0,0%,,,,,,,,,
team_id_6|9|Abdul Insamam S,9,6,Patna Pirates,#N/A,Abdul Insamam S,1,0,0%,,,,,,,,,
team_id_7|9|Fazel Atrachali,9,7,Puneri Paltan,259,Fazel Atrachali,108,56,52%,,,,,,,,,
team_id_7|9|Sanket Sawant,9,7,Puneri Paltan,3234,Sanket Sawant,78,30,38%,,,,,,,,,
team_id_7|9|Sombir,9,7,Puneri Paltan,3000,Sombir,72,33,46%,,,,,,,,,
team_id_7|9|Abinesh Nadarajan,9,7,Puneri Paltan,4192,Abinesh Nadarajan,67,32,48%,,,,,,,,,
team_id_7|9|,9,7,Puneri Paltan,#N/A,,39,1,3%,,,,,,,,,
team_id_7|9|Gaurav Khatri,9,7,Puneri Paltan,5128,Gaurav Khatri,36,18,50%,,,,,,,,,
team_id_7|9|Aslam Mustafa Inamdar,9,7,Puneri Paltan,#N/A,Aslam Mustafa Inamdar,31,11,35%,,,,,,,,,
team_id_7|9|Mohit Goyat,9,7,Puneri Paltan,4022,Mohit Goyat,30,16,53%,,,,,,,,,
team_id_7|9|Mohammad Esmaeil Nabi..,9,7,Puneri Paltan,#N/A,Mohammad Esmaeil Nabi..,29,11,38%,,,,,,,,,
team_id_7|9|Pankaj Mohite,9,7,Puneri Paltan,3233,Pankaj Mohite,19,7,37%,,,,,,,,,
team_id_7|9|Balasaheb Jadhav,9,7,Puneri Paltan,3011,Balasaheb Jadhav,15,3,20%,,,,,,,,,
team_id_7|9|Rakesh Ram,9,7,Puneri Paltan,5053,Rakesh Ram,12,1,8%,,,,,,,,,
team_id_7|9|Badal Singh,9,7,Puneri Paltan,5108,Badal Singh,9,6,67%,,,,,,,,,
team_id_7|9|Alankar Patil,9,7,Puneri Paltan,5052,Alankar Patil,9,3,33%,,,,,,,,,
team_id_7|9|Harsh Lad,9,7,Puneri Paltan,5078,Harsh Lad,7,3,43%,,,,,,,,,
team_id_7|9|Akash Shinde,9,7,Puneri Paltan,4959,Akash Shinde,7,3,43%,,,,,,,,,
team_id_7|9|Govind Gurjar,9,7,Puneri Paltan,4917,Govind Gurjar,6,5,83%,,,,,,,,,
team_id_7|9|D Mahindraprasad,9,7,Puneri Paltan,4141,D Mahindraprasad,1,0,0%,,,,,,,,,
team_id_7|9|Akash Chaudhary,9,7,Puneri Paltan,#N/A,Akash Chaudhary,1,0,0%,,,,,,,,,
team_id_7|9|Aditya Tushar Shinde,9,7,Puneri Paltan,#N/A,Aditya Tushar Shinde,1,0,0%,,,,,,,,,
team_id_29|9|M Abishek,9,29,Tamil Thalaivas,#N/A,M Abishek,109,38,35%,,,,,,,,,
team_id_29|9|Sahil Gulia,9,29,Tamil Thalaivas,4965,Sahil Gulia,106,51,48%,,,,,,,,,
team_id_29|9|Sagar,9,29,Tamil Thalaivas,3236,Sagar,81,45,56%,,,,,,,,,
team_id_29|9|Mohit Jakhar,9,29,Tamil Thalaivas,#N/A,Mohit Jakhar,73,27,37%,,,,,,,,,
team_id_29|9|Himanshu,9,29,Tamil Thalaivas,3161,Himanshu,56,22,39%,,,,,,,,,
team_id_29|9|Arpit Saroha,9,29,Tamil Thalaivas,4224,Arpit Saroha,22,10,45%,,,,,,,,,
team_id_29|9|Ajinkya Ashok Pawar,9,29,Tamil Thalaivas,#N/A,Ajinkya Ashok Pawar,22,9,41%,,,,,,,,,
team_id_29|9|,9,29,Tamil Thalaivas,#N/A,,21,2,10%,,,,,,,,,
team_id_29|9|Visvanath V,9,29,Tamil Thalaivas,5046,Visvanath V,17,5,29%,,,,,,,,,
team_id_29|9|Sahil,9,29,Tamil Thalaivas,3025,Sahil,14,6,43%,,,,,,,,,
team_id_29|9|Narender,9,29,Tamil Thalaivas,5093,Narender,14,5,36%,,,,,,,,,
team_id_29|9|Mohit,9,29,Tamil Thalaivas,4964,Mohit,14,3,21%,,,,,,,,,
team_id_29|9|Aashish,9,29,Tamil Thalaivas,4962,Aashish,14,5,36%,,,,,,,,,
team_id_29|9|Himanshu Singh,9,29,Tamil Thalaivas,4963,Himanshu Singh,13,4,31%,,,,,,,,,
team_id_29|9|K Abhimanyu,9,29,Tamil Thalaivas,#N/A,K Abhimanyu,7,1,14%,,,,,,,,,
team_id_29|9|Md. Arif Rabbani,9,29,Tamil Thalaivas,5003,Md. Arif Rabbani,5,2,40%,,,,,,,,,
team_id_29|9|Sachin Nehra,9,29,Tamil Thalaivas,#N/A,Sachin Nehra,1,0,0%,,,,,,,,,
team_id_29|9|Sachin,9,29,Tamil Thalaivas,5130,Sachin,1,0,0%,,,,,,,,,
team_id_29|9|Pawan Sehrawat,9,29,Tamil Thalaivas,318,Pawan Sehrawat,1,0,0%,,,,,,,,,
team_id_8|9|Parvesh Bhainswal,9,8,Telugu Titans,357,Parvesh Bhainswal,95,44,46%,,,,,,,,,
team_id_8|9|Vishal Bhardwaj,9,8,Telugu Titans,3083,Vishal Bhardwaj,89,37,42%,,,,,,,,,
team_id_8|9|Surjeet Singh,9,8,Telugu Titans,322,Surjeet Singh,48,15,31%,,,,,,,,,
team_id_8|9|Ankit,9,8,Telugu Titans,3227,Ankit,47,18,38%,,,,,,,,,
team_id_8|9|Vijay Kumar,9,8,Telugu Titans,768,Vijay Kumar,31,12,39%,,,,,,,,,
team_id_8|9|Mohsen Maghsoudlou Ja..,9,8,Telugu Titans,#N/A,Mohsen Maghsoudlou Ja..,31,8,26%,,,,,,,,,
team_id_8|9|Prince D,9,8,Telugu Titans,3969,Prince D,24,3,13%,,,,,,,,,
team_id_8|9|Nitin,9,8,Telugu Titans,5111,Nitin,20,3,15%,,,,,,,,,
team_id_8|9|Muhammed Shihas S,9,8,Telugu Titans,#N/A,Muhammed Shihas S,20,1,5%,,,,,,,,,
team_id_8|9|Ravinder Pahal,9,8,Telugu Titans,157,Ravinder Pahal,17,1,6%,,,,,,,,,
team_id_8|9|Vinay,9,8,Telugu Titans,5095,Vinay,9,3,33%,,,,,,,,,
team_id_8|9|Abhishek Singh,9,8,Telugu Titans,2028,Abhishek Singh,9,3,33%,,,,,,,,,
team_id_8|9|Siddharth Sirish Desai,9,8,Telugu Titans,#N/A,Siddharth Sirish Desai,8,2,25%,,,,,,,,,
team_id_8|9|Mohit Pahal,9,8,Telugu Titans,5109,Mohit Pahal,8,4,50%,,,,,,,,,
team_id_8|9|K Hanumanthu,9,8,Telugu Titans,4795,K Hanumanthu,8,4,50%,,,,,,,,,
team_id_8|9|Mohit,9,8,Telugu Titans,5110,Mohit,7,2,29%,,,,,,,,,
team_id_8|9|Adarsh T,9,8,Telugu Titans,3095,Adarsh T,7,2,29%,,,,,,,,,
team_id_8|9|Monu Goyat,9,8,Telugu Titans,388,Monu Goyat,6,1,17%,,,,,,,,,
team_id_8|9|Hamid Mirzaei Nader,9,8,Telugu Titans,#N/A,Hamid Mirzaei Nader,5,0,0%,,,,,,,,,
team_id_8|9|Mohit (TT),9,8,Telugu Titans,#N/A,Mohit (TT),4,1,25%,,,,,,,,,
team_id_8|9|Palla Ramakrishna,9,8,Telugu Titans,4967,Palla Ramakrishna,3,1,33%,,,,,,,,,
team_id_5|9|Rinku H C,9,5,U Mumba,#N/A,Rinku H C,94,52,55%,,,,,,,,,
team_id_5|9|Mohit,9,5,U Mumba,5032,Mohit,89,38,43%,,,,,,,,,
team_id_5|9|Harendra Kumar,9,5,U Mumba,3138,Harendra Kumar,71,24,34%,,,,,,,,,
team_id_5|9|Surinder Singh,9,5,U Mumba,3086,Surinder Singh,56,32,57%,,,,,,,,,
team_id_5|9|Kiran Laxman Magar,9,5,U Mumba,#N/A,Kiran Laxman Magar,46,18,39%,,,,,,,,,
team_id_5|9|Ashish (Bubla),9,5,U Mumba,#N/A,Ashish (Bubla),28,18,64%,,,,,,,,,
team_id_5|9|Rahul Sethpal,9,5,U Mumba,4186,Rahul Sethpal,27,13,48%,,,,,,,,,
team_id_5|9|Shivansh Thakur,9,5,U Mumba,4032,Shivansh Thakur,18,7,39%,,,,,,,,,
team_id_5|9|Jai Bhagwan,9,5,U Mumba,5002,Jai Bhagwan,12,5,42%,,,,,,,,,
team_id_5|9|Ashish,9,5,U Mumba,3028,Ashish,8,4,50%,,,,,,,,,
team_id_5|9|Guman Singh,9,5,U Mumba,3032,Guman Singh,6,0,0%,,,,,,,,,
team_id_5|9|Vishal Mane,9,5,U Mumba,123,Vishal Mane,5,1,20%,,,,,,,,,
team_id_5|9|Satywan,9,5,U Mumba,3169,Satywan,4,1,25%,,,,,,,,,
team_id_5|9|Pranay Vinay Rane,9,5,U Mumba,#N/A,Pranay Vinay Rane,3,1,33%,,,,,,,,,
team_id_5|9|Heidarali Ekrami,9,5,U Mumba,5018,Heidarali Ekrami,3,1,33%,,,,,,,,,
team_id_5|9|Shivam,9,5,U Mumba,4970,Shivam,1,1,100%,,,,,,,,,
team_id_5|9|Ankush,9,5,U Mumba,#N/A,Ankush,1,0,0%,,,,,,,,,
team_id_30|9|Sumit,9,30,U.P. Yoddha,3240,Sumit,105,45,43%,,,,,,,,,
team_id_30|9|Ashu Singh,9,30,U.P. Yoddha,3239,Ashu Singh,100,42,42%,,,,,,,,,
team_id_30|9|Nitesh Kumar,9,30,U.P. Yoddha,3088,Nitesh Kumar,79,30,38%,,,,,,,,,
team_id_30|9|Gurdeep,9,30,U.P. Yoddha,2041,Gurdeep,72,33,46%,,,,,,,,,
team_id_30|9|Rohit Tomar,9,30,U.P. Yoddha,4222,Rohit Tomar,33,13,39%,,,,,,,,,
team_id_30|9|Shubham Kumar,9,30,U.P. Yoddha,4228,Shubham Kumar,22,6,27%,,,,,,,,,
team_id_30|9|Sandeep Narwal,9,30,U.P. Yoddha,142,Sandeep Narwal,18,11,61%,,,,,,,,,
team_id_30|9|Jaideep Sharma,9,30,U.P. Yoddha,#N/A,Jaideep Sharma,11,0,0%,,,,,,,,,
team_id_30|9|Surender Gill,9,30,U.P. Yoddha,3241,Surender Gill,8,4,50%,,,,,,,,,
team_id_30|9|Babu M,9,30,U.P. Yoddha,726,Babu M,8,2,25%,,,,,,,,,
team_id_30|9|Durgesh Kumar,9,30,U.P. Yoddha,3973,Durgesh Kumar,7,3,43%,,,,,,,,,
team_id_30|9|Pardeep Narwal,9,30,U.P. Yoddha,197,Pardeep Narwal,6,0,0%,,,,,,,,,
team_id_30|9|Nitin Panwar,9,30,U.P. Yoddha,3039,Nitin Panwar,4,2,50%,,,,,,,,,
team_id_30|9|Jaideep,9,30,U.P. Yoddha,#N/A,Jaideep,3,0,0%,,,,,,,,,
team_id_30|9|Nitin Tomar,9,30,U.P. Yoddha,320,Nitin Tomar,2,0,0%,,,,,,,,,
team_id_30|9|Mahipal,9,30,U.P. Yoddha,5118,Mahipal,2,0,0%,,,,,,,,,
team_id_30|9|Anil Kumar,9,30,U.P. Yoddha,5121,Anil Kumar,2,1,50%,,,,,,,,,
team_id_30|9|Rathan K,9,30,U.P. Yoddha,3472,Rathan K,1,0,0%,,,,,,,,,
team_id_30|9|James Kamweti,9,30,U.P. Yoddha,4933,James Kamweti,1,1,100%,,,,,,,,,
team_id_30|9|Gulveer Singh,9,30,U.P. Yoddha,647,Gulveer Singh,1,1,100%,,,,,,,,,
team_id_30|9|Abozar Mohajermighani,9,30,U.P. Yoddha,#N/A,Abozar Mohajermighani,1,0,0%,,,,,,,,,
