player-total-points_player_name,super-10s_player_name,player-dod-raid-points_player_name,player-successful-raids_player_name,player-raid-points_player_name,player-super-raids_player_name,player-successful-tackles_player_name,player-tackle-points_player_name,player-avg-tackle-points_player_name,player-super-tackles_player_name,high-5s_player_name,player-total-points_match_played,super-10s_match_played,player-dod-raid-points_match_played,player-successful-raids_match_played,player-raid-points_match_played,player-super-raids_match_played,player-successful-tackles_match_played,player-tackle-points_match_played,player-avg-tackle-points_match_played,player-super-tackles_match_played,high-5s_match_played,player-total-points_position_name,super-10s_position_name,player-dod-raid-points_position_name,player-successful-raids_position_name,player-raid-points_position_name,player-super-raids_position_name,player-successful-tackles_position_name,player-tackle-points_position_name,player-avg-tackle-points_position_name,player-super-tackles_position_name,high-5s_position_name,player-total-points_team,super-10s_team,player-dod-raid-points_team,player-successful-raids_team,player-raid-points_team,player-super-raids_team,player-successful-tackles_team,player-tackle-points_team,player-avg-tackle-points_team,player-super-tackles_team,high-5s_team,player-total-points_team_name,super-10s_team_name,player-dod-raid-points_team_name,player-successful-raids_team_name,player-raid-points_team_name,player-super-raids_team_name,player-successful-tackles_team_name,player-tackle-points_team_name,player-avg-tackle-points_team_name,player-super-tackles_team_name,high-5s_team_name,player-total-points_team_full_name,super-10s_team_full_name,player-dod-raid-points_team_full_name,player-successful-raids_team_full_name,player-raid-points_team_full_name,player-super-raids_team_full_name,player-successful-tackles_team_full_name,player-tackle-points_team_full_name,player-avg-tackle-points_team_full_name,player-super-tackles_team_full_name,high-5s_team_full_name,player-total-points_rank,super-10s_rank,player-dod-raid-points_rank,player-successful-raids_rank,player-raid-points_rank,player-super-raids_rank,player-successful-tackles_rank,player-tackle-points_rank,player-avg-tackle-points_rank,player-super-tackles_rank,high-5s_rank,player-total-points_value,super-10s_value,player-dod-raid-points_value,player-successful-raids_value,player-raid-points_value,player-super-raids_value,player-successful-tackles_value,player-tackle-points_value,player-avg-tackle-points_value,player-super-tackles_value,high-5s_value,player-total-points_points_per_match,super-10s_points_per_match,player-dod-raid-points_points_per_match,player-successful-raids_points_per_match,player-raid-points_points_per_match,player-super-raids_points_per_match,player-successful-tackles_points_per_match,player-tackle-points_points_per_match,player-avg-tackle-points_points_per_match,player-super-tackles_points_per_match,high-5s_points_per_match,player-total-points_team_id,super-10s_team_id,player-dod-raid-points_team_id,player-successful-raids_team_id,player-raid-points_team_id,player-super-raids_team_id,player-successful-tackles_team_id,player-tackle-points_team_id,player-avg-tackle-points_team_id,player-super-tackles_team_id,high-5s_team_id,player-total-points_position_id,super-10s_position_id,player-dod-raid-points_position_id,player-successful-raids_position_id,player-raid-points_position_id,player-super-raids_position_id,player-successful-tackles_position_id,player-tackle-points_position_id,player-avg-tackle-points_position_id,player-super-tackles_position_id,high-5s_position_id
Ehsan Zamani Fard,,,Ehsan Zamani Fard,Ehsan Zamani Fard,,Ehsan Zamani Fard,Ehsan Zamani Fard,Ehsan Zamani Fard,,,8,,,8,8,,8,8,8,,,Defender,,,Defender,Defender,,Defender,Defender,Defender,,,,,,,,,,,,,,DEL,,,DEL,DEL,,DEL,DEL,DEL,,,Dabang Delhi K.C.,,,Dabang Delhi K.C.,Dabang Delhi K.C.,,Dabang Delhi K.C.,Dabang Delhi K.C.,Dabang Delhi K.C.,,,70,,,49,51,,71,72,78,,,6,,,3,4,,2,2,0.25,,,0.75,,,0.375,0.5,,0.25,0.25,0.03125,,,2,,,2,2,,2,2,2,,,9,,,9,9,,9,9,9,,
Farhad Kamal Gharibi,,,,,,Farhad Kamal Gharibi,Farhad Kamal Gharibi,Farhad Kamal Gharibi,Farhad Kamal Gharibi,,2,,,,,,2,2,2,2,,Defender,,,,,,Defender,Defender,Defender,Defender,,,,,,,,,,,,,KOL,,,,,,KOL,KOL,KOL,KOL,,Bengal Warriors,,,,,,Bengal Warriors,Bengal Warriors,Bengal Warriors,Bengal Warriors,,92,,,,,,76,73,38,44,,2,,,,,,1,2,1,1,,1,,,,,,0.5,1,0.5,0.5,,4,,,,,,4,4,4,4,,9,,,,,,9,9,9,9,
Takamitsu Kono,,,Takamitsu Kono,Takamitsu Kono,,Takamitsu Kono,Takamitsu Kono,Takamitsu Kono,,,1,,,1,1,,1,1,1,,,All Rounder,,,All Rounder,All Rounder,,All Rounder,All Rounder,All Rounder,,,,,,,,,,,,,,DEL,,,DEL,DEL,,DEL,DEL,DEL,,,Dabang Delhi K.C.,,,Dabang Delhi K.C.,Dabang Delhi K.C.,,Dabang Delhi K.C.,Dabang Delhi K.C.,Dabang Delhi K.C.,,,93,,,61,64,,77,78,39,,,2,,,1,1,,1,1,1,,,2,,,1,1,,1,1,1,,,2,,,2,2,,2,2,2,,,0,,,0,0,,0,0,0,,
Simon Kibura,,Simon Kibura,Simon Kibura,Simon Kibura,,Simon Kibura,Simon Kibura,Simon Kibura,,,4,,4,4,4,,4,4,4,,,Raider,,Raider,Raider,Raider,,Raider,Raider,Raider,,,,,,,,,,,,,,PUN,,PUN,PUN,PUN,,PUN,PUN,PUN,,,Puneri Paltan,,Puneri Paltan,Puneri Paltan,Puneri Paltan,,Puneri Paltan,Puneri Paltan,Puneri Paltan,,,67,,39,44,46,,72,74,60,,,8,,1,5,6,,2,2,0.5,,,2,,0.25,1.25,1.5,,0.5,0.5,0.125,,,7,,7,7,7,,7,7,7,,,8,,8,8,8,,8,8,8,,
Dong Ju Hong,,,Dong Ju Hong,Dong Ju Hong,,,,,,,2,,,2,2,,,,,,,All Rounder,,,All Rounder,All Rounder,,,,,,,,,,,,,,,,,,DEL,,,DEL,DEL,,,,,,,Dabang Delhi K.C.,,,Dabang Delhi K.C.,Dabang Delhi K.C.,,,,,,,94,,,62,65,,,,,,,1,,,1,1,,,,,,,0.5,,,0.5,0.5,,,,,,,2,,,2,2,,,,,,,0,,,0,0,,,,,,
Jang Kun Lee,Jang Kun Lee,Jang Kun Lee,Jang Kun Lee,Jang Kun Lee,Jang Kun Lee,Jang Kun Lee,Jang Kun Lee,Jang Kun Lee,,,11,11,11,11,11,11,11,11,11,,,Raider,Raider,Raider,Raider,Raider,Raider,Raider,Raider,Raider,,,,,,,,,,,,,,KOL,KOL,KOL,KOL,KOL,KOL,KOL,KOL,KOL,,,Bengal Warriors,Bengal Warriors,Bengal Warriors,Bengal Warriors,Bengal Warriors,Bengal Warriors,Bengal Warriors,Bengal Warriors,Bengal Warriors,,,21,13,8,20,19,3,73,75,80,,,57,2,11,39,55,5,2,2,0.18,,,5.181818181818182,0.1818181818181818,1,3.5454545454545454,5,0.4545454545454545,0.1818181818181818,0.1818181818181818,0.016363636,,,4,4,4,4,4,4,4,4,4,,,8,8,8,8,8,8,8,8,8,,
Seong Ryeol Kim,,,,,,Seong Ryeol Kim,Seong Ryeol Kim,Seong Ryeol Kim,,,3,,,,,,3,3,3,,,Defender,,,,,,Defender,Defender,Defender,,,,,,,,,,,,,,KOL,,,,,,KOL,KOL,KOL,,,Bengal Warriors,,,,,,Bengal Warriors,Bengal Warriors,Bengal Warriors,,,86,,,,,,59,60,33,,,4,,,,,,4,4,1.33,,,1.3333333333333333,,,,,,1.3333333333333333,1.3333333333333333,0.4433333333333333,,,4,,,,,,4,4,4,,,9,,,,,,9,9,9,,
Tae Deok Eom,,Tae Deok Eom,Tae Deok Eom,Tae Deok Eom,,Tae Deok Eom,Tae Deok Eom,Tae Deok Eom,Tae Deok Eom,,9,,9,9,9,,9,9,9,9,,Defender,,Defender,Defender,Defender,,Defender,Defender,Defender,Defender,,,,,,,,,,,,,PAT,,PAT,PAT,PAT,,PAT,PAT,PAT,PAT,,Patna Pirates,,Patna Pirates,Patna Pirates,Patna Pirates,,Patna Pirates,Patna Pirates,Patna Pirates,Patna Pirates,,87,,40,60,62,,78,71,79,45,,4,,1,1,2,,1,2,0.22,1,,0.4444444444444444,,0.1111111111111111,0.1111111111111111,0.2222222222222222,,0.1111111111111111,0.2222222222222222,0.024444444,0.1111111111111111,,6,,6,6,6,,6,6,6,6,,9,,9,9,9,,9,9,9,9,
Waleed Al Hasani,,Waleed Al Hasani,Waleed Al Hasani,Waleed Al Hasani,Waleed Al Hasani,,,,,,6,,6,6,6,6,,,,,,Raider,,Raider,Raider,Raider,Raider,,,,,,,,,,,,,,,,,PUN,,PUN,PUN,PUN,PUN,,,,,,Puneri Paltan,,Puneri Paltan,Puneri Paltan,Puneri Paltan,Puneri Paltan,,,,,,59,,41,32,32,27,,,,,,14,,1,10,14,1,,,,,,2.3333333333333335,,0.1666666666666666,1.6666666666666667,2.3333333333333335,0.1666666666666666,,,,,,7,,7,7,7,7,,,,,,8,,8,8,8,8,,,,,
Atif Waheed,,,,,,Atif Waheed,Atif Waheed,Atif Waheed,,,3,,,,,,3,3,3,,,All Rounder,,,,,,All Rounder,All Rounder,All Rounder,,,,,,,,,,,,,,HYD,,,,,,HYD,HYD,HYD,,,Telugu Titans,,,,,,Telugu Titans,Telugu Titans,Telugu Titans,,,95,,,,,,79,79,70,,,1,,,,,,1,1,0.33,,,0.3333333333333333,,,,,,0.3333333333333333,0.3333333333333333,0.11,,,8,,,,,,8,8,8,,,0,,,,,,0,0,0,,
Wajid Ali,,,Wajid Ali,Wajid Ali,,Wajid Ali,Wajid Ali,Wajid Ali,,,4,,,4,4,,4,4,4,,,All Rounder,,,All Rounder,All Rounder,,All Rounder,All Rounder,All Rounder,,,,,,,,,,,,,,HYD,,,HYD,HYD,,HYD,HYD,HYD,,,Telugu Titans,,,Telugu Titans,Telugu Titans,,Telugu Titans,Telugu Titans,Telugu Titans,,,73,,,50,52,,80,80,77,,,5,,,3,4,,1,1,0.25,,,1.25,,,0.75,1,,0.25,0.25,0.0625,,,8,,,8,8,,8,8,8,,,0,,,0,0,,0,0,0,,
Wasim Sajjad,,,,,,Wasim Sajjad,Wasim Sajjad,Wasim Sajjad,Wasim Sajjad,,15,,,,,,15,15,15,15,,Defender,,,,,,Defender,Defender,Defender,Defender,,,,,,,,,,,,,PAT,,,,,,PAT,PAT,PAT,PAT,,Patna Pirates,,,,,,Patna Pirates,Patna Pirates,Patna Pirates,Patna Pirates,,44,,,,,,13,12,17,12,,27,,,,,,24,27,1.8,3,,1.8,,,,,,1.6,1.8,0.12,0.2,,6,,,,,,6,6,6,6,,9,,,,,,9,9,9,9,
Sinotharan Kanesharajah,,,Sinotharan Kanesharajah,Sinotharan Kanesharajah,Sinotharan Kanesharajah,Sinotharan Kanesharajah,Sinotharan Kanesharajah,Sinotharan Kanesharajah,,,1,,,1,1,1,1,1,1,,,Raider,,,Raider,Raider,Raider,Raider,Raider,Raider,,,,,,,,,,,,,,BLR,,,BLR,BLR,BLR,BLR,BLR,BLR,,,Bengaluru Bulls,,,Bengaluru Bulls,Bengaluru Bulls,Bengaluru Bulls,Bengaluru Bulls,Bengaluru Bulls,Bengaluru Bulls,,,76,,,59,53,28,81,81,40,,,5,,,2,4,1,1,1,1,,,5,,,2,4,1,1,1,1,,,1,,,1,1,1,1,1,1,,,8,,,8,8,8,8,8,8,,
Dovlet Boshimov,,Dovlet Boshimov,Dovlet Boshimov,Dovlet Boshimov,,,,,,,2,,2,2,2,,,,,,,Raider,,Raider,Raider,Raider,,,,,,,,,,,,,,,,,,PAT,,PAT,PAT,PAT,,,,,,,Patna Pirates,,Patna Pirates,Patna Pirates,Patna Pirates,,,,,,,85,,42,51,54,,,,,,,4,,1,3,4,,,,,,,2,,0.5,1.5,2,,,,,,,6,,6,6,6,,,,,,,8,,8,8,8,,,,,,
Ajay Thakur,Ajay Thakur,Ajay Thakur,Ajay Thakur,Ajay Thakur,Ajay Thakur,Ajay Thakur,Ajay Thakur,Ajay Thakur,,,15,15,15,15,15,15,15,15,15,,,Raider,Raider,Raider,Raider,Raider,Raider,Raider,Raider,Raider,,,,,,,,,,,,,,BLR,BLR,BLR,BLR,BLR,BLR,BLR,BLR,BLR,,,Bengaluru Bulls,Bengaluru Bulls,Bengaluru Bulls,Bengaluru Bulls,Bengaluru Bulls,Bengaluru Bulls,Bengaluru Bulls,Bengaluru Bulls,Bengaluru Bulls,,,4,5,18,5,4,21,52,56,71,,,127,5,8,96,122,2,5,5,0.33,,,8.466666666666667,0.3333333333333333,0.5333333333333333,6.4,8.133333333333333,0.1333333333333333,0.3333333333333333,0.3333333333333333,0.022,,,1,1,1,1,1,1,1,1,1,,,8,8,8,8,8,8,8,8,8,,
Amit Singh Chhillar,,,Amit Singh Chhillar,Amit Singh Chhillar,,Amit Singh Chhillar,Amit Singh Chhillar,Amit Singh Chhillar,Amit Singh Chhillar,Amit Singh Chhillar,14,,,14,14,,14,14,14,14,14,Defender,,,Defender,Defender,,Defender,Defender,Defender,Defender,Defender,,,,,,,,,,,,DEL,,,DEL,DEL,,DEL,DEL,DEL,DEL,DEL,Dabang Delhi K.C.,,,Dabang Delhi K.C.,Dabang Delhi K.C.,,Dabang Delhi K.C.,Dabang Delhi K.C.,Dabang Delhi K.C.,Dabang Delhi K.C.,Dabang Delhi K.C.,38,,,63,63,,9,9,12,13,20,30,,,1,1,,26,29,2.07,3,1,2.142857142857143,,,0.071428571,0.071428571,,1.8571428571428572,2.0714285714285716,0.1478571428571428,0.2142857142857142,0.071428571,2,,,2,2,,2,2,2,2,2,9,,,9,9,,9,9,9,9,9
Anup Kumar,Anup Kumar,Anup Kumar,Anup Kumar,Anup Kumar,Anup Kumar,Anup Kumar,Anup Kumar,Anup Kumar,Anup Kumar,,16,16,16,16,16,16,16,16,16,16,,Raider,Raider,Raider,Raider,Raider,Raider,Raider,Raider,Raider,Raider,,,,,,,,,,,,,MUM,MUM,MUM,MUM,MUM,MUM,MUM,MUM,MUM,MUM,,U Mumba,U Mumba,U Mumba,U Mumba,U Mumba,U Mumba,U Mumba,U Mumba,U Mumba,U Mumba,,1,1,11,1,1,1,34,32,46,17,,169,10,10,123,155,8,12,14,0.88,2,,10.5625,0.625,0.625,7.6875,9.6875,0.5,0.75,0.875,0.055,0.125,,5,5,5,5,5,5,5,5,5,5,,8,8,8,8,8,8,8,8,8,8,
Balbir Singh,,Balbir Singh,Balbir Singh,Balbir Singh,,,,,,,8,,8,8,8,,,,,,,All Rounder,,All Rounder,All Rounder,All Rounder,,,,,,,,,,,,,,,,,,JAI,,JAI,JAI,JAI,,,,,,,Jaipur Pink Panthers,,Jaipur Pink Panthers,Jaipur Pink Panthers,Jaipur Pink Panthers,,,,,,,66,,33,39,40,,,,,,,9,,2,7,9,,,,,,,1.125,,0.25,0.875,1.125,,,,,,,3,,3,3,3,,,,,,,0,,0,0,0,,,,,,
Chandran Ranjit,,,Chandran Ranjit,Chandran Ranjit,,,,,,,6,,,6,6,,,,,,,Raider,,,Raider,Raider,,,,,,,,,,,,,,,,,,HYD,,,HYD,HYD,,,,,,,Telugu Titans,,,Telugu Titans,Telugu Titans,,,,,,,71,,,48,45,,,,,,,6,,,4,6,,,,,,,1,,,0.6666666666666666,1,,,,,,,8,,,8,8,,,,,,,8,,,8,8,,,,,,
Dadaso Balaso Awad,,,,,,Dadaso Balaso Awad,Dadaso Balaso Awad,Dadaso Balaso Awad,Dadaso Balaso Awad,,5,,,,,,5,5,5,5,,All Rounder,,,,,,All Rounder,All Rounder,All Rounder,All Rounder,,,,,,,,,,,,,DEL,,,,,,DEL,DEL,DEL,DEL,,Dabang Delhi K.C.,,,,,,Dabang Delhi K.C.,Dabang Delhi K.C.,Dabang Delhi K.C.,Dabang Delhi K.C.,,75,,,,,,58,54,41,41,,5,,,,,,4,5,1,1,,1,,,,,,0.8,1,0.2,0.2,,2,,,,,,2,2,2,2,,0,,,,,,0,0,0,0,
Deepak Niwas Hooda,Deepak Niwas Hooda,Deepak Niwas Hooda,Deepak Niwas Hooda,Deepak Niwas Hooda,Deepak Niwas Hooda,Deepak Niwas Hooda,Deepak Niwas Hooda,Deepak Niwas Hooda,,,14,14,14,14,14,14,14,14,14,,,All Rounder,All Rounder,All Rounder,All Rounder,All Rounder,All Rounder,All Rounder,All Rounder,All Rounder,,,,,,,,,,,,,,HYD,HYD,HYD,HYD,HYD,HYD,HYD,HYD,HYD,,,Telugu Titans,Telugu Titans,Telugu Titans,Telugu Titans,Telugu Titans,Telugu Titans,Telugu Titans,Telugu Titans,Telugu Titans,,,15,11,17,12,13,9,70,70,81,,,89,3,8,72,87,3,2,2,0.14,,,6.357142857142857,0.2142857142857142,0.5714285714285714,5.142857142857143,6.214285714285714,0.2142857142857142,0.1428571428571428,0.1428571428571428,0.01,,,8,8,8,8,8,8,8,8,8,,,0,0,0,0,0,0,0,0,0,,
Dharmaraj Cheralathan,,Dharmaraj Cheralathan,Dharmaraj Cheralathan,Dharmaraj Cheralathan,,Dharmaraj Cheralathan,Dharmaraj Cheralathan,Dharmaraj Cheralathan,Dharmaraj Cheralathan,Dharmaraj Cheralathan,16,,16,16,16,,16,16,16,16,16,Defender,,Defender,Defender,Defender,,Defender,Defender,Defender,Defender,Defender,,,,,,,,,,,,BLR,,BLR,BLR,BLR,,BLR,BLR,BLR,BLR,BLR,Bengaluru Bulls,,Bengaluru Bulls,Bengaluru Bulls,Bengaluru Bulls,,Bengaluru Bulls,Bengaluru Bulls,Bengaluru Bulls,Bengaluru Bulls,Bengaluru Bulls,23,,30,36,33,,5,3,8,4,8,52,,3,8,13,,34,39,2.44,5,2,3.25,,0.1875,0.5,0.8125,,2.125,2.4375,0.1525,0.3125,0.125,1,,1,1,1,,1,1,1,1,1,9,,9,9,9,,9,9,9,9,9
Gangadhari Mallesh,,Gangadhari Mallesh,Gangadhari Mallesh,Gangadhari Mallesh,,Gangadhari Mallesh,Gangadhari Mallesh,Gangadhari Mallesh,,,10,,10,10,10,,10,10,10,,,Raider,,Raider,Raider,Raider,,Raider,Raider,Raider,,,,,,,,,,,,,,JAI,,JAI,JAI,JAI,,JAI,JAI,JAI,,,Jaipur Pink Panthers,,Jaipur Pink Panthers,Jaipur Pink Panthers,Jaipur Pink Panthers,,Jaipur Pink Panthers,Jaipur Pink Panthers,Jaipur Pink Panthers,,,57,,43,33,34,,60,62,73,,,16,,1,10,13,,3,3,0.3,,,1.6,,0.1,1,1.3,,0.3,0.3,0.03,,,3,,3,3,3,,3,3,3,,,8,,8,8,8,,8,8,8,,
Gurpreet Singh,,Gurpreet Singh,Gurpreet Singh,Gurpreet Singh,,Gurpreet Singh,Gurpreet Singh,Gurpreet Singh,Gurpreet Singh,Gurpreet Singh,16,,16,16,16,,16,16,16,16,16,Defender,,Defender,Defender,Defender,,Defender,Defender,Defender,Defender,Defender,,,,,,,,,,,,BLR,,BLR,BLR,BLR,,BLR,BLR,BLR,BLR,BLR,Bengaluru Bulls,,Bengaluru Bulls,Bengaluru Bulls,Bengaluru Bulls,,Bengaluru Bulls,Bengaluru Bulls,Bengaluru Bulls,Bengaluru Bulls,Bengaluru Bulls,45,,44,64,61,,12,15,24,42,21,27,,1,1,2,,24,25,1.56,1,1,1.6875,,0.0625,0.0625,0.125,,1.5,1.5625,0.0975,0.0625,0.0625,1,,1,1,1,,1,1,1,1,1,9,,9,9,9,,9,9,9,9,9
Gurvinder Singh,,Gurvinder Singh,Gurvinder Singh,Gurvinder Singh,,Gurvinder Singh,Gurvinder Singh,Gurvinder Singh,Gurvinder Singh,,7,,7,7,7,,7,7,7,7,,Raider,,Raider,Raider,Raider,,Raider,Raider,Raider,Raider,,,,,,,,,,,,,PAT,,PAT,PAT,PAT,,PAT,PAT,PAT,PAT,,Patna Pirates,,Patna Pirates,Patna Pirates,Patna Pirates,,Patna Pirates,Patna Pirates,Patna Pirates,Patna Pirates,,60,,31,42,41,,61,61,58,43,,13,,3,6,9,,3,4,0.57,1,,1.8571428571428572,,0.4285714285714285,0.8571428571428571,1.2857142857142858,,0.4285714285714285,0.5714285714285714,0.081428571,0.1428571428571428,,6,,6,6,6,,6,6,6,6,,8,,8,8,8,,8,8,8,8,
Jasmer Singh Gulia,,Jasmer Singh Gulia,Jasmer Singh Gulia,Jasmer Singh Gulia,,Jasmer Singh Gulia,Jasmer Singh Gulia,Jasmer Singh Gulia,Jasmer Singh Gulia,,14,,14,14,14,,14,14,14,14,,All Rounder,,All Rounder,All Rounder,All Rounder,,All Rounder,All Rounder,All Rounder,All Rounder,,,,,,,,,,,,,DEL,,DEL,DEL,DEL,,DEL,DEL,DEL,DEL,,Dabang Delhi K.C.,,Dabang Delhi K.C.,Dabang Delhi K.C.,Dabang Delhi K.C.,,Dabang Delhi K.C.,Dabang Delhi K.C.,Dabang Delhi K.C.,Dabang Delhi K.C.,,26,,32,38,42,,4,4,4,16,,45,,2,7,7,,36,38,2.71,2,,3.2142857142857144,,0.1428571428571428,0.5,0.5,,2.5714285714285716,2.7142857142857144,0.1935714285714285,0.1428571428571428,,2,,2,2,2,,2,2,2,2,,0,,0,0,0,,0,0,0,0,
Jasvir Singh,Jasvir Singh,Jasvir Singh,Jasvir Singh,Jasvir Singh,Jasvir Singh,Jasvir Singh,Jasvir Singh,Jasvir Singh,Jasvir Singh,,15,15,15,15,15,15,15,15,15,15,,Raider,Raider,Raider,Raider,Raider,Raider,Raider,Raider,Raider,Raider,,,,,,,,,,,,,JAI,JAI,JAI,JAI,JAI,JAI,JAI,JAI,JAI,JAI,,Jaipur Pink Panthers,Jaipur Pink Panthers,Jaipur Pink Panthers,Jaipur Pink Panthers,Jaipur Pink Panthers,Jaipur Pink Panthers,Jaipur Pink Panthers,Jaipur Pink Panthers,Jaipur Pink Panthers,Jaipur Pink Panthers,,9,12,15,9,8,17,47,47,64,46,,113,2,9,83,106,2,6,7,0.47,1,,7.533333333333333,0.1333333333333333,0.6,5.533333333333333,7.066666666666666,0.1333333333333333,0.4,0.4666666666666667,0.031333333,0.066666667,,3,3,3,3,3,3,3,3,3,3,,8,8,8,8,8,8,8,8,8,8,
Jeeva Gopal,,,,,,Jeeva Gopal,Jeeva Gopal,Jeeva Gopal,,,11,,,,,,11,11,11,,,Defender,,,,,,Defender,Defender,Defender,,,,,,,,,,,,,,MUM,,,,,,MUM,MUM,MUM,,,U Mumba,,,,,,U Mumba,U Mumba,U Mumba,,,72,,,,,,48,51,59,,,6,,,,,,6,6,0.55,,,0.5454545454545454,,,,,,0.5454545454545454,0.5454545454545454,0.05,,,5,,,,,,5,5,5,,,9,,,,,,9,9,9,,
Jeeva Kumar,,,,,,Jeeva Kumar,Jeeva Kumar,Jeeva Kumar,,,9,,,,,,9,9,9,,,Defender,,,,,,Defender,Defender,Defender,,,,,,,,,,,,,,MUM,,,,,,MUM,MUM,MUM,,,U Mumba,,,,,,U Mumba,U Mumba,U Mumba,,,58,,,,,,28,30,18,,,16,,,,,,16,16,1.78,,,1.7777777777777777,,,,,,1.7777777777777777,1.7777777777777777,0.1977777777777777,,,5,,,,,,5,5,5,,,9,,,,,,9,9,9,,
Jitesh Joshi,,Jitesh Joshi,Jitesh Joshi,Jitesh Joshi,,Jitesh Joshi,Jitesh Joshi,Jitesh Joshi,Jitesh Joshi,Jitesh Joshi,14,,14,14,14,,14,14,14,14,14,All Rounder,,All Rounder,All Rounder,All Rounder,,All Rounder,All Rounder,All Rounder,All Rounder,All Rounder,,,,,,,,,,,,PUN,,PUN,PUN,PUN,,PUN,PUN,PUN,PUN,PUN,Puneri Paltan,,Puneri Paltan,Puneri Paltan,Puneri Paltan,,Puneri Paltan,Puneri Paltan,Puneri Paltan,Puneri Paltan,Puneri Paltan,22,,12,24,23,,35,33,43,15,9,53,,10,31,40,,11,13,0.93,2,2,3.7857142857142856,,0.7142857142857143,2.2142857142857144,2.857142857142857,,0.7857142857142857,0.9285714285714286,0.066428571,0.1428571428571428,0.1428571428571428,7,,7,7,7,,7,7,7,7,7,0,,0,0,0,,0,0,0,0,0
Kalimuthu Balamahendran,,,Kalimuthu Balamahendran,Kalimuthu Balamahendran,Kalimuthu Balamahendran,Kalimuthu Balamahendran,Kalimuthu Balamahendran,Kalimuthu Balamahendran,Kalimuthu Balamahendran,,14,,,14,14,14,14,14,14,14,,Defender,,,Defender,Defender,Defender,Defender,Defender,Defender,Defender,,,,,,,,,,,,,PUN,,,PUN,PUN,PUN,PUN,PUN,PUN,PUN,,Puneri Paltan,,,Puneri Paltan,Puneri Paltan,Puneri Paltan,Puneri Paltan,Puneri Paltan,Puneri Paltan,Puneri Paltan,,36,,,37,36,25,29,22,27,1,,32,,,8,12,1,14,20,1.43,6,,2.2857142857142856,,,0.5714285714285714,0.8571428571428571,0.071428571,1,1.4285714285714286,0.1021428571428571,0.4285714285714285,,7,,,7,7,7,7,7,7,7,,9,,,9,9,9,9,9,9,9,
Kashiling Adake,Kashiling Adake,Kashiling Adake,Kashiling Adake,Kashiling Adake,Kashiling Adake,Kashiling Adake,Kashiling Adake,Kashiling Adake,Kashiling Adake,,14,14,14,14,14,14,14,14,14,14,,Raider,Raider,Raider,Raider,Raider,Raider,Raider,Raider,Raider,Raider,,,,,,,,,,,,,DEL,DEL,DEL,DEL,DEL,DEL,DEL,DEL,DEL,DEL,,Dabang Delhi K.C.,Dabang Delhi K.C.,Dabang Delhi K.C.,Dabang Delhi K.C.,Dabang Delhi K.C.,Dabang Delhi K.C.,Dabang Delhi K.C.,Dabang Delhi K.C.,Dabang Delhi K.C.,Dabang Delhi K.C.,,5,6,4,6,5,8,42,42,54,47,,122,5,18,92,113,3,8,9,0.64,1,,8.714285714285714,0.3571428571428571,1.2857142857142858,6.571428571428571,8.071428571428571,0.2142857142857142,0.5714285714285714,0.6428571428571429,0.045714286,0.071428571,,2,2,2,2,2,2,2,2,2,2,,8,8,8,8,8,8,8,8,8,8,
Kuldeep Singh,,,,,,Kuldeep Singh,Kuldeep Singh,Kuldeep Singh,Kuldeep Singh,,3,,,,,,3,3,3,3,,Defender,,,,,,Defender,Defender,Defender,Defender,,,,,,,,,,,,,PAT,,,,,,PAT,PAT,PAT,PAT,,Patna Pirates,,,,,,Patna Pirates,Patna Pirates,Patna Pirates,Patna Pirates,,74,,,,,,56,53,21,48,,5,,,,,,4,5,1.67,1,,1.6666666666666667,,,,,,1.3333333333333333,1.6666666666666667,0.5566666666666666,0.3333333333333333,,6,,,,,,6,6,6,6,,9,,,,,,9,9,9,9,
Mahesh Goud,,Mahesh Goud,Mahesh Goud,Mahesh Goud,Mahesh Goud,Mahesh Goud,Mahesh Goud,Mahesh Goud,,,13,,13,13,13,13,13,13,13,,,Raider,,Raider,Raider,Raider,Raider,Raider,Raider,Raider,,,,,,,,,,,,,,KOL,,KOL,KOL,KOL,KOL,KOL,KOL,KOL,,,Bengal Warriors,,Bengal Warriors,Bengal Warriors,Bengal Warriors,Bengal Warriors,Bengal Warriors,Bengal Warriors,Bengal Warriors,,,20,,23,19,20,26,43,43,56,,,59,,6,40,51,1,8,8,0.62,,,4.538461538461538,,0.4615384615384615,3.076923076923077,3.923076923076923,0.076923077,0.6153846153846154,0.6153846153846154,0.047692308,,,4,,4,4,4,4,4,4,4,,,8,,8,8,8,8,8,8,8,,
Mahipal Narwal,Mahipal Narwal,Mahipal Narwal,Mahipal Narwal,Mahipal Narwal,Mahipal Narwal,Mahipal Narwal,Mahipal Narwal,Mahipal Narwal,,,5,5,5,5,5,5,5,5,5,,,All Rounder,All Rounder,All Rounder,All Rounder,All Rounder,All Rounder,All Rounder,All Rounder,All Rounder,,,,,,,,,,,,,,PUN,PUN,PUN,PUN,PUN,PUN,PUN,PUN,PUN,,,Puneri Paltan,Puneri Paltan,Puneri Paltan,Puneri Paltan,Puneri Paltan,Puneri Paltan,Puneri Paltan,Puneri Paltan,Puneri Paltan,,,37,20,26,28,27,14,46,46,29,,,31,1,5,16,24,2,7,7,1.4,,,6.2,0.2,1,3.2,4.8,0.4,1.4,1.4,0.2799999999999999,,,7,7,7,7,7,7,7,7,7,,,0,0,0,0,0,0,0,0,0,,
Mandeep Kumar,,,Mandeep Kumar,Mandeep Kumar,Mandeep Kumar,,,,,,7,,,7,7,7,,,,,,Raider,,,Raider,Raider,Raider,,,,,,,,,,,,,,,,,PAT,,,PAT,PAT,PAT,,,,,,Patna Pirates,,,Patna Pirates,Patna Pirates,Patna Pirates,,,,,,78,,,57,47,29,,,,,,5,,,2,5,1,,,,,,0.7142857142857143,,,0.2857142857142857,0.7142857142857143,0.1428571428571428,,,,,,6,,,6,6,6,,,,,,8,,,8,8,8,,,,,
Manjeet Chhillar,Manjeet Chhillar,Manjeet Chhillar,Manjeet Chhillar,Manjeet Chhillar,Manjeet Chhillar,Manjeet Chhillar,Manjeet Chhillar,Manjeet Chhillar,,Manjeet Chhillar,16,16,16,16,16,16,16,16,16,,16,All Rounder,All Rounder,All Rounder,All Rounder,All Rounder,All Rounder,All Rounder,All Rounder,All Rounder,,All Rounder,,,,,,,,,,,,BLR,BLR,BLR,BLR,BLR,BLR,BLR,BLR,BLR,,BLR,Bengaluru Bulls,Bengaluru Bulls,Bengaluru Bulls,Bengaluru Bulls,Bengaluru Bulls,Bengaluru Bulls,Bengaluru Bulls,Bengaluru Bulls,Bengaluru Bulls,,Bengaluru Bulls,6,15,21,16,16,15,1,1,3,,5,122,2,7,53,71,2,51,51,3.19,,3,7.625,0.125,0.4375,3.3125,4.4375,0.125,3.1875,3.1875,0.199375,,0.1875,1,1,1,1,1,1,1,1,1,,1,0,0,0,0,0,0,0,0,0,,0
Manoj Kumar,,,Manoj Kumar,Manoj Kumar,Manoj Kumar,Manoj Kumar,Manoj Kumar,Manoj Kumar,Manoj Kumar,,14,,,14,14,14,14,14,14,14,,Defender,,,Defender,Defender,Defender,Defender,Defender,Defender,Defender,,,,,,,,,,,,,PUN,,,PUN,PUN,PUN,PUN,PUN,PUN,PUN,,Puneri Paltan,,,Puneri Paltan,Puneri Paltan,Puneri Paltan,Puneri Paltan,Puneri Paltan,Puneri Paltan,Puneri Paltan,,29,,,30,28,16,26,23,28,14,,42,,,14,22,2,17,20,1.43,3,,3,,,1,1.5714285714285714,0.1428571428571428,1.2142857142857142,1.4285714285714286,0.1021428571428571,0.2142857142857142,,7,,,7,7,7,7,7,7,7,,9,,,9,9,9,9,9,9,9,
Mohit Chhillar,,,Mohit Chhillar,Mohit Chhillar,,Mohit Chhillar,Mohit Chhillar,Mohit Chhillar,Mohit Chhillar,Mohit Chhillar,16,,,16,16,,16,16,16,16,16,Defender,,,Defender,Defender,,Defender,Defender,Defender,Defender,Defender,,,,,,,,,,,,MUM,,,MUM,MUM,,MUM,MUM,MUM,MUM,MUM,U Mumba,,,U Mumba,U Mumba,,U Mumba,U Mumba,U Mumba,U Mumba,U Mumba,31,,,65,66,,6,6,10,3,6,36,,,1,1,,30,35,2.19,5,2,2.25,,,0.0625,0.0625,,1.875,2.1875,0.136875,0.3125,0.125,5,,,5,5,,5,5,5,5,5,9,,,9,9,,9,9,9,9,9
Navneet Gautam,,,,,,Navneet Gautam,Navneet Gautam,Navneet Gautam,Navneet Gautam,Navneet Gautam,14,,,,,,14,14,14,14,14,Defender,,,,,,Defender,Defender,Defender,Defender,Defender,,,,,,,,,,,,JAI,,,,,,JAI,JAI,JAI,JAI,JAI,Jaipur Pink Panthers,,,,,,Jaipur Pink Panthers,Jaipur Pink Panthers,Jaipur Pink Panthers,Jaipur Pink Panthers,Jaipur Pink Panthers,56,,,,,,27,28,37,49,23,17,,,,,,16,17,1.21,1,1,1.2142857142857142,,,,,,1.1428571428571428,1.2142857142857142,0.086428571,0.071428571,0.071428571,3,,,,,,3,3,3,3,3,9,,,,,,9,9,9,9,9
Nilesh Shinde,,,Nilesh Shinde,Nilesh Shinde,,Nilesh Shinde,Nilesh Shinde,Nilesh Shinde,Nilesh Shinde,Nilesh Shinde,14,,,14,14,,14,14,14,14,14,Defender,,,Defender,Defender,,Defender,Defender,Defender,Defender,Defender,,,,,,,,,,,,KOL,,,KOL,KOL,,KOL,KOL,KOL,KOL,KOL,Bengal Warriors,,,Bengal Warriors,Bengal Warriors,,Bengal Warriors,Bengal Warriors,Bengal Warriors,Bengal Warriors,Bengal Warriors,34,,,43,43,,10,10,13,11,7,35,,,5,7,,25,28,2,3,2,2.5,,,0.3571428571428571,0.5,,1.7857142857142858,2,0.1428571428571428,0.2142857142857142,0.1428571428571428,4,,,4,4,,4,4,4,4,4,9,,,9,9,,9,9,9,9,9
Nitin Madane,Nitin Madane,Nitin Madane,Nitin Madane,Nitin Madane,Nitin Madane,Nitin Madane,Nitin Madane,Nitin Madane,Nitin Madane,,12,12,12,12,12,12,12,12,12,12,,Raider,Raider,Raider,Raider,Raider,Raider,Raider,Raider,Raider,Raider,,,,,,,,,,,,,KOL,KOL,KOL,KOL,KOL,KOL,KOL,KOL,KOL,KOL,,Bengal Warriors,Bengal Warriors,Bengal Warriors,Bengal Warriors,Bengal Warriors,Bengal Warriors,Bengal Warriors,Bengal Warriors,Bengal Warriors,Bengal Warriors,,12,7,19,10,10,10,57,52,62,18,,107,5,8,78,101,3,4,6,0.5,2,,8.916666666666666,0.4166666666666667,0.6666666666666666,6.5,8.416666666666666,0.25,0.3333333333333333,0.5,0.041666667,0.1666666666666666,,4,4,4,4,4,4,4,4,4,4,,8,8,8,8,8,8,8,8,8,8,
Nitin More,,,,,,Nitin More,Nitin More,Nitin More,,Nitin More,9,,,,,,9,9,9,,9,Defender,,,,,,Defender,Defender,Defender,,Defender,,,,,,,,,,,,PUN,,,,,,PUN,PUN,PUN,,PUN,Puneri Paltan,,,,,,Puneri Paltan,Puneri Paltan,Puneri Paltan,,Puneri Paltan,61,,,,,,33,35,32,,22,12,,,,,,12,12,1.33,,1,1.3333333333333333,,,,,,1.3333333333333333,1.3333333333333333,0.1477777777777777,,0.1111111111111111,7,,,,,,7,7,7,,7,9,,,,,,9,9,9,,9
Parveen Kumar,,,,,,Parveen Kumar,Parveen Kumar,Parveen Kumar,Parveen Kumar,,8,,,,,,8,8,8,8,,Defender,,,,,,Defender,Defender,Defender,Defender,,,,,,,,,,,,,KOL,,,,,,KOL,KOL,KOL,KOL,,Bengal Warriors,,,,,,Bengal Warriors,Bengal Warriors,Bengal Warriors,Bengal Warriors,,88,,,,,,67,65,68,33,,3,,,,,,2,3,0.38,1,,0.375,,,,,,0.25,0.375,0.0475,0.125,,4,,,,,,4,4,4,4,,9,,,,,,9,9,9,9,
Pravin Niwale,Pravin Niwale,Pravin Niwale,Pravin Niwale,Pravin Niwale,Pravin Niwale,Pravin Niwale,Pravin Niwale,Pravin Niwale,,,7,7,7,7,7,7,7,7,7,,,Raider,Raider,Raider,Raider,Raider,Raider,Raider,Raider,Raider,,,,,,,,,,,,,,PUN,PUN,PUN,PUN,PUN,PUN,PUN,PUN,PUN,,,Puneri Paltan,Puneri Paltan,Puneri Paltan,Puneri Paltan,Puneri Paltan,Puneri Paltan,Puneri Paltan,Puneri Paltan,Puneri Paltan,,,50,19,27,31,30,11,84,84,82,,,21,1,5,12,20,3,1,1,0.14,,,3,0.1428571428571428,0.7142857142857143,1.7142857142857142,2.857142857142857,0.4285714285714285,0.1428571428571428,0.1428571428571428,0.02,,,7,7,7,7,7,7,7,7,7,,,8,8,8,8,8,8,8,8,8,,
Punit Kumar Teotia,,,Punit Kumar Teotia,Punit Kumar Teotia,,Punit Kumar Teotia,Punit Kumar Teotia,Punit Kumar Teotia,,,4,,,4,4,,4,4,4,,,Raider,,,Raider,Raider,,Raider,Raider,Raider,,,,,,,,,,,,,,DEL,,,DEL,DEL,,DEL,DEL,DEL,,,Dabang Delhi K.C.,,,Dabang Delhi K.C.,Dabang Delhi K.C.,,Dabang Delhi K.C.,Dabang Delhi K.C.,Dabang Delhi K.C.,,,77,,,58,55,,66,66,63,,,5,,,2,3,,2,2,0.5,,,1.25,,,0.5,0.75,,0.5,0.5,0.125,,,2,,,2,2,,2,2,2,,,8,,,8,8,,8,8,8,,
Rahul Chaudhari,Rahul Chaudhari,Rahul Chaudhari,Rahul Chaudhari,Rahul Chaudhari,Rahul Chaudhari,Rahul Chaudhari,Rahul Chaudhari,Rahul Chaudhari,Rahul Chaudhari,,14,14,14,14,14,14,14,14,14,14,,Raider,Raider,Raider,Raider,Raider,Raider,Raider,Raider,Raider,Raider,,,,,,,,,,,,,HYD,HYD,HYD,HYD,HYD,HYD,HYD,HYD,HYD,HYD,,Telugu Titans,Telugu Titans,Telugu Titans,Telugu Titans,Telugu Titans,Telugu Titans,Telugu Titans,Telugu Titans,Telugu Titans,Telugu Titans,,2,2,14,2,2,12,40,40,50,34,,161,8,9,122,151,2,9,10,0.71,1,,11.5,0.5714285714285714,0.6428571428571429,8.714285714285714,10.785714285714286,0.1428571428571428,0.6428571428571429,0.7142857142857143,0.050714286,0.071428571,,8,8,8,8,8,8,8,8,8,8,,8,8,8,8,8,8,8,8,8,8,
Rajaguru Subramanian,,,,,,Rajaguru Subramanian,Rajaguru Subramanian,Rajaguru Subramanian,Rajaguru Subramanian,,14,,,,,,14,14,14,14,,Defender,,,,,,Defender,Defender,Defender,Defender,,,,,,,,,,,,,HYD,,,,,,HYD,HYD,HYD,HYD,,Telugu Titans,,,,,,Telugu Titans,Telugu Titans,Telugu Titans,Telugu Titans,,54,,,,,,24,26,31,35,,19,,,,,,18,19,1.36,1,,1.3571428571428572,,,,,,1.2857142857142858,1.3571428571428572,0.097142857,0.071428571,,8,,,,,,8,8,8,8,,9,,,,,,9,9,9,9,
Rajesh Mondal,,Rajesh Mondal,Rajesh Mondal,Rajesh Mondal,Rajesh Mondal,Rajesh Mondal,Rajesh Mondal,Rajesh Mondal,Rajesh Mondal,,15,,15,15,15,15,15,15,15,15,,Raider,,Raider,Raider,Raider,Raider,Raider,Raider,Raider,Raider,,,,,,,,,,,,,BLR,,BLR,BLR,BLR,BLR,BLR,BLR,BLR,BLR,,Bengaluru Bulls,,Bengaluru Bulls,Bengaluru Bulls,Bengaluru Bulls,Bengaluru Bulls,Bengaluru Bulls,Bengaluru Bulls,Bengaluru Bulls,Bengaluru Bulls,,27,,10,23,24,13,53,57,69,36,,44,,10,32,39,2,4,5,0.33,1,,2.933333333333333,,0.6666666666666666,2.1333333333333333,2.6,0.1333333333333333,0.2666666666666666,0.3333333333333333,0.022,0.066666667,,1,,1,1,1,1,1,1,1,1,,8,,8,8,8,8,8,8,8,8,
Rajesh Narwal,,Rajesh Narwal,Rajesh Narwal,Rajesh Narwal,Rajesh Narwal,Rajesh Narwal,Rajesh Narwal,Rajesh Narwal,Rajesh Narwal,Rajesh Narwal,16,,16,16,16,16,16,16,16,16,16,All Rounder,,All Rounder,All Rounder,All Rounder,All Rounder,All Rounder,All Rounder,All Rounder,All Rounder,All Rounder,,,,,,,,,,,,JAI,,JAI,JAI,JAI,JAI,JAI,JAI,JAI,JAI,JAI,Jaipur Pink Panthers,,Jaipur Pink Panthers,Jaipur Pink Panthers,Jaipur Pink Panthers,Jaipur Pink Panthers,Jaipur Pink Panthers,Jaipur Pink Panthers,Jaipur Pink Panthers,Jaipur Pink Panthers,Jaipur Pink Panthers,14,,6,15,15,5,11,14,22,37,10,98,,14,59,72,3,25,26,1.63,1,2,6.125,,0.875,3.6875,4.5,0.1875,1.5625,1.625,0.101875,0.0625,0.125,3,,3,3,3,3,3,3,3,3,3,0,,0,0,0,0,0,0,0,0,0
Raju Lal Choudhary,,,,,,Raju Lal Choudhary,Raju Lal Choudhary,Raju Lal Choudhary,,,5,,,,,,5,5,5,,,Defender,,,,,,Defender,Defender,Defender,,,,,,,,,,,,,,JAI,,,,,,JAI,JAI,JAI,,,Jaipur Pink Panthers,,,,,,Jaipur Pink Panthers,Jaipur Pink Panthers,Jaipur Pink Panthers,,,89,,,,,,65,67,67,,,2,,,,,,2,2,0.4,,,0.4,,,,,,0.4,0.4,0.08,,,3,,,,,,3,3,3,,,9,,,,,,9,9,9,,
Rakesh Kumar,Rakesh Kumar,Rakesh Kumar,Rakesh Kumar,Rakesh Kumar,,Rakesh Kumar,Rakesh Kumar,Rakesh Kumar,,,12,12,12,12,12,,12,12,12,,,All Rounder,All Rounder,All Rounder,All Rounder,All Rounder,,All Rounder,All Rounder,All Rounder,,,,,,,,,,,,,,PAT,PAT,PAT,PAT,PAT,,PAT,PAT,PAT,,,Patna Pirates,Patna Pirates,Patna Pirates,Patna Pirates,Patna Pirates,,Patna Pirates,Patna Pirates,Patna Pirates,,,13,14,22,11,12,,36,36,44,,,99,2,6,76,88,,11,11,0.92,,,8.25,0.1666666666666666,0.5,6.333333333333333,7.333333333333333,,0.9166666666666666,0.9166666666666666,0.076666667,,,6,6,6,6,6,,6,6,6,,,0,0,0,0,0,,0,0,0,,
Ram Kumar Sah,,,Ram Kumar Sah,Ram Kumar Sah,,Ram Kumar Sah,Ram Kumar Sah,Ram Kumar Sah,Ram Kumar Sah,Ram Kumar Sah,9,,,9,9,,9,9,9,9,9,Defender,,,Defender,Defender,,Defender,Defender,Defender,Defender,Defender,,,,,,,,,,,,PAT,,,PAT,PAT,,PAT,PAT,PAT,PAT,PAT,Patna Pirates,,,Patna Pirates,Patna Pirates,,Patna Pirates,Patna Pirates,Patna Pirates,Patna Pirates,Patna Pirates,55,,,52,56,,30,31,20,38,11,18,,,3,3,,14,15,1.67,1,2,2,,,0.3333333333333333,0.3333333333333333,,1.5555555555555556,1.6666666666666667,0.1855555555555555,0.1111111111111111,0.2222222222222222,6,,,6,6,,6,6,6,6,6,9,,,9,9,,9,9,9,9,9
Ravi Dalal,Ravi Dalal,Ravi Dalal,Ravi Dalal,Ravi Dalal,Ravi Dalal,,,,,,16,16,16,16,16,16,,,,,,Raider,Raider,Raider,Raider,Raider,Raider,,,,,,,,,,,,,,,,,PAT,PAT,PAT,PAT,PAT,PAT,,,,,,Patna Pirates,Patna Pirates,Patna Pirates,Patna Pirates,Patna Pirates,Patna Pirates,,,,,,11,9,2,7,7,4,,,,,,111,3,20,87,111,4,,,,,,6.9375,0.1875,1.25,5.4375,6.9375,0.25,,,,,,6,6,6,6,6,6,,,,,,8,8,8,8,8,8,,,,,
Rishank Devadiga,,Rishank Devadiga,Rishank Devadiga,Rishank Devadiga,Rishank Devadiga,Rishank Devadiga,Rishank Devadiga,Rishank Devadiga,,,16,,16,16,16,16,16,16,16,,,Raider,,Raider,Raider,Raider,Raider,Raider,Raider,Raider,,,,,,,,,,,,,,MUM,,MUM,MUM,MUM,MUM,MUM,MUM,MUM,,,U Mumba,,U Mumba,U Mumba,U Mumba,U Mumba,U Mumba,U Mumba,U Mumba,,,17,,13,18,18,22,31,34,47,,,77,,10,45,64,2,13,13,0.81,,,4.8125,,0.625,2.8125,4,0.125,0.8125,0.8125,0.050625,,,5,,5,5,5,5,5,5,5,,,8,,8,8,8,8,8,8,8,,
Rohit Rana,,,,,,Rohit Rana,Rohit Rana,Rohit Rana,Rohit Rana,Rohit Rana,15,,,,,,15,15,15,15,15,Defender,,,,,,Defender,Defender,Defender,Defender,Defender,,,,,,,,,,,,JAI,,,,,,JAI,JAI,JAI,JAI,JAI,Jaipur Pink Panthers,,,,,,Jaipur Pink Panthers,Jaipur Pink Panthers,Jaipur Pink Panthers,Jaipur Pink Panthers,Jaipur Pink Panthers,30,,,,,,3,5,5,39,4,38,,,,,,37,38,2.53,1,3,2.533333333333333,,,,,,2.466666666666667,2.533333333333333,0.1686666666666666,0.066666667,0.2,3,,,,,,3,3,3,3,3,9,,,,,,9,9,9,9,9
Rupesh Tomar,,,Rupesh Tomar,Rupesh Tomar,,Rupesh Tomar,Rupesh Tomar,Rupesh Tomar,Rupesh Tomar,,5,,,5,5,,5,5,5,5,,All Rounder,,,All Rounder,All Rounder,,All Rounder,All Rounder,All Rounder,All Rounder,,,,,,,,,,,,,HYD,,,HYD,HYD,,HYD,HYD,HYD,HYD,,Telugu Titans,,,Telugu Titans,Telugu Titans,,Telugu Titans,Telugu Titans,Telugu Titans,Telugu Titans,,79,,,68,67,,64,58,48,40,,5,,,1,1,,3,4,0.8,1,,1,,,0.2,0.2,,0.6,0.8,0.16,0.2,,8,,,8,8,,8,8,8,8,,0,,,0,0,,0,0,0,0,
Sachin Khambe,,Sachin Khambe,Sachin Khambe,Sachin Khambe,,Sachin Khambe,Sachin Khambe,Sachin Khambe,Sachin Khambe,,14,,14,14,14,,14,14,14,14,,Defender,,Defender,Defender,Defender,,Defender,Defender,Defender,Defender,,,,,,,,,,,,,KOL,,KOL,KOL,KOL,,KOL,KOL,KOL,KOL,,Bengal Warriors,,Bengal Warriors,Bengal Warriors,Bengal Warriors,,Bengal Warriors,Bengal Warriors,Bengal Warriors,Bengal Warriors,,43,,46,47,50,,20,20,23,20,,27,,1,5,5,,20,22,1.57,2,,1.9285714285714288,,0.071428571,0.3571428571428571,0.3571428571428571,,1.4285714285714286,1.5714285714285714,0.1121428571428571,0.1428571428571428,,4,,4,4,4,,4,4,4,4,,9,,9,9,9,,9,9,9,9,
Shabeer Bappu,Shabeer Bappu,Shabeer Bappu,Shabeer Bappu,Shabeer Bappu,Shabeer Bappu,Shabeer Bappu,Shabeer Bappu,Shabeer Bappu,,,10,10,10,10,10,10,10,10,10,,,Raider,Raider,Raider,Raider,Raider,Raider,Raider,Raider,Raider,,,,,,,,,,,,,,MUM,MUM,MUM,MUM,MUM,MUM,MUM,MUM,MUM,,,U Mumba,U Mumba,U Mumba,U Mumba,U Mumba,U Mumba,U Mumba,U Mumba,U Mumba,,,18,10,7,17,17,23,85,85,85,,,67,3,11,51,66,2,1,1,0.1,,,6.7,0.3,1.1,5.1,6.6,0.2,0.1,0.1,0.01,,,5,5,5,5,5,5,5,5,5,,,8,8,8,8,8,8,8,8,8,,
Shrikant Tewthia,Shrikant Tewthia,Shrikant Tewthia,Shrikant Tewthia,Shrikant Tewthia,,Shrikant Tewthia,Shrikant Tewthia,Shrikant Tewthia,Shrikant Tewthia,,14,14,14,14,14,,14,14,14,14,,All Rounder,All Rounder,All Rounder,All Rounder,All Rounder,,All Rounder,All Rounder,All Rounder,All Rounder,,,,,,,,,,,,,DEL,DEL,DEL,DEL,DEL,,DEL,DEL,DEL,DEL,,Dabang Delhi K.C.,Dabang Delhi K.C.,Dabang Delhi K.C.,Dabang Delhi K.C.,Dabang Delhi K.C.,,Dabang Delhi K.C.,Dabang Delhi K.C.,Dabang Delhi K.C.,Dabang Delhi K.C.,,25,16,29,21,22,,41,41,53,30,,50,1,3,37,41,,8,9,0.64,1,,3.5714285714285716,0.071428571,0.2142857142857142,2.642857142857143,2.9285714285714284,,0.5714285714285714,0.6428571428571429,0.045714286,0.071428571,,2,2,2,2,2,,2,2,2,2,,0,0,0,0,0,,0,0,0,0,
Shyam Kumar Sah,,Shyam Kumar Sah,Shyam Kumar Sah,Shyam Kumar Sah,,Shyam Kumar Sah,Shyam Kumar Sah,Shyam Kumar Sah,Shyam Kumar Sah,,13,,13,13,13,,13,13,13,13,,Defender,,Defender,Defender,Defender,,Defender,Defender,Defender,Defender,,,,,,,,,,,,,KOL,,KOL,KOL,KOL,,KOL,KOL,KOL,KOL,,Bengal Warriors,,Bengal Warriors,Bengal Warriors,Bengal Warriors,,Bengal Warriors,Bengal Warriors,Bengal Warriors,Bengal Warriors,,42,,45,40,39,,25,27,30,31,,28,,1,7,10,,17,18,1.38,1,,2.1538461538461537,,0.076923077,0.5384615384615384,0.7692307692307693,,1.3076923076923077,1.3846153846153846,0.1061538461538461,0.076923077,,4,,4,4,4,,4,4,4,4,,9,,9,9,9,,9,9,9,9,
Sukesh Hegde,,Sukesh Hegde,Sukesh Hegde,Sukesh Hegde,Sukesh Hegde,Sukesh Hegde,Sukesh Hegde,Sukesh Hegde,,,14,,14,14,14,14,14,14,14,,,Raider,,Raider,Raider,Raider,Raider,Raider,Raider,Raider,,,,,,,,,,,,,,HYD,,HYD,HYD,HYD,HYD,HYD,HYD,HYD,,,Telugu Titans,,Telugu Titans,Telugu Titans,Telugu Titans,Telugu Titans,Telugu Titans,Telugu Titans,Telugu Titans,,,16,,5,14,14,6,54,59,74,,,83,,15,60,79,3,4,4,0.29,,,5.928571428571429,,1.0714285714285714,4.285714285714286,5.642857142857143,0.2142857142857142,0.2857142857142857,0.2857142857142857,0.020714286,,,8,,8,8,8,8,8,8,8,,,8,,8,8,8,8,8,8,8,,
Sunil Hanumanthappa,,,Sunil Hanumanthappa,Sunil Hanumanthappa,,Sunil Hanumanthappa,Sunil Hanumanthappa,Sunil Hanumanthappa,,,5,,,5,5,,5,5,5,,,Raider,,,Raider,Raider,,Raider,Raider,Raider,,,,,,,,,,,,,,BLR,,,BLR,BLR,,BLR,BLR,BLR,,,Bengaluru Bulls,,,Bengaluru Bulls,Bengaluru Bulls,,Bengaluru Bulls,Bengaluru Bulls,Bengaluru Bulls,,,84,,,67,60,,68,68,66,,,4,,,1,2,,2,2,0.4,,,0.8,,,0.2,0.4,,0.4,0.4,0.08,,,1,,,1,1,,1,1,1,,,8,,,8,8,,8,8,8,,
Surjeet Narwal,Surjeet Narwal,Surjeet Narwal,Surjeet Narwal,Surjeet Narwal,Surjeet Narwal,Surjeet Narwal,Surjeet Narwal,Surjeet Narwal,Surjeet Narwal,,14,14,14,14,14,14,14,14,14,14,,Raider,Raider,Raider,Raider,Raider,Raider,Raider,Raider,Raider,Raider,,,,,,,,,,,,,DEL,DEL,DEL,DEL,DEL,DEL,DEL,DEL,DEL,DEL,,Dabang Delhi K.C.,Dabang Delhi K.C.,Dabang Delhi K.C.,Dabang Delhi K.C.,Dabang Delhi K.C.,Dabang Delhi K.C.,Dabang Delhi K.C.,Dabang Delhi K.C.,Dabang Delhi K.C.,Dabang Delhi K.C.,,7,3,20,4,6,18,51,48,61,21,,120,6,8,98,113,2,5,7,0.5,2,,8.571428571428571,0.4285714285714285,0.5714285714285714,7,8.071428571428571,0.1428571428571428,0.3571428571428571,0.5,0.035714286,0.1428571428571428,,2,2,2,2,2,2,2,2,2,2,,8,8,8,8,8,8,8,8,8,8,
Vishal Mane,,,,,,Vishal Mane,Vishal Mane,Vishal Mane,Vishal Mane,Vishal Mane,16,,,,,,16,16,16,16,16,Defender,,,,,,Defender,Defender,Defender,Defender,Defender,,,,,,,,,,,,MUM,,,,,,MUM,MUM,MUM,MUM,MUM,U Mumba,,,,,,U Mumba,U Mumba,U Mumba,U Mumba,U Mumba,51,,,,,,21,21,35,29,18,20,,,,,,19,20,1.25,1,1,1.25,,,,,,1.1875,1.25,0.078125,0.0625,0.0625,5,,,,,,5,5,5,5,5,9,,,,,,9,9,9,9,9
Wazir Singh,Wazir Singh,Wazir Singh,Wazir Singh,Wazir Singh,Wazir Singh,Wazir Singh,Wazir Singh,Wazir Singh,Wazir Singh,,12,12,12,12,12,12,12,12,12,12,,Raider,Raider,Raider,Raider,Raider,Raider,Raider,Raider,Raider,Raider,,,,,,,,,,,,,PUN,PUN,PUN,PUN,PUN,PUN,PUN,PUN,PUN,PUN,,Puneri Paltan,Puneri Paltan,Puneri Paltan,Puneri Paltan,Puneri Paltan,Puneri Paltan,Puneri Paltan,Puneri Paltan,Puneri Paltan,Puneri Paltan,,10,8,3,8,9,19,50,49,57,19,,111,4,20,85,104,2,5,7,0.58,2,,9.25,0.3333333333333333,1.6666666666666667,7.083333333333333,8.666666666666666,0.1666666666666666,0.4166666666666667,0.5833333333333334,0.048333333,0.1666666666666666,,7,7,7,7,7,7,7,7,7,7,,8,8,8,8,8,8,8,8,8,8,
Sunil Jaipal,,Sunil Jaipal,Sunil Jaipal,Sunil Jaipal,Sunil Jaipal,Sunil Jaipal,Sunil Jaipal,Sunil Jaipal,Sunil Jaipal,Sunil Jaipal,13,,13,13,13,13,13,13,13,13,13,Raider,,Raider,Raider,Raider,Raider,Raider,Raider,Raider,Raider,Raider,,,,,,,,,,,,KOL,,KOL,KOL,KOL,KOL,KOL,KOL,KOL,KOL,KOL,Bengal Warriors,,Bengal Warriors,Bengal Warriors,Bengal Warriors,Bengal Warriors,Bengal Warriors,Bengal Warriors,Bengal Warriors,Bengal Warriors,Bengal Warriors,24,,28,25,25,20,32,29,34,5,19,50,,3,22,33,2,13,17,1.31,4,1,3.8461538461538463,,0.2307692307692307,1.6923076923076923,2.5384615384615383,0.1538461538461538,1,1.3076923076923077,0.1007692307692307,0.3076923076923077,0.076923077,4,,4,4,4,4,4,4,4,4,4,8,,8,8,8,8,8,8,8,8,8
Sandeep Narwal,Sandeep Narwal,Sandeep Narwal,Sandeep Narwal,Sandeep Narwal,Sandeep Narwal,Sandeep Narwal,Sandeep Narwal,Sandeep Narwal,Sandeep Narwal,Sandeep Narwal,16,16,16,16,16,16,16,16,16,16,16,All Rounder,All Rounder,All Rounder,All Rounder,All Rounder,All Rounder,All Rounder,All Rounder,All Rounder,All Rounder,All Rounder,,,,,,,,,,,,PAT,PAT,PAT,PAT,PAT,PAT,PAT,PAT,PAT,PAT,PAT,Patna Pirates,Patna Pirates,Patna Pirates,Patna Pirates,Patna Pirates,Patna Pirates,Patna Pirates,Patna Pirates,Patna Pirates,Patna Pirates,Patna Pirates,8,17,9,13,11,2,17,13,19,2,13,119,1,11,68,92,7,21,27,1.69,6,2,7.4375,0.0625,0.6875,4.25,5.75,0.4375,1.3125,1.6875,0.105625,0.375,0.125,6,6,6,6,6,6,6,6,6,6,6,0,0,0,0,0,0,0,0,0,0,0
Maninder Singh,Maninder Singh,Maninder Singh,Maninder Singh,Maninder Singh,Maninder Singh,Maninder Singh,Maninder Singh,Maninder Singh,Maninder Singh,,16,16,16,16,16,16,16,16,16,16,,Raider,Raider,Raider,Raider,Raider,Raider,Raider,Raider,Raider,Raider,,,,,,,,,,,,,JAI,JAI,JAI,JAI,JAI,JAI,JAI,JAI,JAI,JAI,,Jaipur Pink Panthers,Jaipur Pink Panthers,Jaipur Pink Panthers,Jaipur Pink Panthers,Jaipur Pink Panthers,Jaipur Pink Panthers,Jaipur Pink Panthers,Jaipur Pink Panthers,Jaipur Pink Panthers,Jaipur Pink Panthers,,3,4,1,3,3,7,49,50,65,32,,137,5,22,103,130,3,6,7,0.44,1,,8.5625,0.3125,1.375,6.4375,8.125,0.1875,0.375,0.4375,0.0275,0.0625,,3,3,3,3,3,3,3,3,3,3,,8,8,8,8,8,8,8,8,8,8,
Gokul Shitole,,,,,,Gokul Shitole,Gokul Shitole,Gokul Shitole,,,3,,,,,,3,3,3,,,Defender,,,,,,Defender,Defender,Defender,,,,,,,,,,,,,,JAI,,,,,,JAI,JAI,JAI,,,Jaipur Pink Panthers,,,,,,Jaipur Pink Panthers,Jaipur Pink Panthers,Jaipur Pink Panthers,,,90,,,,,,69,69,51,,,2,,,,,,2,2,0.67,,,0.6666666666666666,,,,,,0.6666666666666666,0.6666666666666666,0.2233333333333333,,,3,,,,,,3,3,3,,,9,,,,,,9,9,9,,
Md. Aruduzzaman Munshi,,,Md. Aruduzzaman Munshi,Md. Aruduzzaman Munshi,,,,,,,5,,,5,5,,,,,,,Raider,,,Raider,Raider,,,,,,,,,,,,,,,,,,MUM,,,MUM,MUM,,,,,,,U Mumba,,,U Mumba,U Mumba,,,,,,,91,,,56,59,,,,,,,2,,,2,2,,,,,,,0.4,,,0.4,0.4,,,,,,,5,,,5,5,,,,,,,8,,,8,8,,,,,,
Surender Nada,,Surender Nada,Surender Nada,Surender Nada,,Surender Nada,Surender Nada,Surender Nada,Surender Nada,Surender Nada,15,,15,15,15,,15,15,15,15,15,Defender,,Defender,Defender,Defender,,Defender,Defender,Defender,Defender,Defender,,,,,,,,,,,,MUM,,MUM,MUM,MUM,,MUM,MUM,MUM,MUM,MUM,U Mumba,,U Mumba,U Mumba,U Mumba,,U Mumba,U Mumba,U Mumba,U Mumba,U Mumba,19,,37,35,38,,2,2,1,6,1,61,,1,8,10,,47,51,3.4,4,5,4.066666666666666,,0.066666667,0.5333333333333333,0.6666666666666666,,3.1333333333333333,3.4,0.2266666666666666,0.2666666666666666,0.3333333333333333,5,,5,5,5,,5,5,5,5,5,9,,9,9,9,,9,9,9,9,9
Prashant Chavan,,,Prashant Chavan,Prashant Chavan,,Prashant Chavan,Prashant Chavan,Prashant Chavan,Prashant Chavan,Prashant Chavan,15,,,15,15,,15,15,15,15,15,Defender,,,Defender,Defender,,Defender,Defender,Defender,Defender,Defender,,,,,,,,,,,,JAI,,,JAI,JAI,,JAI,JAI,JAI,JAI,JAI,Jaipur Pink Panthers,,,Jaipur Pink Panthers,Jaipur Pink Panthers,,Jaipur Pink Panthers,Jaipur Pink Panthers,Jaipur Pink Panthers,Jaipur Pink Panthers,Jaipur Pink Panthers,35,,,66,71,,8,7,11,7,12,33,,,1,1,,28,32,2.13,4,2,2.2,,,0.066666667,0.066666667,,1.8666666666666667,2.1333333333333333,0.142,0.2666666666666666,0.1333333333333333,3,,,3,3,,3,3,3,3,3,9,,,9,9,,9,9,9,9,9
Sunil Subhash Lande,,,,,,Sunil Subhash Lande,Sunil Subhash Lande,Sunil Subhash Lande,,,4,,,,,,4,4,4,,,Defender,,,,,,Defender,Defender,Defender,,,,,,,,,,,,,,PUN,,,,,,PUN,PUN,PUN,,,Puneri Paltan,,,,,,Puneri Paltan,Puneri Paltan,Puneri Paltan,,,96,,,,,,83,83,76,,,1,,,,,,1,1,0.25,,,0.25,,,,,,0.25,0.25,0.0625,,,7,,,,,,7,7,7,,,9,,,,,,9,9,9,,
Parmod Narwal,,Parmod Narwal,Parmod Narwal,Parmod Narwal,,Parmod Narwal,Parmod Narwal,Parmod Narwal,Parmod Narwal,,16,,16,16,16,,16,16,16,16,,All Rounder,,All Rounder,All Rounder,All Rounder,,All Rounder,All Rounder,All Rounder,All Rounder,,,,,,,,,,,,,BLR,,BLR,BLR,BLR,,BLR,BLR,BLR,BLR,,Bengaluru Bulls,,Bengaluru Bulls,Bengaluru Bulls,Bengaluru Bulls,,Bengaluru Bulls,Bengaluru Bulls,Bengaluru Bulls,Bengaluru Bulls,,32,,38,34,35,,18,19,26,9,,36,,1,10,13,,20,23,1.44,3,,2.25,,0.0625,0.625,0.8125,,1.25,1.4375,0.09,0.1875,,1,,1,1,1,,1,1,1,1,,0,,0,0,0,,0,0,0,0,
Vikas Tomar,,,,,,Vikas Tomar,Vikas Tomar,Vikas Tomar,Vikas Tomar,,8,,,,,,8,8,8,8,,Defender,,,,,,Defender,Defender,Defender,Defender,,,,,,,,,,,,,PUN,,,,,,PUN,PUN,PUN,PUN,,Puneri Paltan,,,,,,Puneri Paltan,Puneri Paltan,Puneri Paltan,Puneri Paltan,,80,,,,,,55,55,55,28,,5,,,,,,4,5,0.63,1,,0.625,,,,,,0.5,0.625,0.07875,0.125,,7,,,,,,7,7,7,7,,9,,,,,,9,9,9,9,
D. Gopu,,,D. Gopu,D. Gopu,,D. Gopu,D. Gopu,D. Gopu,D. Gopu,,15,,,15,15,,15,15,15,15,,Defender,,,Defender,Defender,,Defender,Defender,Defender,Defender,,,,,,,,,,,,,HYD,,,HYD,HYD,,HYD,HYD,HYD,HYD,,Telugu Titans,,,Telugu Titans,Telugu Titans,,Telugu Titans,Telugu Titans,Telugu Titans,Telugu Titans,,46,,,53,57,,19,18,25,10,,26,,,3,3,,20,23,1.53,3,,1.7333333333333334,,,0.2,0.2,,1.3333333333333333,1.5333333333333334,0.102,0.2,,8,,,8,8,,8,8,8,8,,9,,,9,9,,9,9,9,9,
Gurchet Singh,,,Gurchet Singh,Gurchet Singh,,Gurchet Singh,Gurchet Singh,Gurchet Singh,,,4,,,4,4,,4,4,4,,,,,,,,,,,,,,,,,,,,,,,,,BLR,,,BLR,BLR,,BLR,BLR,BLR,,,Bengaluru Bulls,,,Bengaluru Bulls,Bengaluru Bulls,,Bengaluru Bulls,Bengaluru Bulls,Bengaluru Bulls,,,83,,,70,70,,62,63,49,,,4,,,1,1,,3,3,0.75,,,1,,,0.25,0.25,,0.75,0.75,0.1875,,,1,,,1,1,,1,1,1,,,0,,,0,0,,0,0,0,,
Prashanth Kumar Rai,,,Prashanth Kumar Rai,Prashanth Kumar Rai,,,,,,,7,,,7,7,,,,,,,Raider,,,Raider,Raider,,,,,,,,,,,,,,,,,,HYD,,,HYD,HYD,,,,,,,Telugu Titans,,,Telugu Titans,Telugu Titans,,,,,,,81,,,45,49,,,,,,,5,,,5,5,,,,,,,0.7142857142857143,,,0.7142857142857143,0.7142857142857143,,,,,,,8,,,8,8,,,,,,,8,,,8,8,,,,,,
Pawan Kumar Kadian,Pawan Kumar Kadian,Pawan Kumar Kadian,Pawan Kumar Kadian,Pawan Kumar Kadian,,Pawan Kumar Kadian,Pawan Kumar Kadian,Pawan Kumar Kadian,,,10,10,10,10,10,,10,10,10,,,Raider,Raider,Raider,Raider,Raider,,Raider,Raider,Raider,,,,,,,,,,,,,,MUM,MUM,MUM,MUM,MUM,,MUM,MUM,MUM,,,U Mumba,U Mumba,U Mumba,U Mumba,U Mumba,,U Mumba,U Mumba,U Mumba,,,28,18,24,22,21,,82,82,84,,,44,1,6,32,43,,1,1,0.1,,,4.4,0.1,0.6,3.2,4.3,,0.1,0.1,0.01,,,5,5,5,5,5,,5,5,5,,,8,8,8,8,8,,8,8,8,,
Ravinder Pahal,,,,,,Ravinder Pahal,Ravinder Pahal,Ravinder Pahal,,Ravinder Pahal,9,,,,,,9,9,9,,9,Defender,,,,,,Defender,Defender,Defender,,Defender,,,,,,,,,,,,DEL,,,,,,DEL,DEL,DEL,,DEL,Dabang Delhi K.C.,,,,,,Dabang Delhi K.C.,Dabang Delhi K.C.,Dabang Delhi K.C.,,Dabang Delhi K.C.,39,,,,,,7,8,2,,3,29,,,,,,29,29,3.22,,3,3.2222222222222223,,,,,,3.2222222222222223,3.2222222222222223,0.3577777777777778,,0.3333333333333333,2,,,,,,2,2,2,,2,9,,,,,,9,9,9,,9
Rakesh Singh Kumar,,,Rakesh Singh Kumar,Rakesh Singh Kumar,,Rakesh Singh Kumar,Rakesh Singh Kumar,Rakesh Singh Kumar,,,9,,,9,9,,9,9,9,,,Defender,,,Defender,Defender,,Defender,Defender,Defender,,,,,,,,,,,,,,DEL,,,DEL,DEL,,DEL,DEL,DEL,,,Dabang Delhi K.C.,,,Dabang Delhi K.C.,Dabang Delhi K.C.,,Dabang Delhi K.C.,Dabang Delhi K.C.,Dabang Delhi K.C.,,,82,,,69,68,,63,64,72,,,4,,,1,1,,3,3,0.33,,,0.4444444444444444,,,0.1111111111111111,0.1111111111111111,,0.3333333333333333,0.3333333333333333,0.036666667,,,2,,,2,2,,2,2,2,,,9,,,9,9,,9,9,9,,
Samarjeet Singh,,,,Samarjeet Singh,,Samarjeet Singh,Samarjeet Singh,Samarjeet Singh,Samarjeet Singh,,12,,,,12,,12,12,12,12,,All Rounder,,,,All Rounder,,All Rounder,All Rounder,All Rounder,All Rounder,,,,,,,,,,,,,JAI,,,,JAI,,JAI,JAI,JAI,JAI,,Jaipur Pink Panthers,,,,Jaipur Pink Panthers,,Jaipur Pink Panthers,Jaipur Pink Panthers,Jaipur Pink Panthers,Jaipur Pink Panthers,,63,,,,69,,37,37,45,27,,12,,,,1,,10,11,0.92,1,,1,,,,0.083333333,,0.8333333333333334,0.9166666666666666,0.076666667,0.083333333,,3,,,,3,,3,3,3,3,,0,,,,0,,0,0,0,0,
Ran Singh,,Ran Singh,Ran Singh,Ran Singh,Ran Singh,Ran Singh,Ran Singh,Ran Singh,Ran Singh,Ran Singh,10,,10,10,10,10,10,10,10,10,10,All Rounder,,All Rounder,All Rounder,All Rounder,All Rounder,All Rounder,All Rounder,All Rounder,All Rounder,All Rounder,,,,,,,,,,,,JAI,,JAI,JAI,JAI,JAI,JAI,JAI,JAI,JAI,JAI,Jaipur Pink Panthers,,Jaipur Pink Panthers,Jaipur Pink Panthers,Jaipur Pink Panthers,Jaipur Pink Panthers,Jaipur Pink Panthers,Jaipur Pink Panthers,Jaipur Pink Panthers,Jaipur Pink Panthers,Jaipur Pink Panthers,33,,34,46,37,24,15,16,6,22,16,36,,2,5,11,1,23,25,2.5,2,1,3.6,,0.2,0.5,1.1,0.1,2.3,2.5,0.25,0.2,0.1,3,,3,3,3,3,3,3,3,3,3,0,,0,0,0,0,0,0,0,0,0
Girish Maruti Ernak,,,Girish Maruti Ernak,Girish Maruti Ernak,,Girish Maruti Ernak,Girish Maruti Ernak,Girish Maruti Ernak,Girish Maruti Ernak,Girish Maruti Ernak,12,,,12,12,,12,12,12,12,12,Defender,,,Defender,Defender,,Defender,Defender,Defender,Defender,Defender,,,,,,,,,,,,PAT,,,PAT,PAT,,PAT,PAT,PAT,PAT,PAT,Patna Pirates,,,Patna Pirates,Patna Pirates,,Patna Pirates,Patna Pirates,Patna Pirates,Patna Pirates,Patna Pirates,47,,,55,58,,16,17,15,26,17,25,,,2,2,,22,23,1.92,1,1,2.0833333333333335,,,0.1666666666666666,0.1666666666666666,,1.8333333333333333,1.9166666666666667,0.16,0.083333333,0.083333333,6,,,6,6,,6,6,6,6,6,9,,,9,9,,9,9,9,9,9
D. Suresh Kumar,,,,,,D. Suresh Kumar,D. Suresh Kumar,D. Suresh Kumar,D. Suresh Kumar,D. Suresh Kumar,12,,,,,,12,12,12,12,12,Defender,,,,,,Defender,Defender,Defender,Defender,Defender,,,,,,,,,,,,PAT,,,,,,PAT,PAT,PAT,PAT,PAT,Patna Pirates,,,,,,Patna Pirates,Patna Pirates,Patna Pirates,Patna Pirates,Patna Pirates,40,,,,,,14,11,9,8,2,28,,,,,,24,28,2.33,4,4,2.3333333333333335,,,,,,2,2.3333333333333335,0.1941666666666666,0.3333333333333333,0.3333333333333333,6,,,,,,6,6,6,6,6,9,,,,,,9,9,9,9,9
Mahendra Ganesh Rajput,,Mahendra Ganesh Rajput,Mahendra Ganesh Rajput,Mahendra Ganesh Rajput,,,,,,,8,,8,8,8,,,,,,,Raider,,Raider,Raider,Raider,,,,,,,,,,,,,,,,,,KOL,,KOL,KOL,KOL,,,,,,,Bengal Warriors,,Bengal Warriors,Bengal Warriors,Bengal Warriors,,,,,,,48,,35,27,29,,,,,,,21,,2,17,21,,,,,,,2.625,,0.25,2.125,2.625,,,,,,,4,,4,4,4,,,,,,,8,,8,8,8,,,,,,
Bajirao Hodage,,,,,,Bajirao Hodage,Bajirao Hodage,Bajirao Hodage,Bajirao Hodage,,6,,,,,,6,6,6,6,,Defender,,,,,,Defender,Defender,Defender,Defender,,,,,,,,,,,,,KOL,,,,,,KOL,KOL,KOL,KOL,,Bengal Warriors,,,,,,Bengal Warriors,Bengal Warriors,Bengal Warriors,Bengal Warriors,,64,,,,,,39,38,16,23,,11,,,,,,9,11,1.83,2,,1.8333333333333333,,,,,,1.5,1.8333333333333333,0.305,0.3333333333333333,,4,,,,,,4,4,4,4,,9,,,,,,9,9,9,9,
Sachin Shingade,,,,,,Sachin Shingade,Sachin Shingade,Sachin Shingade,Sachin Shingade,Sachin Shingade,10,,,,,,10,10,10,10,10,Defender,,,,,,Defender,Defender,Defender,Defender,Defender,,,,,,,,,,,,HYD,,,,,,HYD,HYD,HYD,HYD,HYD,Telugu Titans,,,,,,Telugu Titans,Telugu Titans,Telugu Titans,Telugu Titans,Telugu Titans,52,,,,,,22,24,14,24,15,20,,,,,,19,20,2,1,1,2,,,,,,1.9,2,0.2,0.1,0.1,8,,,,,,8,8,8,8,8,9,,,,,,9,9,9,9,9
Vijendar Singh,,,,,,Vijendar Singh,Vijendar Singh,Vijendar Singh,Vijendar Singh,Vijendar Singh,8,,,,,,8,8,8,8,8,,,,,,,,,,,,,,,,,,,,,,,HYD,,,,,,HYD,HYD,HYD,HYD,HYD,Telugu Titans,,,,,,Telugu Titans,Telugu Titans,Telugu Titans,Telugu Titans,Telugu Titans,53,,,,,,23,25,7,25,14,20,,,,,,19,20,2.5,1,2,2.5,,,,,,2.375,2.5,0.3125,0.125,0.25,8,,,,,,8,8,8,8,8,0,,,,,,0,0,0,0,0
Preetam Chhillar,,,Preetam Chhillar,Preetam Chhillar,,Preetam Chhillar,Preetam Chhillar,Preetam Chhillar,,,11,,,11,11,,11,11,11,,,All Rounder,,,All Rounder,All Rounder,,All Rounder,All Rounder,All Rounder,,,,,,,,,,,,,,BLR,,,BLR,BLR,,BLR,BLR,BLR,,,Bengaluru Bulls,,,Bengaluru Bulls,Bengaluru Bulls,,Bengaluru Bulls,Bengaluru Bulls,Bengaluru Bulls,,,62,,,54,48,,45,45,52,,,12,,,3,5,,7,7,0.64,,,1.0909090909090908,,,0.2727272727272727,0.4545454545454545,,0.6363636363636364,0.6363636363636364,0.058181818,,,1,,,1,1,,1,1,1,,,0,,,0,0,,0,0,0,,
Mangesh Bhagat,,Mangesh Bhagat,Mangesh Bhagat,Mangesh Bhagat,,Mangesh Bhagat,Mangesh Bhagat,Mangesh Bhagat,,,8,,8,8,8,,8,8,8,,,Raider,,Raider,Raider,Raider,,Raider,Raider,Raider,,,,,,,,,,,,,,PUN,,PUN,PUN,PUN,,PUN,PUN,PUN,,,Puneri Paltan,,Puneri Paltan,Puneri Paltan,Puneri Paltan,,Puneri Paltan,Puneri Paltan,Puneri Paltan,,,41,,25,26,26,,75,77,83,,,28,,6,19,27,,1,1,0.13,,,3.5,,0.75,2.375,3.375,,0.125,0.125,0.01625,,,7,,7,7,7,,7,7,7,,,8,,8,8,8,,8,8,8,,
Sagar Khatale,,,,,,Sagar Khatale,Sagar Khatale,Sagar Khatale,,,8,,,,,,8,8,8,,,Defender,,,,,,Defender,Defender,Defender,,,,,,,,,,,,,,PUN,,,,,,PUN,PUN,PUN,,,Puneri Paltan,,,,,,Puneri Paltan,Puneri Paltan,Puneri Paltan,,,65,,,,,,38,39,36,,,10,,,,,,10,10,1.25,,,1.25,,,,,,1.25,1.25,0.15625,,,7,,,,,,7,7,7,,,9,,,,,,9,9,9,,
Swapnil Dilip Shinde,,,,,,Swapnil Dilip Shinde,Swapnil Dilip Shinde,Swapnil Dilip Shinde,,,8,,,,,,8,8,8,,,Defender,,,,,,Defender,Defender,Defender,,,,,,,,,,,,,,PUN,,,,,,PUN,PUN,PUN,,,Puneri Paltan,,,,,,Puneri Paltan,Puneri Paltan,Puneri Paltan,,,68,,,,,,44,44,42,,,8,,,,,,8,8,1,,,1,,,,,,1,1,0.125,,,7,,,,,,7,7,7,,,9,,,,,,9,9,9,,
Suresu Kumar,,Suresu Kumar,Suresu Kumar,Suresu Kumar,,,,,,,3,,3,3,3,,,,,,,Raider,,Raider,Raider,Raider,,,,,,,,,,,,,,,,,,MUM,,MUM,MUM,MUM,,,,,,,U Mumba,,U Mumba,U Mumba,U Mumba,,,,,,,69,,36,41,44,,,,,,,6,,1,6,6,,,,,,,2,,0.3333333333333333,2,2,,,,,,,5,,5,5,5,,,,,,,8,,8,8,8,,,,,,
Deepak Kumar Dahiya,,Deepak Kumar Dahiya,Deepak Kumar Dahiya,Deepak Kumar Dahiya,,Deepak Kumar Dahiya,Deepak Kumar Dahiya,Deepak Kumar Dahiya,,,7,,7,7,7,,7,7,7,,,Raider,,Raider,Raider,Raider,,Raider,Raider,Raider,,,,,,,,,,,,,,BLR,,BLR,BLR,BLR,,BLR,BLR,BLR,,,Bengaluru Bulls,,Bengaluru Bulls,Bengaluru Bulls,Bengaluru Bulls,,Bengaluru Bulls,Bengaluru Bulls,Bengaluru Bulls,,,49,,16,29,31,,74,76,75,,,21,,9,15,19,,2,2,0.29,,,3,,1.2857142857142858,2.142857142857143,2.7142857142857144,,0.2857142857142857,0.2857142857142857,0.041428571,,,1,,1,1,1,,1,1,1,,,8,,8,8,8,,8,8,8,,